gender,age,attendance,study_hours,sleep_hours,social_media_hours,physical_activity,mental_health,internet_quality,motivation_level,parental_education,family_income,part_time_job,previous_scores,exam_score
Male,20.0,84.0,23.0,7.0,2.5,3,5.0,Good,Low,High School,Low,No,73.0,67.0
Female,20.0,64.0,19.0,8.0,2.5,4,5.0,Good,Low,College,Medium,No,59.0,61.0
Male,20.0,98.0,24.0,7.0,2.5,4,5.0,Good,Medium,Postgraduate,Medium,No,91.0,74.0
Male,20.0,89.0,29.0,8.0,2.5,4,5.0,Good,Medium,High School,Medium,No,98.0,71.0
Female,20.0,92.0,19.0,6.0,2.5,4,5.0,Good,Medium,College,Medium,No,65.0,70.0
Male,20.0,88.0,19.0,8.0,2.5,3,5.0,Good,Medium,Postgraduate,Medium,No,89.0,71.0
Male,20.0,84.0,29.0,7.0,2.5,2,5.0,Good,Low,High School,Low,No,68.0,67.0
Male,20.0,78.0,25.0,6.0,2.5,2,5.0,Good,Medium,High School,High,No,50.0,66.0
Male,20.0,94.0,17.0,6.0,2.5,1,5.0,Good,High,College,Medium,No,80.0,69.0
Male,20.0,98.0,23.0,8.0,2.5,5,5.0,Good,Medium,High School,High,No,71.0,72.0
Male,20.0,80.0,17.0,8.0,2.5,4,5.0,Good,Medium,College,Medium,No,88.0,68.0
Male,20.0,97.0,17.0,6.0,2.5,2,5.0,Good,Low,High School,Low,No,87.0,71.0
Male,20.0,83.0,21.0,8.0,2.5,4,5.0,Good,Low,High School,Medium,No,97.0,70.0
Male,20.0,82.0,9.0,8.0,2.5,3,5.0,Good,Medium,Postgraduate,Medium,No,72.0,66.0
Male,20.0,78.0,10.0,8.0,2.5,4,5.0,Good,Medium,Postgraduate,Low,No,74.0,65.0
Female,20.0,68.0,17.0,8.0,2.5,4,5.0,Good,Medium,High School,Medium,No,70.0,64.0
Male,20.0,60.0,14.0,10.0,2.5,3,5.0,Good,Low,College,High,No,65.0,60.0
Female,20.0,70.0,22.0,6.0,2.5,3,5.0,Good,Medium,High School,Low,No,82.0,65.0
Female,20.0,80.0,15.0,9.0,2.5,2,5.0,Good,Low,College,Low,No,91.0,67.0
Male,20.0,75.0,12.0,7.0,2.5,4,5.0,Good,Medium,College,Medium,No,58.0,66.0
Female,20.0,78.0,29.0,5.0,2.5,1,5.0,Good,High,High School,High,No,99.0,69.0
Male,20.0,99.0,19.0,6.0,2.5,3,5.0,Good,Medium,High School,Medium,No,84.0,72.0
Female,20.0,74.0,20.0,8.0,2.5,2,5.0,Good,Low,College,Medium,No,89.0,66.0
Male,20.0,78.0,11.0,8.0,2.5,3,5.0,Good,High,High School,Low,No,100.0,66.0
Female,20.0,65.0,17.0,5.0,2.5,3,5.0,Good,Medium,High School,Low,No,75.0,63.0
Male,20.0,62.0,21.0,6.0,2.5,3,5.0,Good,High,Postgraduate,High,No,54.0,64.0
Female,20.0,91.0,13.0,6.0,2.5,2,5.0,Good,Medium,High School,High,No,90.0,65.0
Male,20.0,83.0,22.0,6.0,2.5,2,5.0,Good,Medium,College,High,No,94.0,71.0
Female,20.0,90.0,16.0,4.0,2.5,3,5.0,Good,Medium,High School,Low,No,58.0,66.0
Male,20.0,66.0,18.0,4.0,2.5,2,5.0,Good,Low,College,Low,No,51.0,64.0
Female,20.0,83.0,16.0,6.0,2.5,4,5.0,Good,Medium,High School,High,No,57.0,63.0
Male,20.0,70.0,31.0,7.0,2.5,3,5.0,Good,Medium,College,High,No,66.0,69.0
Male,20.0,69.0,20.0,8.0,2.5,3,5.0,Good,Medium,High School,Medium,No,96.0,67.0
Female,20.0,60.0,14.0,5.0,2.5,3,5.0,Good,Medium,College,Medium,No,50.0,61.0
Female,20.0,65.0,25.0,5.0,2.5,3,5.0,Good,Medium,College,Medium,No,90.0,68.0
Male,20.0,72.0,13.0,6.0,2.5,3,5.0,Good,Low,High School,Low,No,93.0,61.0
Female,20.0,65.0,21.0,7.0,2.5,3,5.0,Good,Low,High School,Medium,No,91.0,64.0
Female,20.0,99.0,8.0,9.0,2.5,5,5.0,Good,Low,Postgraduate,Low,No,54.0,67.0
Female,20.0,72.0,12.0,8.0,2.5,5,5.0,Good,Medium,High School,Low,No,84.0,63.0
Male,20.0,65.0,21.0,6.0,2.5,4,5.0,Good,Low,High School,Medium,No,98.0,64.0
Male,20.0,68.0,24.0,8.0,2.5,1,5.0,Good,Low,College,High,No,56.0,67.0
Female,20.0,84.0,21.0,6.0,2.5,2,5.0,Good,Low,College,Medium,No,52.0,65.0
Male,20.0,63.0,19.0,7.0,2.5,3,5.0,Good,Medium,High School,Medium,No,94.0,64.0
Male,20.0,94.0,18.0,7.0,2.5,2,5.0,Good,Medium,College,Medium,No,82.0,70.0
Male,20.0,98.0,11.0,9.0,2.5,3,5.0,Good,Low,Postgraduate,Medium,No,82.0,68.0
Male,20.0,70.0,16.0,8.0,2.5,3,5.0,Good,Medium,High School,Medium,No,98.0,65.0
Female,20.0,78.0,17.0,6.0,2.5,3,5.0,Good,Medium,College,Medium,No,88.0,68.0
Female,20.0,61.0,26.0,6.0,2.5,3,5.0,Good,Medium,High School,Low,No,70.0,64.0
Male,20.0,86.0,22.0,7.0,2.5,2,5.0,Good,Low,High School,Low,No,72.0,68.0
Male,20.0,77.0,9.0,5.0,2.5,3,5.0,Good,Medium,High School,Medium,No,57.0,63.0
Male,20.0,71.0,22.0,7.0,2.5,4,5.0,Good,Low,College,Medium,No,65.0,64.0
Male,20.0,68.0,18.0,7.0,2.5,3,5.0,Good,Medium,College,Medium,No,72.0,64.0
Male,20.0,86.0,16.0,8.0,2.5,4,5.0,Good,Medium,High School,Medium,No,63.0,67.0
Female,20.0,77.0,24.0,8.0,2.5,3,5.0,Good,Medium,High School,Medium,No,96.0,67.0
Female,20.0,67.0,26.0,7.0,2.5,4,5.0,Good,Low,Postgraduate,High,No,51.0,66.0
Male,20.0,88.0,26.0,5.0,2.5,4,5.0,Good,Medium,College,Low,No,79.0,72.0
Female,20.0,83.0,15.0,5.0,2.5,2,5.0,Good,Low,High School,Medium,No,89.0,65.0
Male,20.0,94.0,18.0,6.0,2.5,4,5.0,Good,High,High School,Medium,No,87.0,71.0
Female,20.0,65.0,22.0,8.0,2.5,1,5.0,Good,Medium,Postgraduate,Medium,No,82.0,66.0
Male,20.0,91.0,26.0,8.0,2.5,3,5.0,Good,Medium,High School,Low,No,71.0,68.0
Female,20.0,87.0,17.0,7.0,2.5,5,5.0,Good,Medium,Postgraduate,High,No,96.0,70.0
Male,20.0,65.0,19.0,10.0,2.5,3,5.0,Good,Low,High School,Low,No,66.0,62.0
Male,20.0,88.0,13.0,9.0,2.5,4,5.0,Good,High,Postgraduate,Low,No,88.0,68.0
Male,20.0,78.0,13.0,9.0,2.5,3,5.0,Good,High,College,Low,No,96.0,67.0
Male,20.0,98.0,25.0,8.0,2.5,3,5.0,Good,Medium,Postgraduate,Medium,No,56.0,71.0
Male,20.0,66.0,28.0,8.0,2.5,2,5.0,Good,Medium,High School,Medium,No,97.0,68.0
Male,20.0,86.0,20.0,8.0,2.5,3,5.0,Good,Medium,Postgraduate,Low,No,89.0,69.0
Male,20.0,75.0,26.0,4.0,2.5,2,5.0,Good,High,High School,Medium,No,81.0,70.0
Female,20.0,98.0,22.0,5.0,2.5,4,5.0,Good,Low,High School,Low,No,69.0,69.0
Male,20.0,73.0,16.0,7.0,2.5,4,5.0,Good,Medium,College,Low,No,95.0,65.0
Female,20.0,98.0,22.0,7.0,2.5,3,5.0,Good,Medium,College,Medium,No,52.0,70.0
Male,20.0,96.0,29.0,7.0,2.5,3,5.0,Good,Medium,High School,Low,No,72.0,71.0
Female,20.0,71.0,20.0,7.0,2.5,4,5.0,Good,Medium,College,Low,No,88.0,65.0
Female,20.0,92.0,29.0,4.0,2.5,1,5.0,Good,Medium,Postgraduate,Medium,No,91.0,72.0
Male,20.0,100.0,4.0,8.0,2.5,4,5.0,Good,High,College,Medium,No,60.0,69.0
Female,20.0,70.0,25.0,7.0,2.5,3,5.0,Good,Medium,Postgraduate,Medium,No,52.0,66.0
Male,20.0,77.0,21.0,7.0,2.5,3,5.0,Good,Medium,Postgraduate,Medium,No,90.0,68.0
Female,20.0,81.0,18.0,8.0,2.5,3,5.0,Good,Medium,High School,Medium,No,71.0,65.0
Male,20.0,72.0,21.0,5.0,2.5,5,5.0,Good,Medium,College,High,No,57.0,64.0
Male,20.0,61.0,8.0,7.0,2.5,3,5.0,Good,Medium,College,High,No,54.0,60.0
Male,20.0,69.0,19.0,7.0,2.5,2,5.0,Good,High,High School,Low,No,82.0,65.0
Male,20.0,71.0,22.0,6.0,2.5,3,5.0,Good,High,High School,Low,No,79.0,66.0
Male,20.0,78.0,29.0,4.0,2.5,3,5.0,Good,Low,College,Medium,No,93.0,74.0
Female,20.0,67.0,17.0,5.0,2.5,3,5.0,Good,High,High School,Medium,No,52.0,62.0
Male,20.0,95.0,15.0,7.0,2.5,4,5.0,Good,Medium,College,Low,No,93.0,70.0
Male,20.0,88.0,17.0,7.0,2.5,3,5.0,Good,Low,High School,Medium,No,94.0,69.0
Male,20.0,63.0,25.0,7.0,2.5,4,5.0,Good,Medium,College,Medium,No,72.0,67.0
Male,20.0,86.0,22.0,6.0,2.5,0,5.0,Good,Medium,High School,Medium,No,54.0,64.0
Male,20.0,86.0,17.0,5.0,2.5,3,5.0,Good,High,College,High,No,97.0,71.0
Female,20.0,98.0,23.0,7.0,2.5,3,5.0,Good,Low,College,Medium,No,54.0,68.0
Male,20.0,60.0,21.0,7.0,2.5,4,5.0,Good,Medium,College,Medium,No,80.0,64.0
Female,20.0,70.0,26.0,8.0,2.5,4,5.0,Good,Medium,High School,Medium,No,75.0,63.0
Male,20.0,97.0,16.0,6.0,2.5,4,5.0,Good,Low,College,High,No,92.0,71.0
Male,20.0,97.0,18.0,4.0,2.5,3,5.0,Good,Low,High School,Low,No,75.0,69.0
Female,20.0,89.0,18.0,4.0,2.5,2,5.0,Good,Medium,College,High,No,73.0,100.0
Male,20.0,91.0,11.0,6.0,2.5,3,5.0,Good,Medium,College,Medium,No,94.0,68.0
Male,20.0,64.0,22.0,7.0,2.5,3,5.0,Good,Low,High School,Medium,No,98.0,62.0
Female,20.0,81.0,22.0,7.0,2.5,3,5.0,Good,Low,Postgraduate,Medium,No,77.0,68.0
Male,20.0,69.0,20.0,6.0,2.5,3,5.0,Good,Medium,High School,Low,No,73.0,66.0
Male,20.0,67.0,19.0,5.0,2.5,3,5.0,Good,High,College,Medium,No,92.0,64.0
Male,20.0,92.0,12.0,4.0,2.5,3,5.0,Good,High,High School,Medium,No,92.0,67.0
Female,20.0,65.0,17.0,8.0,2.5,4,5.0,Good,Medium,Postgraduate,High,No,66.0,65.0
Male,20.0,79.0,18.0,7.0,2.5,3,5.0,Good,Medium,College,Low,No,79.0,65.0
Male,20.0,98.0,15.0,6.0,2.5,3,5.0,Good,High,College,Low,No,58.0,69.0
Male,20.0,67.0,19.0,5.0,2.5,3,5.0,Good,High,High School,Low,No,82.0,63.0
Male,20.0,99.0,22.0,6.0,2.5,4,5.0,Good,Low,Postgraduate,Medium,No,92.0,72.0
Male,20.0,100.0,31.0,7.0,2.5,5,5.0,Good,Medium,Postgraduate,High,No,59.0,76.0
Female,20.0,82.0,21.0,7.0,2.5,3,5.0,Good,High,College,Low,No,66.0,69.0
Female,20.0,67.0,22.0,7.0,2.5,2,5.0,Good,High,Postgraduate,Low,No,72.0,67.0
Male,20.0,73.0,20.0,9.0,2.5,3,5.0,Good,Medium,College,Medium,No,92.0,69.0
Male,20.0,77.0,8.0,6.0,2.5,2,5.0,Good,Medium,High School,Low,No,87.0,63.0
Male,20.0,72.0,20.0,9.0,2.5,3,5.0,Good,Medium,Postgraduate,Low,No,66.0,67.0
Male,20.0,71.0,20.0,7.0,2.5,5,5.0,Good,High,College,Medium,No,62.0,66.0
Female,20.0,99.0,35.0,7.0,2.5,2,5.0,Good,Low,Postgraduate,Medium,No,85.0,79.0
Female,20.0,66.0,19.0,8.0,2.5,3,5.0,Good,Medium,High School,High,No,74.0,64.0
Female,20.0,89.0,22.0,6.0,2.5,3,5.0,Good,Medium,High School,High,No,80.0,73.0
Male,20.0,60.0,20.0,7.0,2.5,4,5.0,Good,High,High School,Low,No,82.0,63.0
Male,20.0,84.0,13.0,5.0,2.5,2,5.0,Good,Medium,High School,Low,No,78.0,65.0
Female,20.0,97.0,27.0,8.0,2.5,5,5.0,Good,Medium,High School,High,No,81.0,73.0
Female,20.0,72.0,25.0,8.0,2.5,4,5.0,Good,Low,College,Low,No,94.0,70.0
Female,20.0,67.0,25.0,9.0,2.5,3,5.0,Good,High,High School,Low,No,93.0,68.0
Male,20.0,86.0,15.0,7.0,2.5,3,5.0,Good,Medium,College,Medium,No,57.0,65.0
Female,20.0,89.0,28.0,9.0,2.5,1,5.0,Good,High,College,Low,No,79.0,71.0
Male,20.0,88.0,12.0,6.0,2.5,2,5.0,Good,Low,College,Medium,No,72.0,64.0
Male,20.0,73.0,24.0,8.0,2.5,3,5.0,Good,Medium,College,High,No,64.0,68.0
Male,20.0,70.0,33.0,6.0,2.5,4,5.0,Good,Low,College,Low,No,82.0,69.0
Female,20.0,98.0,14.0,7.0,2.5,4,5.0,Good,Medium,College,Medium,No,76.0,69.0
Male,20.0,97.0,17.0,8.0,2.5,4,5.0,Good,Medium,High School,Low,No,89.0,69.0
Male,20.0,78.0,21.0,10.0,2.5,2,5.0,Good,Medium,College,High,No,55.0,67.0
Female,20.0,94.0,17.0,8.0,2.5,6,5.0,Good,Low,High School,Medium,No,65.0,68.0
Male,20.0,78.0,11.0,8.0,2.5,3,5.0,Good,Medium,Postgraduate,Low,No,51.0,64.0
Female,20.0,77.0,20.0,6.0,2.5,4,5.0,Good,Low,High School,Low,No,87.0,66.0
Male,20.0,66.0,14.0,7.0,2.5,3,5.0,Good,Medium,High School,Low,No,96.0,63.0
Male,20.0,77.0,23.0,7.0,2.5,2,5.0,Good,Medium,High School,Low,No,79.0,66.0
Female,20.0,81.0,14.0,9.0,2.5,3,5.0,Good,Medium,Postgraduate,Low,No,81.0,66.0
Female,20.0,61.0,29.0,7.0,2.5,3,5.0,Good,Low,College,Low,No,52.0,67.0
Male,20.0,78.0,15.0,9.0,2.5,1,5.0,Good,Low,High School,Low,No,75.0,65.0
Female,20.0,91.0,18.0,5.0,2.5,3,5.0,Good,Medium,High School,Medium,No,76.0,68.0
Male,20.0,87.0,25.0,9.0,2.5,2,5.0,Good,High,High School,Low,No,52.0,68.0
Male,20.0,85.0,13.0,6.0,2.5,1,5.0,Good,Medium,High School,High,No,89.0,65.0
Male,20.0,96.0,21.0,8.0,2.5,0,5.0,Good,High,College,Medium,No,64.0,71.0
Male,20.0,61.0,28.0,6.0,2.5,3,5.0,Good,High,Postgraduate,Low,No,86.0,65.0
Female,20.0,82.0,10.0,8.0,2.5,1,5.0,Good,Medium,Postgraduate,Low,No,70.0,64.0
Female,20.0,91.0,21.0,6.0,2.5,2,5.0,Good,Medium,Postgraduate,High,No,100.0,72.0
Female,20.0,82.0,22.0,9.0,2.5,2,5.0,Good,Medium,High School,Low,No,61.0,65.0
Female,20.0,73.0,25.0,8.0,2.5,5,5.0,Good,High,Postgraduate,Low,No,53.0,66.0
Male,20.0,65.0,13.0,6.0,2.5,4,5.0,Good,Medium,High School,Low,No,99.0,61.0
Female,20.0,96.0,12.0,8.0,2.5,3,5.0,Good,Medium,College,Medium,No,62.0,68.0
Female,20.0,79.0,23.0,8.0,2.5,3,5.0,Good,Low,Postgraduate,Medium,No,82.0,69.0
Female,20.0,95.0,22.0,6.0,2.5,3,5.0,Good,Medium,College,Low,No,69.0,72.0
Female,20.0,83.0,22.0,5.0,2.5,3,5.0,Good,Medium,Postgraduate,Low,No,82.0,71.0
Female,20.0,87.0,22.0,5.0,2.5,3,5.0,Good,Low,High School,Low,No,80.0,70.0
Male,20.0,92.0,16.0,5.0,2.5,2,5.0,Good,Low,High School,Low,No,85.0,68.0
Female,20.0,86.0,21.0,5.0,2.5,2,5.0,Good,Medium,High School,Low,No,51.0,67.0
Female,20.0,76.0,22.0,8.0,2.5,4,5.0,Good,Medium,High School,Low,No,92.0,68.0
Female,20.0,81.0,16.0,8.0,2.5,2,5.0,Good,Medium,Postgraduate,Medium,No,74.0,68.0
Male,20.0,92.0,31.0,4.0,2.5,4,5.0,Good,Medium,High School,Medium,No,76.0,72.0
Male,20.0,75.0,23.0,6.0,2.5,2,5.0,Good,Low,College,Medium,No,71.0,65.0
Female,20.0,76.0,13.0,5.0,2.5,4,5.0,Good,Low,High School,Medium,No,99.0,66.0
Male,20.0,64.0,24.0,8.0,2.5,3,5.0,Good,High,High School,Low,No,90.0,65.0
Female,20.0,97.0,14.0,6.0,2.5,3,5.0,Good,Medium,College,Medium,No,66.0,67.0
Male,20.0,64.0,25.0,5.0,2.5,4,5.0,Good,Low,College,Medium,No,89.0,66.0
Male,20.0,86.0,27.0,7.0,2.5,4,5.0,Good,Low,High School,Medium,No,72.0,69.0
Male,20.0,77.0,15.0,8.0,2.5,3,5.0,Good,Low,College,High,No,94.0,66.0
Male,20.0,76.0,26.0,6.0,2.5,3,5.0,Good,Medium,High School,High,No,52.0,69.0
Male,20.0,87.0,22.0,7.0,2.5,2,5.0,Good,Medium,High School,Low,No,68.0,67.0
Male,20.0,63.0,25.0,6.0,2.5,3,5.0,Good,Medium,High School,Medium,No,71.0,66.0
Male,20.0,84.0,31.0,9.0,2.5,3,5.0,Good,Medium,College,Low,No,87.0,71.0
Male,20.0,91.0,19.0,6.0,2.5,4,5.0,Good,Medium,College,Medium,No,59.0,70.0
Male,20.0,93.0,15.0,6.0,2.5,4,5.0,Good,Medium,Postgraduate,Medium,No,64.0,71.0
Male,20.0,67.0,15.0,7.0,2.5,3,5.0,Good,High,Postgraduate,High,No,86.0,66.0
Male,20.0,96.0,15.0,7.0,2.5,2,5.0,Good,High,High School,Medium,No,54.0,67.0
Female,20.0,86.0,20.0,8.0,2.5,4,5.0,Good,Medium,College,Medium,No,60.0,66.0
Male,20.0,95.0,22.0,9.0,2.5,2,5.0,Good,Low,Postgraduate,Low,No,88.0,72.0
Male,20.0,79.0,22.0,9.0,2.5,3,5.0,Good,Medium,High School,Medium,No,94.0,68.0
Female,20.0,82.0,25.0,6.0,2.5,3,5.0,Good,Medium,High School,Low,No,86.0,69.0
Male,20.0,97.0,20.0,7.0,2.5,3,5.0,Good,Low,Postgraduate,Low,No,76.0,71.0
Female,20.0,96.0,29.0,9.0,2.5,2,5.0,Good,Low,Postgraduate,Medium,No,55.0,70.0
Female,20.0,78.0,18.0,9.0,2.5,4,5.0,Good,High,College,High,No,91.0,67.0
Male,20.0,71.0,36.0,6.0,2.5,2,5.0,Good,Medium,High School,High,No,56.0,69.0
Male,20.0,76.0,24.0,8.0,2.5,1,5.0,Good,Low,High School,Medium,No,69.0,65.0
Male,20.0,76.0,15.0,8.0,2.5,4,5.0,Good,Medium,College,Low,No,53.0,65.0
Male,20.0,71.0,14.0,8.0,2.5,4,5.0,Good,Low,High School,Medium,No,85.0,64.0
Male,20.0,71.0,23.0,9.0,2.5,2,5.0,Good,Low,College,Low,No,75.0,63.0
Male,20.0,94.0,19.0,5.0,2.5,2,5.0,Good,Medium,High School,Low,No,95.0,69.0
Female,20.0,63.0,24.0,6.0,2.5,5,5.0,Good,Medium,College,Low,No,57.0,64.0
Male,20.0,87.0,23.0,8.0,2.5,3,5.0,Good,High,High School,High,No,91.0,72.0
Male,20.0,67.0,20.0,7.0,2.5,4,5.0,Good,Medium,High School,Medium,No,76.0,63.0
Female,20.0,74.0,15.0,4.0,2.5,3,5.0,Good,Low,High School,Low,No,68.0,64.0
Male,20.0,62.0,11.0,5.0,2.5,4,5.0,Good,Medium,College,High,No,82.0,64.0
Male,20.0,71.0,17.0,8.0,2.5,1,5.0,Good,Medium,Postgraduate,Medium,No,90.0,67.0
Male,20.0,91.0,25.0,8.0,2.5,0,5.0,Good,Low,Postgraduate,Medium,No,72.0,71.0
Male,20.0,95.0,21.0,5.0,2.5,4,5.0,Good,High,High School,Medium,No,62.0,70.0
Female,20.0,69.0,13.0,9.0,2.5,4,5.0,Good,Low,High School,High,No,96.0,61.0
Male,20.0,79.0,21.0,7.0,2.5,4,5.0,Good,Low,College,Low,No,66.0,67.0
Male,20.0,79.0,22.0,5.0,2.5,3,5.0,Good,Medium,College,High,No,100.0,72.0
Male,20.0,95.0,15.0,6.0,2.5,5,5.0,Good,Low,High School,Low,No,88.0,66.0
Male,20.0,91.0,21.0,5.0,2.5,2,5.0,Good,Medium,High School,High,No,84.0,70.0
Male,20.0,81.0,20.0,6.0,2.5,4,5.0,Good,High,High School,Medium,No,51.0,67.0
Female,20.0,87.0,13.0,4.0,2.5,3,5.0,Good,Medium,High School,Medium,No,72.0,67.0
Female,20.0,94.0,22.0,7.0,2.5,2,5.0,Good,High,College,High,No,75.0,71.0
Male,20.0,60.0,23.0,8.0,2.5,4,5.0,Good,Medium,College,Low,No,69.0,66.0
Male,20.0,76.0,26.0,5.0,2.5,4,5.0,Good,Medium,High School,Medium,No,57.0,68.0
Female,20.0,96.0,26.0,7.0,2.5,3,5.0,Good,Medium,College,High,No,68.0,74.0
Male,20.0,90.0,12.0,6.0,2.5,3,5.0,Good,Medium,High School,High,No,54.0,64.0
Male,20.0,82.0,14.0,8.0,2.5,3,5.0,Good,Medium,College,Low,No,65.0,65.0
Male,20.0,81.0,23.0,4.0,2.5,3,5.0,Good,Medium,College,Low,No,54.0,66.0
Male,20.0,74.0,23.0,8.0,2.5,3,5.0,Good,Low,High School,Medium,No,88.0,66.0
Male,20.0,81.0,23.0,4.0,2.5,5,5.0,Good,Medium,High School,Medium,No,84.0,68.0
Female,20.0,86.0,43.0,7.0,2.5,1,5.0,Good,Medium,High School,Medium,No,97.0,78.0
Female,20.0,77.0,23.0,6.0,2.5,2,5.0,Good,Low,High School,Medium,No,69.0,67.0
Male,20.0,89.0,27.0,6.0,2.5,3,5.0,Good,Medium,High School,Medium,No,89.0,74.0
Male,20.0,94.0,26.0,5.0,2.5,2,5.0,Good,High,Postgraduate,Low,No,79.0,74.0
Female,20.0,66.0,24.0,9.0,2.5,2,5.0,Good,Low,High School,Medium,No,82.0,62.0
Male,20.0,78.0,18.0,5.0,2.5,4,5.0,Good,Medium,High School,Medium,No,77.0,66.0
Female,20.0,76.0,25.0,5.0,2.5,3,5.0,Good,High,High School,Medium,No,89.0,69.0
Male,20.0,87.0,15.0,10.0,2.5,3,5.0,Good,Medium,College,Low,No,52.0,68.0
Male,20.0,70.0,19.0,7.0,2.5,2,5.0,Good,High,High School,Medium,No,54.0,89.0
Male,20.0,86.0,17.0,5.0,2.5,4,5.0,Good,Low,College,High,No,55.0,66.0
Female,20.0,95.0,20.0,7.0,2.5,3,5.0,Good,Low,High School,Medium,No,64.0,68.0
Male,20.0,77.0,34.0,7.0,2.5,3,5.0,Good,Low,High School,Medium,No,80.0,69.0
Male,20.0,96.0,9.0,4.0,2.5,4,5.0,Good,High,College,Low,No,82.0,67.0
Male,20.0,100.0,24.0,6.0,2.5,5,5.0,Good,Low,High School,Medium,No,86.0,75.0
Female,20.0,64.0,10.0,7.0,2.5,4,5.0,Good,High,High School,Medium,No,64.0,60.0
Female,20.0,69.0,17.0,9.0,2.5,4,5.0,Good,Medium,College,Medium,No,83.0,66.0
Female,20.0,98.0,27.0,7.0,2.5,3,5.0,Good,Low,College,High,No,56.0,73.0
Female,20.0,98.0,20.0,7.0,2.5,2,5.0,Good,Low,High School,Medium,No,50.0,68.0
Male,20.0,64.0,14.0,6.0,2.5,3,5.0,Good,Medium,High School,Medium,No,85.0,62.0
Male,20.0,61.0,16.0,9.0,2.5,2,5.0,Good,Low,High School,Low,No,86.0,62.0
Male,20.0,66.0,24.0,8.0,2.5,4,5.0,Good,High,High School,Medium,No,81.0,65.0
Male,20.0,100.0,16.0,8.0,2.5,3,5.0,Good,High,High School,Low,No,63.0,69.0
Female,20.0,67.0,21.0,7.0,2.5,2,5.0,Good,Low,High School,Low,No,96.0,64.0
Female,20.0,80.0,20.0,5.0,2.5,4,5.0,Good,Medium,Postgraduate,Low,No,94.0,67.0
Male,20.0,94.0,16.0,9.0,2.5,2,5.0,Good,Medium,High School,Low,No,76.0,70.0
Female,20.0,61.0,33.0,7.0,2.5,3,5.0,Good,High,College,Medium,No,99.0,70.0
Female,20.0,84.0,24.0,7.0,2.5,3,5.0,Good,Low,High School,Medium,No,65.0,69.0
Male,20.0,71.0,8.0,8.0,2.5,3,5.0,Good,Medium,High School,Medium,No,75.0,61.0
Male,20.0,94.0,21.0,7.0,2.5,2,5.0,Good,Low,Postgraduate,Medium,No,96.0,69.0
Male,20.0,71.0,16.0,5.0,2.5,0,5.0,Good,Medium,High School,Medium,No,73.0,63.0
Male,20.0,87.0,25.0,7.0,2.5,4,5.0,Good,Low,High School,Medium,No,74.0,67.0
Male,20.0,87.0,15.0,4.0,2.5,6,5.0,Good,Medium,High School,Medium,No,54.0,65.0
Male,20.0,69.0,19.0,7.0,2.5,4,5.0,Good,High,High School,High,No,61.0,66.0
Male,20.0,61.0,23.0,9.0,2.5,2,5.0,Good,Medium,High School,Medium,No,58.0,63.0
Female,20.0,76.0,25.0,4.0,2.5,3,5.0,Good,Medium,High School,Medium,No,78.0,68.0
Male,20.0,72.0,13.0,7.0,2.5,4,5.0,Good,Medium,Postgraduate,Low,No,66.0,65.0
Male,20.0,92.0,18.0,8.0,2.5,3,5.0,Good,Medium,High School,Medium,No,54.0,67.0
Female,20.0,92.0,17.0,8.0,2.5,3,5.0,Good,Medium,Postgraduate,Medium,No,75.0,68.0
Male,20.0,78.0,16.0,6.0,2.5,3,5.0,Good,Medium,College,Low,No,83.0,64.0
Male,20.0,84.0,31.0,5.0,2.5,3,5.0,Good,High,College,Medium,No,87.0,71.0
Female,20.0,84.0,22.0,6.0,2.5,5,5.0,Good,Low,High School,Medium,No,92.0,69.0
Male,20.0,93.0,12.0,9.0,2.5,3,5.0,Good,Low,Postgraduate,Medium,No,74.0,67.0
Female,20.0,77.0,26.0,4.0,2.5,3,5.0,Good,Low,College,High,No,70.0,65.0
Male,20.0,71.0,33.0,5.0,2.5,2,5.0,Good,Medium,High School,Medium,No,84.0,68.0
Male,20.0,71.0,26.0,6.0,2.5,3,5.0,Good,Low,Postgraduate,High,No,51.0,67.0
Male,20.0,81.0,11.0,6.0,2.5,4,5.0,Good,High,High School,Medium,No,82.0,67.0
Male,20.0,78.0,17.0,7.0,2.5,3,5.0,Good,Medium,High School,Low,No,70.0,66.0
Female,20.0,78.0,28.0,9.0,2.5,4,5.0,Good,High,College,Medium,No,73.0,70.0
Female,20.0,64.0,16.0,5.0,2.5,4,5.0,Good,Medium,Postgraduate,Medium,No,65.0,65.0
Female,20.0,89.0,23.0,7.0,2.5,4,5.0,Good,Low,Postgraduate,Medium,No,56.0,69.0
Female,20.0,69.0,25.0,7.0,2.5,4,5.0,Good,Low,High School,High,No,70.0,65.0
Male,20.0,68.0,14.0,6.0,2.5,3,5.0,Good,Medium,College,High,No,65.0,63.0
Female,20.0,77.0,20.0,5.0,2.5,2,5.0,Good,Low,Postgraduate,Low,No,98.0,67.0
Female,20.0,69.0,1.0,6.0,2.5,3,5.0,Good,Medium,High School,Low,No,97.0,61.0
Female,20.0,83.0,14.0,6.0,2.5,2,5.0,Good,Medium,High School,Medium,No,82.0,65.0
Female,20.0,75.0,18.0,8.0,2.5,2,5.0,Good,Medium,College,Low,No,95.0,66.0
Male,20.0,78.0,13.0,8.0,2.5,3,5.0,Good,High,College,High,No,88.0,66.0
Male,20.0,81.0,30.0,5.0,2.5,1,5.0,Good,Medium,High School,High,No,67.0,69.0
Female,20.0,68.0,11.0,6.0,2.5,3,5.0,Good,Medium,College,Medium,No,80.0,63.0
Male,20.0,66.0,17.0,6.0,2.5,6,5.0,Good,Medium,Postgraduate,High,No,61.0,65.0
Male,20.0,95.0,21.0,10.0,2.5,4,5.0,Good,Low,High School,High,No,84.0,67.0
Female,20.0,77.0,29.0,7.0,2.5,3,5.0,Good,Medium,High School,High,No,52.0,69.0
Male,20.0,76.0,11.0,5.0,2.5,2,5.0,Good,Medium,Postgraduate,Medium,No,92.0,65.0
Male,20.0,61.0,27.0,6.0,2.5,3,5.0,Good,Medium,High School,Low,No,79.0,65.0
Male,20.0,80.0,20.0,6.0,2.5,2,5.0,Good,Medium,College,Low,No,53.0,65.0
Female,20.0,82.0,14.0,8.0,2.5,5,5.0,Good,Low,College,Low,No,94.0,67.0
Male,20.0,82.0,23.0,8.0,2.5,2,5.0,Good,Medium,High School,Medium,No,94.0,66.0
Female,20.0,88.0,21.0,7.0,2.5,3,5.0,Good,Medium,High School,Low,No,93.0,72.0
Male,20.0,67.0,16.0,7.0,2.5,3,5.0,Good,High,College,Low,No,89.0,66.0
Male,20.0,70.0,20.0,7.0,2.5,4,5.0,Good,Low,College,Medium,No,84.0,65.0
Male,20.0,92.0,18.0,7.0,2.5,3,5.0,Good,Medium,High School,Low,No,70.0,69.0
Female,20.0,98.0,21.0,4.0,2.5,2,5.0,Good,Medium,High School,High,No,57.0,68.0
Male,20.0,65.0,24.0,7.0,2.5,1,5.0,Good,Low,Postgraduate,High,No,64.0,64.0
Female,20.0,80.0,30.0,6.0,2.5,4,5.0,Good,Medium,College,Medium,No,67.0,69.0
Female,20.0,69.0,13.0,5.0,2.5,1,5.0,Good,Low,High School,High,No,68.0,59.0
Female,20.0,62.0,33.0,10.0,2.5,3,5.0,Good,Medium,High School,Medium,No,78.0,68.0
Female,20.0,73.0,8.0,7.0,2.5,3,5.0,Good,Medium,High School,High,No,60.0,60.0
Male,20.0,66.0,19.0,7.0,2.5,3,5.0,Good,Medium,High School,High,No,59.0,62.0
Male,20.0,88.0,24.0,6.0,2.5,3,5.0,Good,Low,College,Low,No,86.0,67.0
Female,20.0,81.0,22.0,8.0,2.5,5,5.0,Good,High,High School,Medium,No,50.0,68.0
Female,20.0,66.0,16.0,5.0,2.5,3,5.0,Good,High,High School,Medium,No,57.0,64.0
Female,20.0,60.0,19.0,7.0,2.5,3,5.0,Good,High,High School,Low,No,72.0,65.0
Female,20.0,92.0,17.0,6.0,2.5,2,5.0,Good,Medium,High School,Medium,No,57.0,65.0
Female,20.0,67.0,16.0,8.0,2.5,3,5.0,Good,Medium,High School,Low,No,98.0,63.0
Male,20.0,84.0,25.0,6.0,2.5,3,5.0,Good,Low,High School,Medium,No,84.0,70.0
Female,20.0,73.0,22.0,9.0,2.5,3,5.0,Good,Low,High School,Medium,No,72.0,66.0
Female,20.0,83.0,16.0,7.0,2.5,3,5.0,Good,Low,High School,High,No,56.0,68.0
Female,20.0,73.0,25.0,8.0,2.5,3,5.0,Good,Medium,High School,Medium,No,69.0,66.0
Male,20.0,63.0,22.0,8.0,2.5,1,5.0,Good,Medium,College,Medium,No,83.0,63.0
Female,20.0,69.0,25.0,9.0,2.5,3,5.0,Good,Medium,College,Low,No,98.0,66.0
Female,20.0,68.0,24.0,6.0,2.5,3,5.0,Good,Medium,High School,Medium,No,74.0,65.0
Male,20.0,77.0,15.0,8.0,2.5,2,5.0,Good,High,Postgraduate,Low,No,85.0,66.0
Female,20.0,86.0,17.0,4.0,2.5,3,5.0,Good,High,College,High,No,60.0,67.0
Male,20.0,71.0,24.0,7.0,2.5,3,5.0,Good,Medium,High School,Low,No,81.0,66.0
Female,20.0,60.0,24.0,6.0,2.5,3,5.0,Good,High,High School,Low,No,62.0,63.0
Male,20.0,81.0,20.0,5.0,2.5,4,5.0,Good,Low,High School,Medium,No,60.0,66.0
Male,20.0,84.0,21.0,6.0,2.5,3,5.0,Good,Low,College,High,No,75.0,67.0
Male,20.0,99.0,28.0,6.0,2.5,3,5.0,Good,Medium,High School,Low,No,61.0,71.0
Female,20.0,84.0,16.0,7.0,2.5,2,5.0,Good,Medium,High School,Low,No,86.0,67.0
Male,20.0,79.0,23.0,6.0,2.5,4,5.0,Good,Medium,High School,High,No,97.0,69.0
Female,20.0,83.0,19.0,7.0,2.5,4,5.0,Good,Medium,Postgraduate,Low,No,70.0,67.0
Female,20.0,97.0,19.0,6.0,2.5,2,5.0,Good,High,College,Medium,No,66.0,72.0
Female,20.0,93.0,27.0,6.0,2.5,4,5.0,Good,High,High School,Low,No,59.0,70.0
Male,20.0,73.0,25.0,7.0,2.5,4,5.0,Good,Low,Postgraduate,Low,No,70.0,67.0
Female,20.0,69.0,25.0,7.0,2.5,3,5.0,Good,Medium,High School,Low,No,78.0,64.0
Female,20.0,71.0,28.0,8.0,2.5,1,5.0,Good,High,College,Medium,No,69.0,67.0
Male,20.0,80.0,20.0,8.0,2.5,4,5.0,Good,Medium,Postgraduate,Medium,No,81.0,69.0
Male,20.0,90.0,24.0,7.0,2.5,3,5.0,Good,Medium,College,Low,No,83.0,68.0
Male,20.0,80.0,18.0,8.0,2.5,3,5.0,Good,Low,High School,Low,No,55.0,63.0
Female,20.0,63.0,22.0,7.0,2.5,3,5.0,Good,Medium,College,High,No,85.0,68.0
Male,20.0,89.0,19.0,7.0,2.5,3,5.0,Good,Medium,High School,Medium,No,95.0,70.0
Male,20.0,92.0,21.0,8.0,2.5,2,5.0,Good,Low,College,Medium,No,51.0,66.0
Female,20.0,72.0,24.0,6.0,2.5,6,5.0,Good,High,High School,Low,No,78.0,68.0
Male,20.0,87.0,15.0,4.0,2.5,3,5.0,Good,High,College,Low,No,80.0,67.0
Female,20.0,77.0,33.0,5.0,2.5,5,5.0,Good,Medium,High School,Low,No,85.0,69.0
Female,20.0,96.0,14.0,9.0,2.5,3,5.0,Good,High,College,Medium,No,69.0,66.0
Male,20.0,94.0,13.0,7.0,2.5,3,5.0,Good,Low,High School,Low,No,91.0,68.0
Female,20.0,81.0,27.0,7.0,2.5,2,5.0,Good,Medium,Postgraduate,Medium,No,77.0,69.0
Male,20.0,88.0,25.0,7.0,2.5,3,5.0,Good,Low,Postgraduate,Medium,No,70.0,70.0
Male,20.0,95.0,24.0,8.0,2.5,3,5.0,Good,High,College,Medium,No,86.0,74.0
Female,20.0,80.0,24.0,7.0,2.5,0,5.0,Good,High,College,Low,No,96.0,70.0
Male,20.0,73.0,20.0,7.0,2.5,2,5.0,Good,Low,Postgraduate,Medium,No,91.0,66.0
Female,20.0,90.0,15.0,8.0,2.5,3,5.0,Good,Medium,College,Low,No,97.0,69.0
Male,20.0,69.0,20.0,6.0,2.5,3,5.0,Good,Low,Postgraduate,Low,No,63.0,64.0
Male,20.0,76.0,16.0,8.0,2.5,1,5.0,Good,Medium,High School,Low,No,56.0,62.0
Female,20.0,95.0,26.0,7.0,2.5,3,5.0,Good,Medium,High School,Medium,No,77.0,70.0
Male,20.0,89.0,19.0,7.0,2.5,4,5.0,Good,Medium,High School,Medium,No,52.0,68.0
Female,20.0,76.0,15.0,6.0,2.5,3,5.0,Good,Low,College,Medium,No,84.0,65.0
Male,20.0,69.0,18.0,7.0,2.5,3,5.0,Good,Low,High School,Medium,No,62.0,65.0
Female,20.0,74.0,22.0,6.0,2.5,4,5.0,Good,Low,Postgraduate,High,No,73.0,71.0
Male,20.0,71.0,17.0,9.0,2.5,5,5.0,Good,Low,High School,Medium,No,83.0,66.0
Male,20.0,67.0,15.0,4.0,2.5,3,5.0,Good,Medium,College,Low,No,74.0,61.0
Male,20.0,90.0,21.0,8.0,2.5,5,5.0,Good,Low,High School,Medium,No,62.0,67.0
Male,20.0,70.0,21.0,4.0,2.5,2,5.0,Good,Medium,College,Low,No,94.0,65.0
Female,20.0,78.0,17.0,8.0,2.5,3,5.0,Good,Medium,High School,Low,No,88.0,65.0
Male,20.0,75.0,17.0,6.0,2.5,5,5.0,Good,Medium,High School,Low,No,80.0,65.0
Male,20.0,99.0,21.0,8.0,2.5,4,5.0,Good,High,High School,Medium,No,85.0,73.0
Male,20.0,76.0,11.0,7.0,2.5,2,5.0,Good,Medium,College,Medium,No,71.0,62.0
Female,20.0,63.0,12.0,5.0,2.5,2,5.0,Good,Low,College,Medium,No,69.0,60.0
Female,20.0,64.0,16.0,9.0,2.5,3,5.0,Good,Low,College,Medium,No,58.0,61.0
Male,20.0,84.0,19.0,8.0,2.5,3,5.0,Good,High,Postgraduate,Low,No,90.0,67.0
Male,20.0,84.0,22.0,8.0,2.5,4,5.0,Good,Medium,College,Medium,No,69.0,70.0
Male,20.0,77.0,29.0,6.0,2.5,1,5.0,Good,Medium,College,Medium,No,85.0,69.0
Female,20.0,77.0,25.0,8.0,2.5,5,5.0,Good,High,College,Medium,No,65.0,66.0
Male,20.0,62.0,19.0,5.0,2.5,3,5.0,Good,Low,College,Low,No,90.0,64.0
Male,20.0,81.0,20.0,4.0,2.5,2,5.0,Good,Medium,Postgraduate,High,No,55.0,68.0
Female,20.0,80.0,14.0,5.0,2.5,4,5.0,Good,Medium,Postgraduate,Low,No,81.0,67.0
Female,20.0,66.0,20.0,6.0,2.5,1,5.0,Good,High,College,Medium,No,90.0,64.0
Male,20.0,64.0,18.0,6.0,2.5,2,5.0,Good,High,College,Low,No,83.0,65.0
Female,20.0,65.0,22.0,6.0,2.5,3,5.0,Good,Medium,Postgraduate,High,No,85.0,66.0
Female,20.0,64.0,15.0,6.0,2.5,4,5.0,Good,High,High School,Medium,No,76.0,63.0
Female,20.0,84.0,23.0,6.0,2.5,2,5.0,Good,Low,High School,Low,No,78.0,68.0
Male,20.0,68.0,29.0,4.0,2.5,4,5.0,Good,Medium,High School,Medium,No,53.0,66.0
Male,20.0,70.0,19.0,7.0,2.5,5,5.0,Good,Low,High School,Low,No,63.0,63.0
Female,20.0,67.0,22.0,7.0,2.5,3,5.0,Good,Low,High School,Low,No,86.0,63.0
Male,20.0,98.0,24.0,6.0,2.5,4,5.0,Good,Medium,College,Medium,No,97.0,74.0
Male,20.0,94.0,18.0,9.0,2.5,2,5.0,Good,Low,College,Medium,No,77.0,70.0
Male,20.0,69.0,21.0,7.0,2.5,3,5.0,Good,Medium,High School,Low,No,86.0,68.0
Female,20.0,73.0,20.0,7.0,2.5,4,5.0,Good,Medium,Postgraduate,Medium,No,84.0,66.0
Male,20.0,68.0,21.0,8.0,2.5,4,5.0,Good,Low,High School,Medium,No,100.0,63.0
Female,20.0,80.0,15.0,5.0,2.5,3,5.0,Good,Medium,College,Low,No,90.0,67.0
Male,20.0,61.0,20.0,7.0,2.5,3,5.0,Good,Medium,High School,Medium,No,81.0,62.0
Male,20.0,87.0,23.0,8.0,2.5,3,5.0,Good,Medium,Postgraduate,Medium,No,56.0,71.0
Male,20.0,81.0,29.0,7.0,2.5,4,5.0,Good,Medium,Postgraduate,Medium,No,68.0,72.0
Male,20.0,96.0,26.0,5.0,2.5,2,5.0,Good,Medium,Postgraduate,High,No,63.0,72.0
Female,20.0,67.0,33.0,6.0,2.5,3,5.0,Good,High,High School,Low,No,93.0,68.0
Female,20.0,92.0,15.0,7.0,2.5,5,5.0,Good,Low,High School,Medium,No,72.0,66.0
Male,20.0,92.0,25.0,4.0,2.5,3,5.0,Good,Medium,High School,Low,No,77.0,70.0
Male,20.0,65.0,21.0,5.0,2.5,4,5.0,Good,High,Postgraduate,Low,No,98.0,66.0
Female,20.0,76.0,33.0,10.0,2.5,3,5.0,Good,Low,Postgraduate,High,No,92.0,72.0
Female,20.0,67.0,15.0,8.0,2.5,4,5.0,Good,Low,High School,High,No,89.0,64.0
Female,20.0,70.0,15.0,9.0,2.5,3,5.0,Good,Medium,High School,Medium,No,57.0,63.0
Female,20.0,71.0,16.0,8.0,2.5,2,5.0,Good,Medium,Postgraduate,Low,No,51.0,61.0
Male,20.0,82.0,7.0,8.0,2.5,2,5.0,Good,Medium,High School,Low,No,56.0,62.0
Female,20.0,76.0,17.0,7.0,2.5,4,5.0,Good,High,High School,Medium,No,87.0,68.0
Male,20.0,98.0,15.0,8.0,2.5,3,5.0,Good,Low,High School,Medium,No,71.0,68.0
Male,20.0,65.0,21.0,9.0,2.5,5,5.0,Good,High,High School,Medium,No,56.0,63.0
Female,20.0,99.0,22.0,8.0,2.5,4,5.0,Good,Low,High School,Medium,No,87.0,70.0
Female,20.0,69.0,31.0,7.0,2.5,3,5.0,Good,Medium,Postgraduate,Low,No,60.0,68.0
Female,20.0,91.0,26.0,7.0,2.5,5,5.0,Good,Medium,High School,Low,No,79.0,72.0
Male,20.0,74.0,17.0,8.0,2.5,3,5.0,Good,Medium,College,Low,No,87.0,67.0
Male,20.0,66.0,15.0,6.0,2.5,1,5.0,Good,Medium,College,Low,No,80.0,61.0
Male,20.0,94.0,23.0,8.0,2.5,3,5.0,Good,Medium,Postgraduate,Low,No,100.0,69.0
Female,20.0,72.0,12.0,6.0,2.5,2,5.0,Good,High,High School,Low,No,72.0,61.0
Male,20.0,86.0,31.0,6.0,2.5,3,5.0,Good,Medium,College,Medium,No,66.0,75.0
Female,20.0,83.0,27.0,5.0,2.5,2,5.0,Good,Medium,College,High,No,60.0,68.0
Male,20.0,79.0,17.0,6.0,2.5,4,5.0,Good,Low,High School,Medium,No,75.0,65.0
Female,20.0,80.0,10.0,6.0,2.5,3,5.0,Good,High,College,Medium,No,93.0,67.0
Female,20.0,89.0,28.0,10.0,2.5,6,5.0,Good,High,High School,Medium,No,97.0,75.0
Male,20.0,64.0,19.0,6.0,2.5,3,5.0,Good,Medium,College,Medium,No,99.0,64.0
Male,20.0,87.0,27.0,8.0,2.5,4,5.0,Good,Medium,High School,Low,No,77.0,70.0
Female,20.0,96.0,10.0,6.0,2.5,4,5.0,Good,Medium,High School,Medium,No,80.0,67.0
Male,20.0,62.0,16.0,7.0,2.5,3,5.0,Good,Low,High School,Medium,No,79.0,63.0
Female,20.0,66.0,20.0,7.0,2.5,4,5.0,Good,Medium,College,Medium,No,73.0,65.0
Female,20.0,89.0,20.0,4.0,2.5,3,5.0,Good,Medium,High School,Medium,No,58.0,67.0
Male,20.0,77.0,17.0,5.0,2.5,3,5.0,Good,Medium,College,High,No,53.0,86.0
Female,20.0,76.0,24.0,6.0,2.5,3,5.0,Good,High,High School,Medium,No,72.0,67.0
Male,20.0,65.0,14.0,5.0,2.5,4,5.0,Good,Low,Postgraduate,High,No,59.0,63.0
Female,20.0,80.0,19.0,7.0,2.5,3,5.0,Good,Medium,College,Medium,No,94.0,66.0
Male,20.0,65.0,21.0,7.0,2.5,1,5.0,Good,Low,High School,Low,No,88.0,65.0
Female,20.0,79.0,23.0,5.0,2.5,3,5.0,Good,Medium,High School,Medium,No,81.0,67.0
Male,20.0,91.0,24.0,7.0,2.5,4,5.0,Good,Low,College,High,No,52.0,69.0
Male,20.0,70.0,13.0,6.0,2.5,2,5.0,Good,Medium,Postgraduate,Medium,No,81.0,66.0
Male,20.0,79.0,11.0,7.0,2.5,2,5.0,Good,Medium,High School,High,No,81.0,64.0
Female,20.0,100.0,28.0,6.0,2.5,2,5.0,Good,Medium,Postgraduate,Low,No,72.0,73.0
Male,20.0,87.0,22.0,8.0,2.5,1,5.0,Good,Low,College,Low,No,83.0,66.0
Female,20.0,94.0,16.0,9.0,2.5,4,5.0,Good,Low,Postgraduate,Low,No,93.0,68.0
Male,20.0,77.0,29.0,8.0,2.5,4,5.0,Good,Low,College,Medium,No,88.0,70.0
Female,20.0,91.0,21.0,9.0,2.5,2,5.0,Good,Medium,High School,Low,No,74.0,69.0
Female,20.0,62.0,27.0,5.0,2.5,4,5.0,Good,Low,High School,High,No,63.0,67.0
Male,20.0,65.0,20.0,6.0,2.5,3,5.0,Good,Low,College,Medium,No,74.0,62.0
Male,20.0,68.0,32.0,8.0,2.5,2,5.0,Good,High,High School,Low,No,97.0,68.0
Male,20.0,76.0,31.0,9.0,2.5,4,5.0,Good,Medium,Postgraduate,Low,No,91.0,72.0
Male,20.0,94.0,19.0,8.0,2.5,5,5.0,Good,Medium,Postgraduate,Medium,No,51.0,69.0
Male,20.0,74.0,26.0,5.0,2.5,2,5.0,Good,Low,High School,High,No,89.0,66.0
Female,20.0,86.0,24.0,6.0,2.5,3,5.0,Good,Medium,High School,Low,No,59.0,70.0
Male,20.0,88.0,28.0,8.0,2.5,3,5.0,Good,Medium,High School,Medium,No,79.0,71.0
Female,20.0,83.0,14.0,7.0,2.5,3,5.0,Good,Medium,College,Low,No,90.0,65.0
Female,20.0,74.0,24.0,6.0,2.5,3,5.0,Good,Medium,College,Low,No,78.0,70.0
Male,20.0,83.0,26.0,7.0,2.5,4,5.0,Good,High,High School,Medium,No,70.0,65.0
Female,20.0,74.0,9.0,7.0,2.5,3,5.0,Good,Low,High School,High,No,66.0,62.0
Male,20.0,63.0,13.0,5.0,2.5,2,5.0,Good,Medium,High School,High,No,65.0,62.0
Female,20.0,100.0,8.0,8.0,2.5,3,5.0,Good,Medium,Postgraduate,Medium,No,92.0,70.0
Male,20.0,65.0,18.0,6.0,2.5,3,5.0,Good,Medium,College,Low,No,91.0,66.0
Female,20.0,63.0,24.0,7.0,2.5,4,5.0,Good,Low,High School,Low,No,91.0,67.0
Female,20.0,95.0,29.0,9.0,2.5,3,5.0,Good,Medium,High School,Medium,No,64.0,72.0
Female,20.0,72.0,20.0,7.0,2.5,3,5.0,Good,Low,Postgraduate,Low,No,90.0,66.0
Female,20.0,86.0,30.0,8.0,2.5,2,5.0,Good,Medium,College,Medium,No,52.0,68.0
Male,20.0,73.0,12.0,5.0,2.5,4,5.0,Good,Medium,High School,Low,No,60.0,62.0
Male,20.0,76.0,10.0,8.0,2.5,3,5.0,Good,Medium,Postgraduate,High,No,76.0,64.0
Female,20.0,70.0,20.0,8.0,2.5,5,5.0,Good,Medium,Postgraduate,Low,No,70.0,65.0
Male,20.0,74.0,22.0,6.0,2.5,3,5.0,Good,Low,Postgraduate,Medium,No,56.0,66.0
Female,20.0,76.0,20.0,7.0,2.5,3,5.0,Good,Medium,High School,Low,No,52.0,64.0
Male,20.0,89.0,8.0,7.0,2.5,3,5.0,Good,Low,College,Low,No,81.0,67.0
Female,20.0,80.0,19.0,7.0,2.5,4,5.0,Good,Low,College,Medium,No,66.0,69.0
Male,20.0,98.0,12.0,8.0,2.5,5,5.0,Good,Medium,Postgraduate,Medium,No,51.0,68.0
Male,20.0,62.0,24.0,6.0,2.5,4,5.0,Good,High,High School,Low,No,72.0,64.0
Female,20.0,80.0,22.0,7.0,2.5,2,5.0,Good,Medium,High School,High,No,65.0,68.0
Male,20.0,83.0,14.0,9.0,2.5,3,5.0,Good,Medium,High School,Medium,No,79.0,64.0
Male,20.0,97.0,17.0,9.0,2.5,1,5.0,Good,High,Postgraduate,High,No,96.0,71.0
Male,20.0,62.0,14.0,8.0,2.5,2,5.0,Good,Low,High School,Low,No,65.0,61.0
Male,20.0,83.0,20.0,7.0,2.5,3,5.0,Good,Medium,College,Low,No,100.0,68.0
Male,20.0,94.0,26.0,10.0,2.5,5,5.0,Good,Low,High School,High,No,54.0,73.0
Male,20.0,70.0,14.0,9.0,2.5,1,5.0,Good,Medium,College,Medium,No,54.0,64.0
Male,20.0,95.0,23.0,7.0,2.5,4,5.0,Good,Medium,Postgraduate,Low,No,86.0,72.0
Male,20.0,61.0,17.0,7.0,2.5,3,5.0,Good,High,High School,Medium,No,87.0,65.0
Female,20.0,89.0,15.0,6.0,2.5,4,5.0,Good,Medium,High School,Medium,No,71.0,68.0
Male,20.0,97.0,19.0,8.0,2.5,3,5.0,Good,Medium,High School,Low,No,64.0,71.0
Male,20.0,86.0,14.0,8.0,2.5,3,5.0,Good,Medium,Postgraduate,Medium,No,90.0,65.0
Male,20.0,78.0,17.0,8.0,2.5,2,5.0,Good,Low,High School,Medium,No,98.0,66.0
Female,20.0,62.0,13.0,7.0,2.5,1,5.0,Good,Medium,Postgraduate,Medium,No,99.0,63.0
Male,20.0,97.0,32.0,5.0,2.5,3,5.0,Good,Medium,High School,Medium,No,82.0,74.0
Female,20.0,79.0,20.0,7.0,2.5,4,5.0,Good,Low,High School,Medium,No,87.0,66.0
Male,20.0,61.0,16.0,8.0,2.5,3,5.0,Good,High,College,Medium,No,91.0,63.0
Male,20.0,88.0,21.0,6.0,2.5,4,5.0,Good,High,High School,High,No,90.0,72.0
Female,20.0,79.0,19.0,7.0,2.5,2,5.0,Good,Low,College,High,No,100.0,69.0
Male,20.0,65.0,19.0,9.0,2.5,4,5.0,Good,Medium,College,Medium,No,91.0,67.0
Male,20.0,69.0,24.0,5.0,2.5,3,5.0,Good,Low,High School,Low,No,83.0,66.0
Female,20.0,63.0,25.0,7.0,2.5,5,5.0,Good,Medium,High School,Low,No,69.0,64.0
Female,20.0,83.0,17.0,9.0,2.5,2,5.0,Good,Medium,College,Medium,No,80.0,67.0
Female,20.0,85.0,17.0,7.0,2.5,3,5.0,Good,High,College,Low,No,94.0,69.0
Female,20.0,80.0,18.0,6.0,2.5,2,5.0,Good,Medium,College,Low,No,65.0,65.0
Female,20.0,93.0,6.0,7.0,2.5,2,5.0,Good,High,College,Medium,No,52.0,64.0
Female,20.0,94.0,11.0,8.0,2.5,4,5.0,Good,High,High School,High,No,66.0,65.0
Male,20.0,85.0,28.0,7.0,2.5,1,5.0,Good,Medium,High School,Low,No,98.0,72.0
Female,20.0,61.0,30.0,8.0,2.5,2,5.0,Good,Medium,High School,Low,No,90.0,66.0
Female,20.0,88.0,19.0,7.0,2.5,3,5.0,Good,Medium,College,Low,No,59.0,66.0
Male,20.0,77.0,23.0,7.0,2.5,3,5.0,Good,Medium,College,Low,No,51.0,67.0
Male,20.0,83.0,22.0,8.0,2.5,3,5.0,Good,High,Postgraduate,High,No,83.0,69.0
Male,20.0,86.0,38.0,7.0,2.5,3,5.0,Good,Low,High School,Low,No,79.0,73.0
Female,20.0,74.0,27.0,6.0,2.5,3,5.0,Good,Medium,College,Medium,No,54.0,69.0
Male,20.0,97.0,19.0,8.0,2.5,4,5.0,Good,Medium,High School,Low,No,98.0,68.0
Female,20.0,65.0,14.0,7.0,2.5,3,5.0,Good,Medium,High School,Low,No,81.0,61.0
Male,20.0,87.0,10.0,6.0,2.5,4,5.0,Good,Medium,High School,Low,No,83.0,63.0
Female,20.0,60.0,21.0,8.0,2.5,2,5.0,Good,Low,High School,Low,No,93.0,63.0
Male,20.0,97.0,15.0,9.0,2.5,2,5.0,Good,Medium,College,Low,No,67.0,68.0
Female,20.0,65.0,11.0,7.0,2.5,3,5.0,Good,Medium,Postgraduate,Low,No,78.0,63.0
Female,20.0,64.0,16.0,7.0,2.5,4,5.0,Good,Medium,Postgraduate,Medium,No,79.0,66.0
Female,20.0,73.0,14.0,5.0,2.5,4,5.0,Good,Medium,High School,Low,No,98.0,65.0
Female,20.0,75.0,30.0,7.0,2.5,1,5.0,Good,High,College,Low,No,57.0,68.0
Female,20.0,69.0,25.0,7.0,2.5,4,5.0,Good,High,College,Low,No,88.0,66.0
Male,20.0,83.0,20.0,7.0,2.5,5,5.0,Good,Low,Postgraduate,Medium,No,79.0,66.0
Male,20.0,78.0,29.0,6.0,2.5,4,5.0,Good,Medium,High School,Low,No,92.0,70.0
Female,20.0,61.0,20.0,8.0,2.5,2,5.0,Good,Medium,High School,Medium,No,92.0,61.0
Male,20.0,73.0,15.0,7.0,2.5,3,5.0,Good,Medium,High School,Low,No,51.0,61.0
Male,20.0,92.0,29.0,10.0,2.5,4,5.0,Good,High,High School,Low,No,63.0,71.0
Male,20.0,88.0,23.0,7.0,2.5,2,5.0,Good,Medium,High School,Medium,No,59.0,67.0
Male,20.0,89.0,14.0,4.0,2.5,3,5.0,Good,Medium,College,Medium,No,73.0,70.0
Male,20.0,88.0,19.0,5.0,2.5,4,5.0,Good,Medium,College,Low,No,95.0,69.0
Female,20.0,72.0,15.0,8.0,2.5,4,5.0,Good,Medium,High School,Medium,No,50.0,65.0
Male,20.0,64.0,12.0,6.0,2.5,2,5.0,Good,High,High School,Medium,No,74.0,61.0
Male,20.0,71.0,26.0,6.0,2.5,4,5.0,Good,Low,Postgraduate,Low,No,94.0,68.0
Male,20.0,93.0,31.0,5.0,2.5,2,5.0,Good,Medium,High School,Low,No,96.0,74.0
Female,20.0,99.0,12.0,6.0,2.5,3,5.0,Good,Low,High School,Medium,No,83.0,67.0
Female,20.0,80.0,23.0,7.0,2.5,1,5.0,Good,Low,High School,High,No,91.0,70.0
Female,20.0,60.0,16.0,8.0,2.5,2,5.0,Good,Low,High School,High,No,66.0,59.0
Male,20.0,66.0,17.0,5.0,2.5,2,5.0,Good,Low,College,Medium,No,64.0,64.0
Female,20.0,73.0,16.0,8.0,2.5,4,5.0,Good,Medium,College,Medium,No,52.0,66.0
Female,20.0,83.0,15.0,5.0,2.5,3,5.0,Good,Medium,High School,Medium,No,75.0,63.0
Female,20.0,63.0,20.0,8.0,2.5,3,5.0,Good,Low,College,High,No,73.0,61.0
Female,20.0,98.0,15.0,8.0,2.5,4,5.0,Good,Low,High School,Low,No,69.0,68.0
Male,20.0,75.0,22.0,6.0,2.5,3,5.0,Good,Low,High School,Medium,No,56.0,65.0
Male,20.0,97.0,20.0,5.0,2.5,4,5.0,Good,Medium,High School,Medium,No,62.0,69.0
Male,20.0,91.0,19.0,8.0,2.5,4,5.0,Good,Medium,High School,Low,No,60.0,68.0
Male,20.0,90.0,15.0,6.0,2.5,2,5.0,Good,Low,High School,High,No,97.0,69.0
Female,20.0,84.0,17.0,7.0,2.5,2,5.0,Good,High,College,Low,No,98.0,67.0
Female,20.0,85.0,25.0,8.0,2.5,1,5.0,Good,High,College,High,No,50.0,70.0
Female,20.0,86.0,23.0,8.0,2.5,3,5.0,Good,Low,Postgraduate,Low,No,59.0,68.0
Male,20.0,85.0,14.0,6.0,2.5,4,5.0,Good,Low,College,High,No,94.0,67.0
Male,20.0,82.0,21.0,7.0,2.5,3,5.0,Good,Medium,High School,Low,No,52.0,67.0
Male,20.0,99.0,25.0,6.0,2.5,3,5.0,Good,High,College,Medium,No,97.0,75.0
Male,20.0,89.0,10.0,8.0,2.5,4,5.0,Good,Low,College,Low,No,69.0,63.0
Male,20.0,91.0,23.0,9.0,2.5,5,5.0,Good,High,High School,Low,No,77.0,70.0
Female,20.0,95.0,16.0,6.0,2.5,4,5.0,Good,Low,High School,High,No,88.0,70.0
Male,20.0,69.0,23.0,7.0,2.5,4,5.0,Good,Medium,High School,Medium,No,62.0,64.0
Female,20.0,63.0,15.0,8.0,2.5,3,5.0,Good,Low,College,Medium,No,55.0,59.0
Male,20.0,79.0,9.0,7.0,2.5,3,5.0,Good,High,High School,High,No,90.0,63.0
Female,20.0,81.0,10.0,8.0,2.5,4,5.0,Good,Medium,Postgraduate,Medium,No,99.0,67.0
Male,20.0,93.0,20.0,7.0,2.5,2,5.0,Good,Medium,High School,Medium,No,83.0,68.0
Male,20.0,78.0,22.0,5.0,2.5,3,5.0,Good,Low,Postgraduate,Medium,No,91.0,68.0
Female,20.0,83.0,15.0,7.0,2.5,2,5.0,Good,Medium,High School,Low,No,97.0,97.0
Female,20.0,81.0,24.0,9.0,2.5,4,5.0,Good,Medium,College,Low,No,61.0,66.0
Male,20.0,62.0,10.0,7.0,2.5,3,5.0,Good,High,Postgraduate,Medium,No,68.0,61.0
Male,20.0,85.0,20.0,9.0,2.5,3,5.0,Good,High,College,High,No,61.0,70.0
Male,20.0,93.0,13.0,4.0,2.5,1,5.0,Good,High,Postgraduate,Medium,No,53.0,65.0
Female,20.0,66.0,16.0,8.0,2.5,2,5.0,Good,High,High School,Medium,No,87.0,64.0
Female,20.0,84.0,20.0,6.0,2.5,4,5.0,Good,High,High School,Medium,No,57.0,69.0
Male,20.0,84.0,15.0,6.0,2.5,2,5.0,Good,Low,High School,Medium,No,55.0,64.0
Male,20.0,67.0,18.0,9.0,2.5,2,5.0,Good,Low,Postgraduate,Low,No,68.0,61.0
Female,20.0,65.0,26.0,7.0,2.5,2,5.0,Good,Low,High School,High,No,53.0,64.0
Male,20.0,99.0,17.0,6.0,2.5,3,5.0,Good,Medium,High School,Medium,No,59.0,68.0
Female,20.0,76.0,25.0,8.0,2.5,3,5.0,Good,High,High School,High,No,53.0,67.0
Male,20.0,69.0,13.0,4.0,2.5,3,5.0,Good,Medium,High School,Low,No,94.0,62.0
Female,20.0,67.0,23.0,9.0,2.5,2,5.0,Good,Medium,High School,Low,No,89.0,66.0
Male,20.0,87.0,29.0,10.0,2.5,4,5.0,Good,High,High School,Low,No,93.0,72.0
Male,20.0,84.0,5.0,8.0,2.5,3,5.0,Good,High,College,High,No,93.0,68.0
Male,20.0,86.0,15.0,8.0,2.5,3,5.0,Good,Medium,High School,High,No,97.0,71.0
Female,20.0,64.0,23.0,7.0,2.5,2,5.0,Good,High,High School,Medium,No,59.0,65.0
Female,20.0,96.0,19.0,5.0,2.5,3,5.0,Good,Low,High School,Medium,No,95.0,68.0
Female,20.0,76.0,22.0,9.0,2.5,5,5.0,Good,Medium,High School,Low,No,76.0,65.0
Female,20.0,73.0,16.0,8.0,2.5,4,5.0,Good,Medium,High School,Medium,No,58.0,64.0
Male,20.0,78.0,21.0,8.0,2.5,4,5.0,Good,Medium,High School,Medium,No,83.0,65.0
Male,20.0,76.0,19.0,8.0,2.5,4,5.0,Good,Low,High School,Low,No,66.0,65.0
Female,20.0,95.0,27.0,7.0,2.5,3,5.0,Good,High,College,Medium,No,52.0,73.0
Male,20.0,97.0,22.0,6.0,2.5,3,5.0,Good,Medium,Postgraduate,Low,No,54.0,72.0
Male,20.0,72.0,22.0,10.0,2.5,1,5.0,Good,Medium,College,Medium,No,71.0,64.0
Male,20.0,95.0,18.0,7.0,2.5,4,5.0,Good,Low,Postgraduate,Low,No,91.0,69.0
Male,20.0,91.0,17.0,6.0,2.5,3,5.0,Good,High,High School,High,No,66.0,69.0
Male,20.0,97.0,17.0,9.0,2.5,2,5.0,Good,Medium,High School,Medium,No,88.0,70.0
Female,20.0,70.0,22.0,7.0,2.5,3,5.0,Good,Low,High School,Low,No,53.0,83.0
Female,20.0,83.0,17.0,7.0,2.5,5,5.0,Good,Low,Postgraduate,Low,No,70.0,68.0
Female,20.0,71.0,22.0,9.0,2.5,3,5.0,Good,High,College,Low,No,56.0,84.0
Female,20.0,93.0,32.0,8.0,2.5,3,5.0,Good,High,Postgraduate,Medium,No,93.0,75.0
Female,20.0,60.0,25.0,8.0,2.5,5,5.0,Good,Medium,Postgraduate,Medium,No,98.0,67.0
Male,20.0,83.0,18.0,5.0,2.5,4,5.0,Good,Medium,Postgraduate,High,No,66.0,69.0
Male,20.0,74.0,27.0,8.0,2.5,4,5.0,Good,High,High School,Medium,No,99.0,71.0
Female,20.0,73.0,18.0,5.0,2.5,5,5.0,Good,Medium,College,Medium,No,88.0,66.0
Male,20.0,86.0,8.0,6.0,2.5,2,5.0,Good,High,College,Medium,No,50.0,65.0
Male,20.0,94.0,14.0,7.0,2.5,5,5.0,Good,Medium,College,High,No,74.0,70.0
Male,20.0,84.0,9.0,7.0,2.5,4,5.0,Good,High,Postgraduate,Low,No,92.0,66.0
Male,20.0,94.0,18.0,8.0,2.5,4,5.0,Good,Medium,Postgraduate,Medium,No,77.0,74.0
Male,20.0,71.0,20.0,8.0,2.5,4,5.0,Good,Medium,High School,High,No,77.0,66.0
Male,20.0,81.0,30.0,8.0,2.5,2,5.0,Good,Low,High School,Low,No,72.0,68.0
Male,20.0,78.0,22.0,5.0,2.5,1,5.0,Good,Medium,College,Low,No,70.0,68.0
Female,20.0,60.0,19.0,10.0,2.5,3,5.0,Good,Medium,College,Medium,No,51.0,62.0
Male,20.0,82.0,25.0,7.0,2.5,2,5.0,Good,Medium,Postgraduate,Medium,No,81.0,71.0
Female,20.0,86.0,7.0,9.0,2.5,2,5.0,Good,Medium,College,Low,No,88.0,63.0
Male,20.0,84.0,21.0,4.0,2.5,3,5.0,Good,Medium,High School,Medium,No,90.0,69.0
Male,20.0,89.0,25.0,7.0,2.5,0,5.0,Good,High,College,Medium,No,81.0,71.0
Male,20.0,83.0,11.0,5.0,2.5,2,5.0,Good,Medium,Postgraduate,Medium,No,67.0,66.0
Male,20.0,63.0,27.0,6.0,2.5,2,5.0,Good,Low,Postgraduate,Low,No,51.0,64.0
Female,20.0,65.0,22.0,7.0,2.5,2,5.0,Good,Low,High School,Low,No,95.0,65.0
Female,20.0,84.0,18.0,6.0,2.5,2,5.0,Good,Medium,High School,Medium,No,71.0,69.0
Female,20.0,71.0,24.0,9.0,2.5,3,5.0,Good,Medium,High School,Medium,No,80.0,66.0
Female,20.0,63.0,34.0,10.0,2.5,4,5.0,Good,Low,High School,Medium,No,60.0,67.0
Male,20.0,77.0,21.0,6.0,2.5,5,5.0,Good,Medium,High School,Low,No,57.0,65.0
Male,20.0,82.0,21.0,6.0,2.5,2,5.0,Good,High,College,Low,No,54.0,65.0
Male,20.0,73.0,17.0,5.0,2.5,4,5.0,Good,High,High School,Low,No,90.0,67.0
Male,20.0,89.0,15.0,9.0,2.5,3,5.0,Good,Low,College,Medium,No,82.0,66.0
Male,20.0,86.0,25.0,7.0,2.5,1,5.0,Good,Low,High School,High,No,81.0,69.0
Male,20.0,73.0,15.0,7.0,2.5,2,5.0,Good,Low,College,Low,No,96.0,64.0
Male,20.0,90.0,20.0,7.0,2.5,4,5.0,Good,High,High School,High,No,58.0,70.0
Male,20.0,86.0,17.0,7.0,2.5,3,5.0,Good,Low,Postgraduate,Low,No,59.0,68.0
Male,20.0,85.0,23.0,6.0,2.5,1,5.0,Good,Low,High School,Medium,No,59.0,68.0
Female,20.0,82.0,22.0,7.0,2.5,3,5.0,Good,Low,High School,High,No,71.0,69.0
Female,20.0,60.0,26.0,7.0,2.5,2,5.0,Good,High,High School,High,No,94.0,68.0
Female,20.0,88.0,17.0,8.0,2.5,2,5.0,Good,Medium,College,Medium,No,94.0,70.0
Female,20.0,75.0,18.0,5.0,2.5,3,5.0,Good,Medium,High School,Low,No,80.0,67.0
Male,20.0,98.0,14.0,7.0,2.5,3,5.0,Good,Medium,College,Low,No,83.0,72.0
Male,20.0,93.0,17.0,6.0,2.5,4,5.0,Good,Medium,High School,Low,No,95.0,69.0
Male,20.0,84.0,22.0,7.0,2.5,3,5.0,Good,Medium,High School,Medium,No,81.0,69.0
Female,20.0,70.0,25.0,8.0,2.5,4,5.0,Good,Low,College,Low,No,61.0,64.0
Female,20.0,68.0,14.0,6.0,2.5,3,5.0,Good,Medium,High School,Medium,No,85.0,63.0
Male,20.0,74.0,25.0,9.0,2.5,3,5.0,Good,Medium,High School,Medium,No,88.0,70.0
Male,20.0,79.0,28.0,4.0,2.5,3,5.0,Good,Medium,High School,Medium,No,82.0,70.0
Female,20.0,72.0,22.0,9.0,2.5,2,5.0,Good,Low,College,Medium,No,64.0,66.0
Female,20.0,81.0,31.0,9.0,2.5,4,5.0,Good,Low,Postgraduate,Low,No,70.0,70.0
Female,20.0,67.0,15.0,6.0,2.5,2,5.0,Good,High,Postgraduate,High,No,74.0,66.0
Male,20.0,99.0,13.0,6.0,2.5,5,5.0,Good,Medium,College,Low,No,57.0,68.0
Male,20.0,64.0,9.0,5.0,2.5,4,5.0,Good,Medium,College,Medium,No,73.0,61.0
Female,20.0,97.0,29.0,8.0,2.5,4,5.0,Good,Medium,College,High,No,58.0,72.0
Female,20.0,97.0,24.0,7.0,2.5,2,5.0,Good,Low,High School,Medium,No,75.0,69.0
Female,20.0,81.0,20.0,6.0,2.5,4,5.0,Good,Low,High School,Medium,No,53.0,63.0
Male,20.0,89.0,22.0,5.0,2.5,5,5.0,Good,Medium,High School,Medium,No,97.0,72.0
Male,20.0,77.0,13.0,10.0,2.5,4,5.0,Good,Medium,College,High,No,62.0,65.0
Female,20.0,85.0,35.0,6.0,2.5,5,5.0,Good,High,High School,High,No,73.0,74.0
Male,20.0,74.0,21.0,7.0,2.5,4,5.0,Good,Low,High School,High,No,52.0,62.0
Male,20.0,72.0,21.0,7.0,2.5,4,5.0,Good,Low,Postgraduate,Low,No,60.0,65.0
Female,20.0,83.0,24.0,6.0,2.5,4,5.0,Good,Low,High School,Low,No,85.0,68.0
Male,20.0,80.0,23.0,6.0,2.5,2,5.0,Good,Medium,High School,Medium,No,56.0,66.0
Male,20.0,83.0,21.0,6.0,2.5,4,5.0,Good,Low,Postgraduate,High,No,81.0,71.0
Female,20.0,71.0,15.0,8.0,2.5,2,5.0,Good,Low,Postgraduate,Medium,No,50.0,62.0
Female,20.0,75.0,23.0,6.0,2.5,2,5.0,Good,Low,High School,Low,No,73.0,65.0
Male,20.0,63.0,31.0,9.0,2.5,3,5.0,Good,Low,Postgraduate,High,No,86.0,68.0
Male,20.0,62.0,28.0,6.0,2.5,3,5.0,Good,Medium,High School,Medium,No,96.0,70.0
Female,20.0,70.0,30.0,8.0,2.5,2,5.0,Good,Medium,High School,Medium,No,75.0,67.0
Female,20.0,63.0,17.0,4.0,2.5,4,5.0,Good,Medium,High School,Low,No,92.0,63.0
Female,20.0,64.0,14.0,6.0,2.5,2,5.0,Good,Low,High School,Low,No,90.0,63.0
Male,20.0,93.0,19.0,6.0,2.5,3,5.0,Good,Medium,High School,Medium,No,65.0,69.0
Male,20.0,62.0,20.0,5.0,2.5,3,5.0,Good,High,Postgraduate,Medium,No,94.0,66.0
Female,20.0,86.0,27.0,7.0,2.5,3,5.0,Good,Low,High School,Low,No,82.0,70.0
Female,20.0,71.0,10.0,7.0,2.5,3,5.0,Good,High,College,Low,No,55.0,63.0
Female,20.0,95.0,29.0,4.0,2.5,4,5.0,Good,Medium,College,Medium,No,97.0,72.0
Male,20.0,79.0,19.0,10.0,2.5,3,5.0,Good,Low,College,Medium,No,59.0,65.0
Male,20.0,72.0,17.0,7.0,2.5,4,5.0,Good,Low,Postgraduate,High,No,74.0,67.0
Male,20.0,81.0,14.0,7.0,2.5,3,5.0,Good,Low,High School,High,No,73.0,63.0
Female,20.0,75.0,10.0,9.0,2.5,5,5.0,Good,Medium,High School,Low,No,81.0,65.0
Female,20.0,83.0,25.0,8.0,2.5,1,5.0,Good,Medium,High School,Low,No,83.0,67.0
Male,20.0,65.0,20.0,7.0,2.5,0,5.0,Good,High,Postgraduate,Medium,No,62.0,80.0
Male,20.0,100.0,12.0,4.0,2.5,3,5.0,Good,Medium,College,Low,No,68.0,68.0
Male,20.0,77.0,12.0,8.0,2.5,2,5.0,Good,Medium,College,Low,No,57.0,63.0
Male,20.0,74.0,18.0,6.0,2.5,3,5.0,Good,Medium,College,Medium,No,56.0,64.0
Female,20.0,88.0,30.0,9.0,2.5,3,5.0,Good,Medium,High School,Medium,No,91.0,73.0
Female,20.0,75.0,18.0,6.0,2.5,1,5.0,Good,Low,Postgraduate,Medium,No,88.0,66.0
Male,20.0,93.0,11.0,6.0,2.5,3,5.0,Good,Low,College,Low,No,72.0,66.0
Male,20.0,78.0,19.0,5.0,2.5,4,5.0,Good,Medium,High School,Medium,No,55.0,66.0
Female,20.0,89.0,18.0,5.0,2.5,2,5.0,Good,Low,High School,Medium,No,72.0,69.0
Male,20.0,64.0,4.0,7.0,2.5,4,5.0,Good,Medium,High School,Medium,No,65.0,59.0
Male,20.0,94.0,20.0,7.0,2.5,1,5.0,Good,Medium,High School,Low,No,89.0,68.0
Female,20.0,89.0,19.0,6.0,2.5,3,5.0,Good,Medium,Postgraduate,Low,No,55.0,67.0
Female,20.0,68.0,24.0,10.0,2.5,4,5.0,Good,Low,High School,Medium,No,73.0,64.0
Female,20.0,66.0,31.0,8.0,2.5,4,5.0,Good,Low,High School,Low,No,80.0,65.0
Male,20.0,73.0,27.0,7.0,2.5,4,5.0,Good,Low,College,Low,No,99.0,68.0
Male,20.0,99.0,18.0,4.0,2.5,3,5.0,Good,Low,Postgraduate,Medium,No,54.0,70.0
Male,20.0,70.0,13.0,8.0,2.5,0,5.0,Good,Medium,High School,Medium,No,56.0,62.0
Male,20.0,78.0,35.0,10.0,2.5,2,5.0,Good,Medium,High School,Low,No,99.0,72.0
Female,20.0,61.0,20.0,7.0,2.5,4,5.0,Good,Low,High School,Medium,No,70.0,62.0
Male,20.0,76.0,20.0,6.0,2.5,4,5.0,Good,Low,Postgraduate,Low,No,87.0,68.0
Female,20.0,83.0,20.0,7.0,2.5,4,5.0,Good,Medium,High School,Low,No,89.0,69.0
Male,20.0,98.0,21.0,5.0,2.5,5,5.0,Good,Low,High School,High,No,66.0,73.0
Male,20.0,81.0,19.0,8.0,2.5,5,5.0,Good,Low,Postgraduate,Medium,No,61.0,69.0
Female,20.0,93.0,17.0,9.0,2.5,3,5.0,Good,Medium,High School,Medium,No,64.0,67.0
Male,20.0,82.0,17.0,6.0,2.5,3,5.0,Good,Low,Postgraduate,Low,No,88.0,65.0
Male,20.0,62.0,20.0,6.0,2.5,3,5.0,Good,High,Postgraduate,Medium,No,92.0,63.0
Male,20.0,73.0,17.0,7.0,2.5,2,5.0,Good,Medium,High School,Low,No,85.0,66.0
Male,20.0,83.0,16.0,6.0,2.5,2,5.0,Good,Medium,College,Low,No,72.0,66.0
Male,20.0,98.0,21.0,5.0,2.5,2,5.0,Good,Low,Postgraduate,Low,No,63.0,70.0
Male,20.0,94.0,18.0,6.0,2.5,3,5.0,Good,Low,Postgraduate,High,No,71.0,69.0
Female,20.0,69.0,29.0,6.0,2.5,4,5.0,Good,Low,High School,High,No,96.0,70.0
Female,20.0,69.0,4.0,9.0,2.5,3,5.0,Good,Low,High School,Medium,No,93.0,58.0
Male,20.0,68.0,27.0,9.0,2.5,3,5.0,Good,Medium,High School,High,No,66.0,67.0
Male,20.0,97.0,27.0,9.0,2.5,3,5.0,Good,Low,High School,Low,No,66.0,73.0
Female,20.0,94.0,8.0,8.0,2.5,2,5.0,Good,High,High School,Medium,No,89.0,66.0
Male,20.0,91.0,18.0,7.0,2.5,3,5.0,Good,High,High School,Medium,No,71.0,70.0
Female,20.0,76.0,18.0,6.0,2.5,2,5.0,Good,Medium,Postgraduate,Medium,No,79.0,67.0
Female,20.0,80.0,12.0,9.0,2.5,3,5.0,Good,High,High School,Low,No,71.0,60.0
Male,20.0,79.0,15.0,8.0,2.5,3,5.0,Good,Low,College,Low,No,62.0,65.0
Female,20.0,70.0,13.0,5.0,2.5,2,5.0,Good,Medium,Postgraduate,Medium,No,59.0,63.0
Female,20.0,80.0,31.0,6.0,2.5,3,5.0,Good,Low,High School,Medium,No,57.0,72.0
Female,20.0,61.0,26.0,5.0,2.5,5,5.0,Good,High,High School,Low,No,51.0,62.0
Male,20.0,65.0,28.0,4.0,2.5,3,5.0,Good,Medium,Postgraduate,Medium,No,64.0,70.0
Male,20.0,95.0,24.0,8.0,2.5,1,5.0,Good,Medium,College,Low,No,59.0,70.0
Female,20.0,90.0,13.0,5.0,2.5,4,5.0,Good,Medium,High School,Low,No,63.0,64.0
Male,20.0,77.0,17.0,6.0,2.5,4,5.0,Good,Low,High School,Low,No,54.0,64.0
Female,20.0,81.0,23.0,7.0,2.5,5,5.0,Good,Medium,High School,Medium,No,67.0,67.0
Male,20.0,75.0,13.0,7.0,2.5,1,5.0,Good,High,High School,Medium,No,76.0,64.0
Male,20.0,90.0,24.0,6.0,2.5,4,5.0,Good,Low,High School,High,No,97.0,72.0
Female,20.0,91.0,19.0,9.0,2.5,3,5.0,Good,Medium,College,Medium,No,67.0,66.0
Female,20.0,91.0,18.0,5.0,2.5,4,5.0,Good,Medium,High School,Medium,No,52.0,66.0
Female,20.0,89.0,24.0,5.0,2.5,2,5.0,Good,Medium,Postgraduate,Low,No,68.0,71.0
Female,20.0,68.0,23.0,8.0,2.5,5,5.0,Good,Medium,Postgraduate,Low,No,91.0,66.0
Male,20.0,74.0,18.0,6.0,2.5,2,5.0,Good,High,High School,Low,No,67.0,64.0
Male,20.0,79.0,27.0,6.0,2.5,2,5.0,Good,Low,College,Medium,No,65.0,66.0
Female,20.0,73.0,14.0,5.0,2.5,3,5.0,Good,Low,High School,Low,No,96.0,62.0
Male,20.0,90.0,24.0,8.0,2.5,4,5.0,Good,Medium,High School,Low,No,65.0,70.0
Female,20.0,73.0,24.0,7.0,2.5,3,5.0,Good,Medium,High School,Medium,No,99.0,69.0
Male,20.0,66.0,18.0,7.0,2.5,4,5.0,Good,Medium,High School,Low,No,92.0,65.0
Male,20.0,76.0,22.0,6.0,2.5,3,5.0,Good,High,High School,Medium,No,84.0,70.0
Male,20.0,99.0,12.0,6.0,2.5,3,5.0,Good,Medium,High School,High,No,80.0,70.0
Male,20.0,69.0,26.0,7.0,2.5,2,5.0,Good,Medium,College,High,No,61.0,67.0
Female,20.0,84.0,19.0,8.0,2.5,3,5.0,Good,Low,High School,Low,No,87.0,69.0
Female,20.0,77.0,17.0,9.0,2.5,5,5.0,Good,Low,High School,Low,No,67.0,62.0
Female,20.0,63.0,26.0,9.0,2.5,4,5.0,Good,Medium,High School,Low,No,74.0,67.0
Male,20.0,80.0,16.0,8.0,2.5,6,5.0,Good,High,College,Low,No,55.0,65.0
Male,20.0,88.0,12.0,8.0,2.5,4,5.0,Good,Medium,High School,Low,No,65.0,65.0
Male,20.0,81.0,11.0,5.0,2.5,3,5.0,Good,Medium,Postgraduate,Low,No,76.0,65.0
Male,20.0,95.0,24.0,6.0,2.5,2,5.0,Good,Medium,High School,Low,No,73.0,69.0
Male,20.0,72.0,12.0,8.0,2.5,4,5.0,Good,Low,High School,Medium,No,67.0,63.0
Male,20.0,63.0,31.0,7.0,2.5,2,5.0,Good,Low,College,Medium,No,74.0,66.0
Male,20.0,97.0,8.0,8.0,2.5,2,5.0,Good,Medium,High School,Medium,No,87.0,67.0
Male,20.0,75.0,30.0,8.0,2.5,3,5.0,Good,High,College,Medium,No,73.0,69.0
Male,20.0,83.0,21.0,8.0,2.5,2,5.0,Good,High,High School,Low,No,75.0,67.0
Male,20.0,92.0,19.0,5.0,2.5,4,5.0,Good,Medium,High School,Medium,No,85.0,70.0
Male,20.0,73.0,17.0,7.0,2.5,2,5.0,Good,Medium,High School,High,No,92.0,67.0
Male,20.0,89.0,22.0,6.0,2.5,4,5.0,Good,Medium,High School,Low,No,76.0,70.0
Female,20.0,65.0,20.0,6.0,2.5,3,5.0,Good,Medium,High School,Low,No,97.0,65.0
Male,20.0,72.0,27.0,4.0,2.5,3,5.0,Good,Medium,College,Medium,No,68.0,63.0
Female,20.0,66.0,21.0,7.0,2.5,3,5.0,Good,Medium,High School,High,No,63.0,64.0
Male,20.0,92.0,21.0,4.0,2.5,3,5.0,Good,Low,High School,High,No,85.0,69.0
Female,20.0,69.0,18.0,8.0,2.5,4,5.0,Good,Low,High School,Low,No,59.0,60.0
Male,20.0,89.0,20.0,9.0,2.5,3,5.0,Good,Medium,High School,Low,No,95.0,69.0
Female,20.0,98.0,22.0,8.0,2.5,2,5.0,Good,Medium,High School,High,No,69.0,72.0
Male,20.0,81.0,10.0,7.0,2.5,2,5.0,Good,Low,College,Low,No,85.0,63.0
Female,20.0,82.0,12.0,9.0,2.5,2,5.0,Good,High,College,Low,No,79.0,63.0
Male,20.0,78.0,24.0,7.0,2.5,4,5.0,Good,High,High School,Medium,No,53.0,66.0
Male,20.0,73.0,21.0,6.0,2.5,5,5.0,Good,Medium,College,Medium,No,85.0,70.0
Female,20.0,79.0,19.0,7.0,2.5,4,5.0,Good,Medium,College,High,No,90.0,68.0
Male,20.0,84.0,20.0,10.0,2.5,3,5.0,Good,Low,High School,Medium,No,99.0,69.0
Female,20.0,99.0,22.0,5.0,2.5,4,5.0,Good,High,College,Medium,No,71.0,72.0
Male,20.0,98.0,17.0,5.0,2.5,3,5.0,Good,Low,College,Low,No,75.0,67.0
Male,20.0,94.0,15.0,8.0,2.5,4,5.0,Good,Low,High School,High,No,94.0,68.0
Female,20.0,96.0,21.0,7.0,2.5,2,5.0,Good,Medium,Postgraduate,Medium,No,63.0,70.0
Male,20.0,79.0,14.0,6.0,2.5,3,5.0,Good,Medium,Postgraduate,Medium,No,59.0,68.0
Male,20.0,86.0,22.0,5.0,2.5,3,5.0,Good,High,College,Medium,No,57.0,69.0
Female,20.0,96.0,10.0,4.0,2.5,5,5.0,Good,Medium,College,Medium,No,99.0,68.0
Female,20.0,76.0,26.0,5.0,2.5,5,5.0,Good,Low,College,Medium,No,64.0,66.0
Female,20.0,98.0,23.0,9.0,2.5,4,5.0,Good,High,Postgraduate,Low,No,88.0,72.0
Male,20.0,77.0,22.0,7.0,2.5,3,5.0,Good,Medium,High School,Medium,No,72.0,67.0
Male,20.0,84.0,26.0,4.0,2.5,2,5.0,Good,Medium,High School,High,No,62.0,70.0
Male,20.0,88.0,30.0,9.0,2.5,3,5.0,Good,Medium,High School,Medium,No,96.0,73.0
Male,20.0,98.0,26.0,9.0,2.5,6,5.0,Good,High,Postgraduate,High,No,73.0,73.0
Female,20.0,70.0,9.0,9.0,2.5,2,5.0,Good,Low,High School,Medium,No,78.0,60.0
Male,20.0,90.0,12.0,6.0,2.5,3,5.0,Good,Low,College,Medium,No,61.0,67.0
Male,20.0,81.0,16.0,7.0,2.5,4,5.0,Good,Medium,High School,High,No,66.0,69.0
Male,20.0,71.0,20.0,7.0,2.5,5,5.0,Good,High,High School,Medium,No,87.0,65.0
Female,20.0,91.0,23.0,9.0,2.5,4,5.0,Good,Low,High School,Low,No,67.0,70.0
Female,20.0,82.0,16.0,6.0,2.5,3,5.0,Good,Low,College,Medium,No,75.0,68.0
Female,20.0,86.0,21.0,6.0,2.5,2,5.0,Good,Medium,College,Low,No,56.0,66.0
Male,20.0,73.0,15.0,8.0,2.5,4,5.0,Good,Medium,College,Low,No,93.0,65.0
Female,20.0,79.0,16.0,9.0,2.5,2,5.0,Good,Medium,College,Low,No,87.0,64.0
Female,20.0,85.0,12.0,7.0,2.5,0,5.0,Good,High,College,Low,No,88.0,67.0
Male,20.0,76.0,14.0,8.0,2.5,5,5.0,Good,Low,High School,Medium,No,59.0,65.0
Male,20.0,68.0,12.0,7.0,2.5,4,5.0,Good,Medium,High School,Medium,No,75.0,64.0
Male,20.0,98.0,14.0,7.0,2.5,1,5.0,Good,Medium,High School,Medium,No,51.0,67.0
Male,20.0,80.0,26.0,6.0,2.5,4,5.0,Good,Medium,Postgraduate,High,No,66.0,70.0
Female,20.0,89.0,14.0,5.0,2.5,3,5.0,Good,Low,High School,Low,No,67.0,63.0
Male,20.0,76.0,36.0,6.0,2.5,2,5.0,Good,Medium,College,Low,No,96.0,71.0
Male,20.0,74.0,23.0,6.0,2.5,3,5.0,Good,Low,High School,High,No,100.0,68.0
Female,20.0,76.0,21.0,7.0,2.5,2,5.0,Good,Medium,College,Medium,No,81.0,67.0
Female,20.0,76.0,15.0,9.0,2.5,2,5.0,Good,Medium,Postgraduate,Medium,No,76.0,67.0
Female,20.0,82.0,24.0,7.0,2.5,2,5.0,Good,Medium,Postgraduate,Medium,No,72.0,68.0
Male,20.0,82.0,17.0,6.0,2.5,3,5.0,Good,Medium,Postgraduate,Low,No,51.0,66.0
Male,20.0,80.0,21.0,8.0,2.5,4,5.0,Good,Medium,College,Medium,No,90.0,68.0
Male,20.0,65.0,35.0,7.0,2.5,2,5.0,Good,High,High School,Medium,No,84.0,70.0
Male,20.0,80.0,19.0,8.0,2.5,3,5.0,Good,Medium,College,Low,No,82.0,67.0
Male,20.0,67.0,27.0,6.0,2.5,3,5.0,Good,Medium,High School,High,No,90.0,67.0
Male,20.0,65.0,16.0,9.0,2.5,2,5.0,Good,Low,High School,Low,No,96.0,62.0
Male,20.0,97.0,20.0,9.0,2.5,3,5.0,Good,Low,High School,Low,No,69.0,67.0
Male,20.0,84.0,31.0,7.0,2.5,4,5.0,Good,Low,High School,Low,No,71.0,70.0
Male,20.0,86.0,16.0,8.0,2.5,4,5.0,Good,Medium,College,Low,No,99.0,72.0
Female,20.0,76.0,31.0,9.0,2.5,3,5.0,Good,Medium,High School,High,No,83.0,70.0
Female,20.0,96.0,24.0,6.0,2.5,2,5.0,Good,Medium,High School,Low,No,93.0,94.0
Male,20.0,86.0,17.0,7.0,2.5,3,5.0,Good,Medium,High School,High,No,61.0,66.0
Male,20.0,91.0,24.0,7.0,2.5,3,5.0,Good,High,High School,Low,No,66.0,69.0
Male,20.0,75.0,26.0,5.0,2.5,2,5.0,Good,Low,Postgraduate,High,No,70.0,68.0
Male,20.0,98.0,24.0,8.0,2.5,1,5.0,Good,High,High School,Low,No,66.0,71.0
Male,20.0,93.0,11.0,9.0,2.5,4,5.0,Good,Medium,High School,Low,No,94.0,69.0
Female,20.0,94.0,16.0,7.0,2.5,3,5.0,Good,Low,High School,Medium,No,76.0,67.0
Female,20.0,67.0,19.0,8.0,2.5,2,5.0,Good,Medium,Postgraduate,Low,No,98.0,64.0
Female,20.0,71.0,20.0,9.0,2.5,5,5.0,Good,Medium,College,Medium,No,66.0,63.0
Female,20.0,71.0,24.0,6.0,2.5,3,5.0,Good,Medium,College,Medium,No,52.0,66.0
Female,20.0,71.0,21.0,8.0,2.5,1,5.0,Good,Low,Postgraduate,High,No,57.0,66.0
Male,20.0,94.0,12.0,6.0,2.5,4,5.0,Good,Medium,College,High,No,61.0,69.0
Female,20.0,61.0,22.0,6.0,2.5,4,5.0,Good,Low,High School,Medium,No,82.0,64.0
Male,20.0,63.0,24.0,8.0,2.5,3,5.0,Good,Low,High School,Low,No,59.0,62.0
Female,20.0,71.0,23.0,7.0,2.5,5,5.0,Good,High,High School,Low,No,69.0,66.0
Male,20.0,68.0,26.0,8.0,2.5,3,5.0,Good,Medium,High School,Low,No,90.0,70.0
Male,20.0,69.0,25.0,7.0,2.5,4,5.0,Good,Medium,High School,Low,No,56.0,67.0
Female,20.0,92.0,23.0,8.0,2.5,1,5.0,Good,Medium,Postgraduate,High,No,54.0,68.0
Male,20.0,83.0,20.0,9.0,2.5,3,5.0,Good,High,High School,Low,No,77.0,67.0
Male,20.0,60.0,10.0,9.0,2.5,4,5.0,Good,Medium,Postgraduate,Medium,No,85.0,62.0
Male,20.0,77.0,23.0,8.0,2.5,1,5.0,Good,Medium,College,High,No,96.0,67.0
Male,20.0,76.0,21.0,8.0,2.5,5,5.0,Good,Medium,High School,Low,No,83.0,68.0
Female,20.0,65.0,22.0,7.0,2.5,4,5.0,Good,Low,High School,Medium,No,97.0,64.0
Female,20.0,87.0,12.0,7.0,2.5,4,5.0,Good,Medium,High School,Medium,No,62.0,64.0
Male,20.0,88.0,14.0,8.0,2.5,3,5.0,Good,Medium,Postgraduate,High,No,67.0,66.0
Male,20.0,89.0,26.0,7.0,2.5,2,5.0,Good,Medium,Postgraduate,Low,No,92.0,72.0
Female,20.0,89.0,20.0,8.0,2.5,3,5.0,Good,Medium,High School,Medium,No,91.0,72.0
Male,20.0,60.0,24.0,9.0,2.5,3,5.0,Good,High,High School,Medium,No,83.0,66.0
Male,20.0,98.0,20.0,7.0,2.5,1,5.0,Good,High,College,Medium,No,75.0,72.0
Male,20.0,93.0,20.0,4.0,2.5,3,5.0,Good,Low,High School,Medium,No,51.0,69.0
Female,20.0,96.0,26.0,10.0,2.5,3,5.0,Good,Low,High School,Medium,No,64.0,72.0
Male,20.0,61.0,17.0,6.0,2.5,4,5.0,Good,Medium,High School,Medium,No,58.0,60.0
Male,20.0,97.0,21.0,7.0,2.5,2,5.0,Good,Medium,High School,High,No,53.0,69.0
Male,20.0,92.0,17.0,8.0,2.5,3,5.0,Good,Medium,High School,Low,No,89.0,68.0
Male,20.0,93.0,17.0,9.0,2.5,2,5.0,Good,High,College,Low,No,57.0,69.0
Male,20.0,64.0,18.0,10.0,2.5,5,5.0,Good,Low,High School,Low,No,68.0,62.0
Male,20.0,90.0,21.0,6.0,2.5,2,5.0,Good,Low,High School,Low,No,99.0,71.0
Male,20.0,98.0,17.0,9.0,2.5,2,5.0,Good,Low,High School,High,No,70.0,70.0
Male,20.0,87.0,28.0,7.0,2.5,4,5.0,Good,Medium,High School,Medium,No,57.0,68.0
Male,20.0,83.0,15.0,10.0,2.5,2,5.0,Good,Medium,College,High,No,84.0,68.0
Female,20.0,98.0,19.0,9.0,2.5,2,5.0,Good,Low,College,High,No,90.0,70.0
Female,20.0,78.0,17.0,7.0,2.5,3,5.0,Good,Medium,High School,Low,No,64.0,65.0
Male,20.0,84.0,29.0,6.0,2.5,3,5.0,Good,Medium,Postgraduate,Medium,No,90.0,73.0
Male,20.0,79.0,21.0,4.0,2.5,4,5.0,Good,Low,College,Low,No,64.0,66.0
Male,20.0,97.0,26.0,8.0,2.5,3,5.0,Good,Low,High School,High,No,85.0,71.0
Female,20.0,63.0,11.0,9.0,2.5,3,5.0,Good,High,High School,Medium,No,56.0,62.0
Female,20.0,80.0,22.0,8.0,2.5,3,5.0,Good,High,High School,Low,No,71.0,68.0
Male,20.0,87.0,25.0,4.0,2.5,4,5.0,Good,Low,College,Low,No,76.0,70.0
Female,20.0,92.0,20.0,5.0,2.5,2,5.0,Good,Low,Postgraduate,Medium,No,86.0,68.0
Female,20.0,83.0,26.0,8.0,2.5,2,5.0,Good,Medium,College,Low,No,83.0,71.0
Female,20.0,96.0,17.0,10.0,2.5,4,5.0,Good,Medium,High School,Medium,No,93.0,70.0
Male,20.0,98.0,28.0,7.0,2.5,3,5.0,Good,Medium,High School,Low,No,59.0,72.0
Male,20.0,63.0,34.0,9.0,2.5,2,5.0,Good,Medium,College,Medium,No,83.0,69.0
Male,20.0,76.0,18.0,5.0,2.5,2,5.0,Good,Medium,College,Low,No,56.0,63.0
Female,20.0,61.0,17.0,7.0,2.5,2,5.0,Good,High,Postgraduate,Medium,No,74.0,62.0
Female,20.0,73.0,29.0,7.0,2.5,3,5.0,Good,Medium,High School,Low,No,76.0,68.0
Male,20.0,81.0,29.0,9.0,2.5,5,5.0,Good,Low,Postgraduate,Medium,No,51.0,70.0
Male,20.0,96.0,17.0,6.0,2.5,4,5.0,Good,Medium,High School,Medium,No,54.0,69.0
Male,20.0,94.0,17.0,10.0,2.5,2,5.0,Good,Low,High School,Low,No,92.0,68.0
Male,20.0,65.0,18.0,7.0,2.5,1,5.0,Good,Medium,High School,High,No,64.0,65.0
Male,20.0,64.0,12.0,5.0,2.5,2,5.0,Good,Medium,High School,Low,No,67.0,59.0
Male,20.0,84.0,14.0,5.0,2.5,3,5.0,Good,Medium,College,Low,No,82.0,66.0
Male,20.0,81.0,14.0,6.0,2.5,4,5.0,Good,Low,High School,Low,No,61.0,64.0
Female,20.0,71.0,15.0,8.0,2.5,4,5.0,Good,High,High School,Low,No,60.0,63.0
Male,20.0,96.0,20.0,6.0,2.5,3,5.0,Good,Medium,College,Low,No,71.0,72.0
Male,20.0,97.0,21.0,6.0,2.5,3,5.0,Good,Low,High School,Low,No,53.0,67.0
Male,20.0,76.0,29.0,8.0,2.5,2,5.0,Good,Low,Postgraduate,Low,No,96.0,94.0
Female,20.0,96.0,14.0,4.0,2.5,3,5.0,Good,Low,High School,Medium,No,97.0,70.0
Male,20.0,75.0,26.0,6.0,2.5,3,5.0,Good,Medium,High School,Low,No,72.0,66.0
Female,20.0,89.0,19.0,5.0,2.5,2,5.0,Good,Low,Postgraduate,Medium,No,60.0,69.0
Male,20.0,79.0,20.0,6.0,2.5,2,5.0,Good,Low,High School,Low,No,74.0,64.0
Female,20.0,65.0,24.0,7.0,2.5,3,5.0,Good,Low,High School,Low,No,55.0,63.0
Female,20.0,97.0,13.0,7.0,2.5,4,5.0,Good,Medium,Postgraduate,Low,No,70.0,71.0
Male,20.0,78.0,22.0,7.0,2.5,3,5.0,Good,Medium,High School,Medium,No,54.0,65.0
Female,20.0,89.0,21.0,9.0,2.5,5,5.0,Good,Low,College,Medium,No,85.0,68.0
Male,20.0,75.0,23.0,7.0,2.5,3,5.0,Good,High,High School,Low,No,64.0,64.0
Male,20.0,61.0,22.0,10.0,2.5,2,5.0,Good,High,College,High,No,76.0,64.0
Male,20.0,64.0,35.0,8.0,2.5,5,5.0,Good,Medium,High School,Medium,No,51.0,66.0
Male,20.0,80.0,16.0,6.0,2.5,4,5.0,Good,Medium,College,Medium,No,76.0,68.0
Female,20.0,88.0,17.0,10.0,2.5,5,5.0,Good,Medium,College,Low,No,50.0,67.0
Female,20.0,73.0,16.0,7.0,2.5,3,5.0,Good,Medium,High School,Medium,No,96.0,66.0
Male,20.0,88.0,17.0,10.0,2.5,3,5.0,Good,Medium,High School,Medium,No,75.0,68.0
Male,20.0,88.0,16.0,7.0,2.5,3,5.0,Good,Medium,Postgraduate,Low,No,55.0,66.0
Male,20.0,88.0,27.0,7.0,2.5,4,5.0,Good,Medium,College,High,No,67.0,71.0
Female,20.0,80.0,29.0,8.0,2.5,4,5.0,Good,Medium,High School,Low,No,52.0,71.0
Male,20.0,97.0,17.0,7.0,2.5,4,5.0,Good,Medium,College,Low,No,77.0,68.0
Female,20.0,80.0,15.0,9.0,2.5,3,5.0,Good,High,High School,Medium,No,56.0,64.0
Male,20.0,78.0,23.0,10.0,2.5,4,5.0,Good,Low,High School,Medium,No,74.0,67.0
Male,20.0,68.0,17.0,4.0,2.5,2,5.0,Good,High,High School,Medium,No,65.0,64.0
Female,20.0,72.0,24.0,8.0,2.5,2,5.0,Good,High,High School,Low,No,88.0,68.0
Male,20.0,62.0,21.0,6.0,2.5,3,5.0,Good,High,Postgraduate,Low,No,74.0,62.0
Male,20.0,85.0,11.0,4.0,2.5,1,5.0,Good,Low,College,Medium,No,92.0,64.0
Male,20.0,70.0,29.0,8.0,2.5,3,5.0,Good,Low,Postgraduate,Low,No,97.0,70.0
Male,20.0,72.0,31.0,8.0,2.5,4,5.0,Good,High,College,Low,No,98.0,68.0
Female,20.0,91.0,16.0,8.0,2.5,3,5.0,Good,High,College,Medium,No,63.0,69.0
Male,20.0,73.0,18.0,8.0,2.5,4,5.0,Good,Low,College,Low,No,88.0,65.0
Male,20.0,70.0,22.0,8.0,2.5,3,5.0,Good,Medium,High School,High,No,72.0,67.0
Male,20.0,67.0,22.0,6.0,2.5,2,5.0,Good,Low,College,Medium,No,71.0,65.0
Male,20.0,91.0,24.0,7.0,2.5,2,5.0,Good,Low,High School,Medium,No,93.0,71.0
Female,20.0,65.0,32.0,8.0,2.5,3,5.0,Good,Low,High School,Low,No,57.0,65.0
Female,20.0,78.0,19.0,9.0,2.5,5,5.0,Good,Low,High School,Low,No,74.0,66.0
Female,20.0,80.0,15.0,7.0,2.5,5,5.0,Good,Medium,High School,Low,No,80.0,65.0
Male,20.0,87.0,12.0,7.0,2.5,1,5.0,Good,Low,College,Medium,No,53.0,65.0
Male,20.0,85.0,16.0,7.0,2.5,3,5.0,Good,High,High School,Medium,No,93.0,68.0
Male,20.0,92.0,20.0,5.0,2.5,2,5.0,Good,Medium,College,Medium,No,66.0,68.0
Female,20.0,62.0,31.0,8.0,2.5,2,5.0,Good,Medium,College,Medium,No,83.0,67.0
Male,20.0,72.0,17.0,5.0,2.5,3,5.0,Good,High,High School,High,No,96.0,65.0
Male,20.0,71.0,21.0,8.0,2.5,2,5.0,Good,Medium,College,Medium,No,86.0,66.0
Female,20.0,66.0,20.0,7.0,2.5,4,5.0,Good,Low,High School,Medium,No,94.0,63.0
Male,20.0,72.0,27.0,5.0,2.5,5,5.0,Good,Medium,Postgraduate,High,No,53.0,70.0
Male,20.0,72.0,35.0,5.0,2.5,5,5.0,Good,Medium,College,Low,No,75.0,72.0
Male,20.0,81.0,17.0,6.0,2.5,2,5.0,Good,Medium,High School,Low,No,78.0,67.0
Male,20.0,87.0,17.0,6.0,2.5,3,5.0,Good,Medium,College,Medium,No,84.0,67.0
Male,20.0,75.0,26.0,9.0,2.5,5,5.0,Good,Medium,High School,Low,No,56.0,66.0
Male,20.0,89.0,24.0,7.0,2.5,3,5.0,Good,Medium,High School,Low,No,83.0,66.0
Male,20.0,73.0,31.0,8.0,2.5,4,5.0,Good,Medium,High School,Low,No,57.0,69.0
Male,20.0,72.0,24.0,9.0,2.5,4,5.0,Good,Medium,High School,Low,No,53.0,62.0
Female,20.0,82.0,18.0,9.0,2.5,4,5.0,Good,Low,College,Low,No,73.0,66.0
Male,20.0,61.0,24.0,7.0,2.5,3,5.0,Good,High,Postgraduate,Low,No,80.0,64.0
Female,20.0,63.0,27.0,6.0,2.5,2,5.0,Good,Medium,High School,Low,No,98.0,67.0
Male,20.0,77.0,25.0,8.0,2.5,1,5.0,Good,Medium,College,Medium,No,85.0,71.0
Male,20.0,98.0,23.0,6.0,2.5,2,5.0,Good,Medium,High School,Medium,No,80.0,73.0
Female,20.0,89.0,26.0,10.0,2.5,3,5.0,Good,Low,High School,Medium,No,61.0,68.0
Male,20.0,64.0,27.0,8.0,2.5,1,5.0,Good,Medium,Postgraduate,High,No,58.0,66.0
Male,20.0,94.0,28.0,7.0,2.5,4,5.0,Good,Medium,Postgraduate,Low,No,80.0,75.0
Female,20.0,89.0,24.0,8.0,2.5,3,5.0,Good,Medium,Postgraduate,Low,No,61.0,72.0
Male,20.0,84.0,19.0,7.0,2.5,3,5.0,Good,Medium,High School,High,No,85.0,68.0
Male,20.0,93.0,21.0,6.0,2.5,3,5.0,Good,Medium,High School,Low,No,56.0,68.0
Male,20.0,76.0,27.0,8.0,2.5,4,5.0,Good,Medium,High School,Medium,No,67.0,69.0
Female,20.0,69.0,15.0,7.0,2.5,2,5.0,Good,Medium,College,Low,No,89.0,63.0
Female,20.0,80.0,22.0,10.0,2.5,2,5.0,Good,Medium,High School,Medium,No,92.0,70.0
Male,20.0,82.0,18.0,6.0,2.5,3,5.0,Good,Low,Postgraduate,High,No,67.0,66.0
Male,20.0,82.0,20.0,8.0,2.5,4,5.0,Good,Medium,High School,Medium,No,60.0,66.0
Male,20.0,83.0,28.0,6.0,2.5,2,5.0,Good,Medium,Postgraduate,Low,No,98.0,72.0
Male,20.0,98.0,21.0,6.0,2.5,3,5.0,Good,Medium,Postgraduate,Medium,No,88.0,71.0
Male,20.0,96.0,20.0,4.0,2.5,2,5.0,Good,Medium,College,Low,No,90.0,72.0
Male,20.0,95.0,12.0,8.0,2.5,1,5.0,Good,High,College,High,No,61.0,69.0
Male,20.0,92.0,24.0,6.0,2.5,2,5.0,Good,Low,High School,Low,No,71.0,71.0
Male,20.0,98.0,24.0,9.0,2.5,2,5.0,Good,Medium,Postgraduate,High,No,53.0,69.0
Female,20.0,64.0,33.0,8.0,2.5,3,5.0,Good,Medium,College,Medium,No,55.0,68.0
Male,20.0,71.0,18.0,7.0,2.5,4,5.0,Good,Low,College,Low,No,61.0,61.0
Male,20.0,80.0,21.0,5.0,2.5,1,5.0,Good,High,Postgraduate,Medium,No,65.0,68.0
Male,20.0,94.0,21.0,8.0,2.5,3,5.0,Good,Low,Postgraduate,Low,No,100.0,72.0
Female,20.0,80.0,29.0,6.0,2.5,3,5.0,Good,Medium,College,Medium,No,71.0,70.0
Female,20.0,90.0,19.0,5.0,2.5,5,5.0,Good,High,Postgraduate,Medium,No,85.0,73.0
Female,20.0,66.0,22.0,8.0,2.5,3,5.0,Good,Low,High School,Medium,No,95.0,67.0
Male,20.0,70.0,24.0,5.0,2.5,4,5.0,Good,Medium,College,Low,No,62.0,65.0
Female,20.0,89.0,21.0,4.0,2.5,2,5.0,Good,Medium,High School,High,No,57.0,68.0
Male,20.0,67.0,17.0,9.0,2.5,3,5.0,Good,High,High School,Medium,No,62.0,65.0
Male,20.0,74.0,21.0,6.0,2.5,1,5.0,Good,Medium,High School,Low,No,94.0,97.0
Male,20.0,71.0,26.0,4.0,2.5,3,5.0,Good,Low,College,Medium,No,83.0,66.0
Female,20.0,74.0,14.0,6.0,2.5,3,5.0,Good,High,High School,Medium,No,73.0,67.0
Female,20.0,88.0,21.0,6.0,2.5,1,5.0,Good,Medium,High School,High,No,91.0,70.0
Female,20.0,75.0,16.0,9.0,2.5,4,5.0,Good,Medium,High School,Low,No,62.0,66.0
Female,20.0,82.0,27.0,5.0,2.5,4,5.0,Good,Low,High School,Low,No,62.0,69.0
Male,20.0,64.0,11.0,5.0,2.5,4,5.0,Good,Low,College,Low,No,78.0,62.0
Male,20.0,92.0,17.0,8.0,2.5,3,5.0,Good,High,High School,High,No,90.0,68.0
Male,20.0,75.0,22.0,6.0,2.5,2,5.0,Good,Low,College,Low,No,63.0,67.0
Female,20.0,86.0,29.0,7.0,2.5,4,5.0,Good,Medium,High School,Medium,No,61.0,68.0
Male,20.0,89.0,20.0,6.0,2.5,2,5.0,Good,Medium,High School,Low,No,74.0,69.0
Female,20.0,68.0,17.0,10.0,2.5,1,5.0,Good,Medium,High School,High,No,57.0,62.0
Male,20.0,95.0,31.0,5.0,2.5,3,5.0,Good,Medium,Postgraduate,Low,No,87.0,75.0
Male,20.0,85.0,11.0,7.0,2.5,3,5.0,Good,Low,High School,High,No,79.0,65.0
Male,20.0,77.0,7.0,9.0,2.5,3,5.0,Good,Medium,College,Medium,No,76.0,63.0
Male,20.0,67.0,23.0,6.0,2.5,2,5.0,Good,Low,College,Medium,No,94.0,66.0
Female,20.0,98.0,17.0,6.0,2.5,5,5.0,Good,High,College,Medium,No,87.0,71.0
Male,20.0,90.0,14.0,8.0,2.5,3,5.0,Good,Medium,College,Medium,No,57.0,66.0
Male,20.0,68.0,24.0,9.0,2.5,4,5.0,Good,Medium,College,Medium,No,71.0,66.0
Male,20.0,74.0,21.0,6.0,2.5,4,5.0,Good,Low,High School,Medium,No,66.0,66.0
Male,20.0,92.0,17.0,9.0,2.5,3,5.0,Good,Medium,High School,High,No,90.0,71.0
Male,20.0,88.0,12.0,7.0,2.5,3,5.0,Good,High,High School,Medium,No,86.0,68.0
Male,20.0,91.0,25.0,8.0,2.5,3,5.0,Good,High,College,Medium,No,74.0,71.0
Female,20.0,78.0,24.0,9.0,2.5,3,5.0,Good,Low,Postgraduate,High,No,91.0,68.0
Male,20.0,89.0,19.0,8.0,2.5,4,5.0,Good,Medium,High School,Low,No,71.0,68.0
Male,20.0,75.0,31.0,7.0,2.5,2,5.0,Good,Low,High School,Medium,No,90.0,68.0
Male,20.0,68.0,14.0,6.0,2.5,2,5.0,Good,Medium,College,Low,No,52.0,62.0
Male,20.0,85.0,11.0,10.0,2.5,5,5.0,Good,High,High School,Medium,No,57.0,65.0
Male,20.0,99.0,16.0,6.0,2.5,3,5.0,Good,High,Postgraduate,Low,No,88.0,71.0
Male,20.0,72.0,20.0,7.0,2.5,6,5.0,Good,Low,College,Low,No,56.0,63.0
Male,20.0,78.0,21.0,8.0,2.5,4,5.0,Good,Low,High School,High,No,84.0,68.0
Female,20.0,87.0,19.0,8.0,2.5,4,5.0,Good,Low,High School,Medium,No,86.0,69.0
Male,20.0,82.0,22.0,10.0,2.5,2,5.0,Good,Medium,College,Low,No,83.0,69.0
Female,20.0,94.0,12.0,7.0,2.5,3,5.0,Good,Low,Postgraduate,Medium,No,91.0,71.0
Female,20.0,90.0,29.0,7.0,2.5,1,5.0,Good,Medium,Postgraduate,Low,No,76.0,71.0
Male,20.0,62.0,20.0,9.0,2.5,3,5.0,Good,Low,High School,Medium,No,95.0,62.0
Male,20.0,100.0,27.0,7.0,2.5,2,5.0,Good,Low,High School,Medium,No,78.0,70.0
Male,20.0,90.0,22.0,8.0,2.5,3,5.0,Good,High,College,Low,No,75.0,70.0
Male,20.0,95.0,23.0,7.0,2.5,2,5.0,Good,Medium,College,High,No,75.0,73.0
Female,20.0,86.0,23.0,8.0,2.5,2,5.0,Good,Low,High School,Medium,No,96.0,71.0
Female,20.0,94.0,23.0,8.0,2.5,0,5.0,Good,Medium,Postgraduate,Low,No,62.0,69.0
Male,20.0,64.0,24.0,6.0,2.5,3,5.0,Good,High,Postgraduate,High,No,85.0,66.0
Male,20.0,74.0,28.0,4.0,2.5,3,5.0,Good,Medium,High School,Low,No,62.0,65.0
Male,20.0,95.0,21.0,4.0,2.5,1,5.0,Good,Medium,College,Medium,No,55.0,71.0
Male,20.0,68.0,24.0,4.0,2.5,2,5.0,Good,High,High School,Medium,No,98.0,68.0
Female,20.0,63.0,19.0,7.0,2.5,3,5.0,Good,Medium,High School,Low,No,56.0,64.0
Male,20.0,92.0,29.0,4.0,2.5,3,5.0,Good,Medium,Postgraduate,Low,No,84.0,71.0
Male,20.0,93.0,16.0,7.0,2.5,2,5.0,Good,Medium,High School,Medium,No,71.0,67.0
Female,20.0,67.0,31.0,7.0,2.5,3,5.0,Good,High,High School,Medium,No,92.0,66.0
Male,20.0,94.0,20.0,8.0,2.5,4,5.0,Good,Medium,High School,Low,No,89.0,71.0
Male,20.0,87.0,11.0,8.0,2.5,2,5.0,Good,High,High School,Low,No,57.0,62.0
Male,20.0,81.0,21.0,8.0,2.5,2,5.0,Good,Medium,High School,Low,No,73.0,67.0
Male,20.0,93.0,16.0,8.0,2.5,2,5.0,Good,Medium,College,Low,No,51.0,67.0
Female,20.0,77.0,25.0,7.0,2.5,3,5.0,Good,Medium,High School,Medium,No,71.0,66.0
Female,20.0,68.0,16.0,7.0,2.5,3,5.0,Good,High,Postgraduate,Low,No,85.0,64.0
Male,20.0,71.0,17.0,6.0,2.5,3,5.0,Good,Medium,College,Low,No,62.0,62.0
Female,20.0,80.0,9.0,7.0,2.5,3,5.0,Good,Low,College,Medium,No,91.0,65.0
Male,20.0,81.0,17.0,5.0,2.5,1,5.0,Good,Low,College,Medium,No,53.0,63.0
Female,20.0,92.0,5.0,9.0,2.5,4,5.0,Good,Medium,College,High,No,52.0,64.0
Female,20.0,92.0,10.0,6.0,2.5,3,5.0,Good,Low,High School,Medium,No,51.0,65.0
Male,20.0,83.0,25.0,7.0,2.5,2,5.0,Good,Medium,College,Low,No,64.0,68.0
Female,20.0,91.0,25.0,7.0,2.5,3,5.0,Good,Medium,High School,Low,No,73.0,72.0
Male,20.0,68.0,23.0,9.0,2.5,3,5.0,Good,Medium,College,Low,No,55.0,64.0
Male,20.0,62.0,14.0,4.0,2.5,3,5.0,Good,Low,High School,Low,No,100.0,62.0
Female,20.0,95.0,20.0,7.0,2.5,2,5.0,Good,Low,High School,Low,No,100.0,69.0
Female,20.0,63.0,20.0,8.0,2.5,4,5.0,Good,Medium,Postgraduate,Medium,No,76.0,64.0
Female,20.0,70.0,13.0,10.0,2.5,2,5.0,Good,Medium,High School,Low,No,78.0,61.0
Female,20.0,88.0,29.0,7.0,2.5,2,5.0,Good,Low,High School,Low,No,96.0,72.0
Male,20.0,76.0,25.0,6.0,2.5,3,5.0,Good,Low,College,Medium,No,88.0,66.0
Male,20.0,95.0,19.0,10.0,2.5,3,5.0,Good,Low,High School,High,No,58.0,69.0
Female,20.0,72.0,20.0,8.0,2.5,2,5.0,Good,High,College,Low,No,90.0,65.0
Male,20.0,60.0,21.0,9.0,2.5,3,5.0,Good,Medium,High School,Low,No,62.0,64.0
Female,20.0,72.0,8.0,5.0,2.5,4,5.0,Good,Medium,High School,High,No,72.0,62.0
Male,20.0,83.0,19.0,8.0,2.5,4,5.0,Good,High,High School,Low,No,77.0,66.0
Female,20.0,75.0,16.0,5.0,2.5,1,5.0,Good,Medium,College,Low,No,86.0,62.0
Male,20.0,81.0,14.0,5.0,2.5,4,5.0,Good,High,Postgraduate,Low,No,58.0,66.0
Female,20.0,95.0,18.0,8.0,2.5,3,5.0,Good,Medium,College,High,No,54.0,70.0
Male,20.0,96.0,31.0,8.0,2.5,3,5.0,Good,Low,High School,Low,No,93.0,75.0
Female,20.0,71.0,24.0,6.0,2.5,2,5.0,Good,Medium,High School,High,No,91.0,67.0
Male,20.0,78.0,17.0,9.0,2.5,2,5.0,Good,Low,College,Medium,No,76.0,66.0
Male,20.0,82.0,23.0,6.0,2.5,3,5.0,Good,Medium,Postgraduate,Medium,No,83.0,71.0
Female,20.0,98.0,28.0,7.0,2.5,2,5.0,Good,Medium,High School,Medium,No,86.0,75.0
Female,20.0,100.0,26.0,7.0,2.5,2,5.0,Good,Low,High School,Medium,No,74.0,72.0
Female,20.0,69.0,20.0,7.0,2.5,2,5.0,Good,Low,High School,Low,No,63.0,64.0
Male,20.0,89.0,16.0,9.0,2.5,3,5.0,Good,Medium,High School,Low,No,74.0,65.0
Male,20.0,75.0,24.0,5.0,2.5,3,5.0,Good,High,High School,Low,No,98.0,67.0
Male,20.0,60.0,22.0,6.0,2.5,2,5.0,Good,Low,High School,Low,No,92.0,63.0
Male,20.0,60.0,25.0,5.0,2.5,2,5.0,Good,Low,High School,Medium,No,73.0,62.0
Female,20.0,78.0,24.0,10.0,2.5,4,5.0,Good,High,College,Medium,No,61.0,69.0
Male,20.0,80.0,26.0,7.0,2.5,2,5.0,Good,Medium,Postgraduate,Low,No,94.0,70.0
Male,20.0,61.0,17.0,6.0,2.5,4,5.0,Good,High,Postgraduate,Medium,No,82.0,63.0
Male,20.0,87.0,28.0,7.0,2.5,2,5.0,Good,Medium,Postgraduate,Low,No,70.0,71.0
Male,20.0,72.0,21.0,8.0,2.5,4,5.0,Good,Medium,High School,Low,No,56.0,63.0
Male,20.0,82.0,32.0,8.0,2.5,2,5.0,Good,Low,College,High,No,88.0,71.0
Male,20.0,72.0,16.0,6.0,2.5,4,5.0,Good,Low,College,Low,No,66.0,63.0
Male,20.0,67.0,30.0,6.0,2.5,4,5.0,Good,High,High School,Low,No,80.0,68.0
Male,20.0,76.0,21.0,5.0,2.5,3,5.0,Good,High,High School,Low,No,78.0,65.0
Female,20.0,69.0,16.0,7.0,2.5,3,5.0,Good,Medium,High School,High,No,85.0,66.0
Male,20.0,81.0,17.0,9.0,2.5,4,5.0,Good,Medium,College,Low,No,77.0,66.0
Male,20.0,68.0,18.0,6.0,2.5,3,5.0,Good,Low,High School,Medium,No,82.0,66.0
Female,20.0,80.0,23.0,8.0,2.5,2,5.0,Good,Medium,High School,Medium,No,54.0,65.0
Female,20.0,66.0,23.0,6.0,2.5,2,5.0,Good,Medium,High School,High,No,83.0,66.0
Female,20.0,87.0,17.0,5.0,2.5,3,5.0,Good,Medium,High School,Medium,No,60.0,67.0
Female,20.0,90.0,20.0,8.0,2.5,3,5.0,Good,Medium,High School,Medium,No,70.0,68.0
Male,20.0,64.0,33.0,10.0,2.5,3,5.0,Good,Low,High School,High,No,76.0,68.0
Female,20.0,79.0,30.0,8.0,2.5,3,5.0,Good,Medium,College,Low,No,84.0,69.0
Male,20.0,63.0,23.0,6.0,2.5,2,5.0,Good,Low,Postgraduate,Medium,No,87.0,64.0
Male,20.0,84.0,20.0,6.0,2.5,3,5.0,Good,Medium,High School,Medium,No,85.0,67.0
Female,20.0,71.0,21.0,10.0,2.5,4,5.0,Good,Low,High School,Medium,No,55.0,63.0
Male,20.0,81.0,24.0,7.0,2.5,3,5.0,Good,Medium,College,Low,No,69.0,67.0
Female,20.0,81.0,14.0,6.0,2.5,2,5.0,Good,Low,High School,High,No,64.0,64.0
Female,20.0,97.0,18.0,7.0,2.5,2,5.0,Good,Low,High School,High,No,70.0,66.0
Male,20.0,82.0,10.0,7.0,2.5,4,5.0,Good,Low,High School,Low,No,82.0,65.0
Female,20.0,83.0,22.0,8.0,2.5,2,5.0,Good,Low,Postgraduate,Medium,No,60.0,68.0
Male,20.0,76.0,24.0,9.0,2.5,5,5.0,Good,Low,High School,Low,No,75.0,66.0
Male,20.0,98.0,17.0,9.0,2.5,3,5.0,Good,Low,College,High,No,94.0,71.0
Female,20.0,91.0,29.0,7.0,2.5,4,5.0,Good,Medium,College,Medium,No,87.0,74.0
Male,20.0,71.0,13.0,7.0,2.5,3,5.0,Good,Low,Postgraduate,Low,No,86.0,65.0
Female,20.0,94.0,11.0,8.0,2.5,4,5.0,Good,High,High School,Medium,No,92.0,68.0
Male,20.0,77.0,21.0,6.0,2.5,2,5.0,Good,Low,College,High,No,70.0,68.0
Male,20.0,93.0,26.0,8.0,2.5,4,5.0,Good,Medium,College,Medium,No,88.0,72.0
Female,20.0,93.0,30.0,7.0,2.5,2,5.0,Good,Medium,Postgraduate,Low,No,53.0,74.0
Male,20.0,68.0,17.0,8.0,2.5,2,5.0,Good,Medium,College,Low,No,53.0,61.0
Male,20.0,88.0,26.0,10.0,2.5,3,5.0,Good,Low,High School,Low,No,67.0,65.0
Male,20.0,72.0,20.0,8.0,2.5,5,5.0,Good,Low,High School,Low,No,60.0,63.0
Female,20.0,72.0,19.0,7.0,2.5,2,5.0,Good,Medium,High School,Medium,No,76.0,66.0
Male,20.0,72.0,25.0,6.0,2.5,3,5.0,Good,Medium,High School,Low,No,59.0,66.0
Female,20.0,89.0,24.0,7.0,2.5,4,5.0,Good,Medium,High School,Low,No,99.0,73.0
Male,20.0,69.0,11.0,5.0,2.5,4,5.0,Good,Medium,College,Medium,No,93.0,63.0
Female,20.0,60.0,29.0,8.0,2.5,4,5.0,Good,Medium,High School,Medium,No,99.0,68.0
Female,20.0,89.0,28.0,4.0,2.5,2,5.0,Good,High,Postgraduate,Low,No,90.0,73.0
Male,20.0,67.0,16.0,8.0,2.5,3,5.0,Good,Medium,High School,High,No,98.0,63.0
Male,20.0,64.0,22.0,8.0,2.5,4,5.0,Good,Medium,High School,Medium,No,68.0,65.0
Female,20.0,70.0,23.0,7.0,2.5,4,5.0,Good,High,High School,Low,No,75.0,66.0
Female,20.0,75.0,22.0,6.0,2.5,3,5.0,Good,Medium,Postgraduate,High,No,62.0,65.0
Male,20.0,79.0,17.0,7.0,2.5,2,5.0,Good,Medium,College,Medium,No,82.0,66.0
Female,20.0,62.0,16.0,4.0,2.5,3,5.0,Good,High,College,Low,No,89.0,65.0
Female,20.0,99.0,20.0,8.0,2.5,2,5.0,Good,Medium,Postgraduate,Low,No,75.0,70.0
Female,20.0,89.0,27.0,7.0,2.5,3,5.0,Good,Medium,High School,Medium,No,65.0,70.0
Female,20.0,73.0,23.0,9.0,2.5,3,5.0,Good,Medium,High School,High,No,75.0,68.0
Male,20.0,73.0,18.0,8.0,2.5,3,5.0,Good,Medium,Postgraduate,Low,No,53.0,64.0
Female,20.0,78.0,25.0,7.0,2.5,3,5.0,Good,Medium,Postgraduate,Medium,No,86.0,68.0
Male,20.0,85.0,3.0,8.0,2.5,3,5.0,Good,Low,High School,Low,No,73.0,62.0
Male,20.0,66.0,27.0,6.0,2.5,3,5.0,Good,Medium,College,Medium,No,95.0,68.0
Male,20.0,68.0,10.0,6.0,2.5,3,5.0,Good,Low,College,High,No,96.0,61.0
Male,20.0,94.0,18.0,7.0,2.5,3,5.0,Good,Low,Postgraduate,Low,No,56.0,69.0
Male,20.0,70.0,13.0,7.0,2.5,3,5.0,Good,Medium,High School,Low,No,100.0,65.0
Male,20.0,75.0,12.0,6.0,2.5,2,5.0,Good,Medium,College,Low,No,98.0,65.0
Male,20.0,95.0,27.0,7.0,2.5,2,5.0,Good,Low,High School,Low,No,81.0,72.0
Female,20.0,87.0,17.0,7.0,2.5,3,5.0,Good,High,College,Low,No,91.0,70.0
Male,20.0,74.0,22.0,10.0,2.5,4,5.0,Good,Medium,High School,Medium,No,51.0,65.0
Male,20.0,87.0,20.0,7.0,2.5,3,5.0,Good,Medium,High School,Low,No,99.0,69.0
Male,20.0,61.0,23.0,6.0,2.5,3,5.0,Good,Medium,College,Medium,No,73.0,65.0
Male,20.0,89.0,20.0,7.0,2.5,2,5.0,Good,Low,High School,Low,No,95.0,69.0
Male,20.0,79.0,12.0,9.0,2.5,3,5.0,Good,Medium,Postgraduate,Low,No,69.0,65.0
Male,20.0,93.0,26.0,9.0,2.5,3,5.0,Good,Medium,College,Low,No,89.0,72.0
Female,20.0,98.0,17.0,10.0,2.5,3,5.0,Good,Medium,Postgraduate,Low,No,71.0,70.0
Female,20.0,97.0,11.0,7.0,2.5,2,5.0,Good,Low,High School,Low,No,68.0,64.0
Female,20.0,96.0,17.0,8.0,2.5,3,5.0,Good,Low,High School,Medium,No,97.0,67.0
Male,20.0,80.0,29.0,5.0,2.5,2,5.0,Good,High,High School,High,No,85.0,69.0
Male,20.0,74.0,25.0,6.0,2.5,3,5.0,Good,Low,Postgraduate,Medium,No,92.0,70.0
Male,20.0,79.0,18.0,5.0,2.5,3,5.0,Good,Low,High School,Low,No,77.0,65.0
Female,20.0,88.0,18.0,8.0,2.5,3,5.0,Good,Low,High School,Low,No,96.0,69.0
Male,20.0,95.0,18.0,7.0,2.5,2,5.0,Good,High,College,Medium,No,87.0,74.0
Male,20.0,68.0,32.0,7.0,2.5,1,5.0,Good,Medium,Postgraduate,Low,No,54.0,66.0
Male,20.0,97.0,22.0,6.0,2.5,4,5.0,Good,High,College,Low,No,88.0,72.0
Male,20.0,93.0,23.0,8.0,2.5,1,5.0,Good,High,High School,Low,No,51.0,67.0
Female,20.0,99.0,26.0,4.0,2.5,4,5.0,Good,High,Postgraduate,High,No,91.0,75.0
Female,20.0,95.0,21.0,7.0,2.5,2,5.0,Good,Medium,College,Medium,No,67.0,70.0
Female,20.0,71.0,18.0,7.0,2.5,4,5.0,Good,Medium,Postgraduate,Medium,No,80.0,63.0
Male,20.0,64.0,19.0,4.0,2.5,4,5.0,Good,High,High School,Medium,No,87.0,65.0
Female,20.0,64.0,20.0,8.0,2.5,3,5.0,Good,Medium,High School,Medium,No,82.0,64.0
Female,20.0,72.0,20.0,7.0,2.5,2,5.0,Good,Low,High School,Medium,No,84.0,65.0
Female,20.0,85.0,24.0,8.0,2.5,4,5.0,Good,Medium,High School,Medium,No,95.0,70.0
Male,20.0,92.0,20.0,10.0,2.5,2,5.0,Good,Medium,Postgraduate,Low,No,69.0,67.0
Female,20.0,96.0,24.0,7.0,2.5,2,5.0,Good,Low,High School,Low,No,77.0,67.0
Female,20.0,85.0,20.0,8.0,2.5,3,5.0,Good,Medium,Postgraduate,Medium,No,59.0,68.0
Male,20.0,60.0,20.0,9.0,2.5,4,5.0,Good,High,College,Medium,No,73.0,65.0
Female,20.0,67.0,8.0,8.0,2.5,1,5.0,Good,Low,Postgraduate,Medium,No,58.0,61.0
Female,20.0,64.0,25.0,6.0,2.5,3,5.0,Good,Low,High School,Low,No,82.0,63.0
Male,20.0,75.0,22.0,5.0,2.5,2,5.0,Good,Low,High School,Low,No,66.0,80.0
Male,20.0,80.0,26.0,8.0,2.5,1,5.0,Good,Medium,Postgraduate,Low,No,93.0,69.0
Male,20.0,62.0,3.0,6.0,2.5,3,5.0,Good,Medium,High School,Low,No,67.0,55.0
Female,20.0,74.0,33.0,9.0,2.5,4,5.0,Good,Medium,Postgraduate,Medium,No,64.0,70.0
Female,20.0,67.0,19.0,6.0,2.5,3,5.0,Good,High,College,Low,No,75.0,65.0
Male,20.0,86.0,27.0,7.0,2.5,3,5.0,Good,Low,High School,Medium,No,59.0,68.0
Male,20.0,79.0,14.0,5.0,2.5,5,5.0,Good,Medium,High School,Low,No,60.0,64.0
Male,20.0,80.0,24.0,6.0,2.5,3,5.0,Good,Medium,College,Low,No,89.0,69.0
Female,20.0,77.0,14.0,6.0,2.5,4,5.0,Good,Medium,High School,Medium,No,75.0,89.0
Male,20.0,98.0,16.0,6.0,2.5,3,5.0,Good,Medium,High School,Medium,No,60.0,67.0
Male,20.0,69.0,31.0,7.0,2.5,5,5.0,Good,Medium,College,High,No,52.0,92.0
Female,20.0,81.0,19.0,6.0,2.5,3,5.0,Good,Low,High School,Low,No,73.0,67.0
Male,20.0,89.0,21.0,10.0,2.5,3,5.0,Good,Low,College,Medium,No,87.0,70.0
Male,20.0,82.0,25.0,8.0,2.5,3,5.0,Good,Medium,College,Low,No,68.0,68.0
Male,20.0,97.0,23.0,9.0,2.5,2,5.0,Good,Medium,Postgraduate,Low,No,62.0,70.0
Male,20.0,75.0,21.0,7.0,2.5,4,5.0,Good,Low,Postgraduate,Medium,No,70.0,67.0
Male,20.0,79.0,22.0,7.0,2.5,3,5.0,Good,High,High School,High,No,98.0,69.0
Female,20.0,64.0,34.0,6.0,2.5,4,5.0,Good,High,High School,Low,No,71.0,67.0
Female,20.0,84.0,20.0,10.0,2.5,4,5.0,Good,Medium,High School,Low,No,63.0,69.0
Female,20.0,72.0,21.0,7.0,2.5,1,5.0,Good,Low,High School,High,No,78.0,63.0
Female,20.0,66.0,26.0,6.0,2.5,3,5.0,Good,Medium,College,Medium,No,91.0,69.0
Male,20.0,82.0,27.0,6.0,2.5,3,5.0,Good,Low,High School,Low,No,51.0,66.0
Male,20.0,81.0,27.0,8.0,2.5,3,5.0,Good,Medium,High School,Medium,No,78.0,68.0
Male,20.0,63.0,24.0,9.0,2.5,4,5.0,Good,Medium,Postgraduate,Medium,No,92.0,69.0
Female,20.0,88.0,13.0,9.0,2.5,3,5.0,Good,Low,High School,Medium,No,61.0,66.0
Female,20.0,85.0,30.0,6.0,2.5,4,5.0,Good,Low,High School,Medium,No,96.0,72.0
Male,20.0,68.0,13.0,6.0,2.5,3,5.0,Good,Medium,College,High,No,79.0,62.0
Male,20.0,79.0,22.0,9.0,2.5,2,5.0,Good,Medium,High School,Low,No,76.0,67.0
Male,20.0,89.0,15.0,10.0,2.5,2,5.0,Good,Low,College,Low,No,98.0,67.0
Male,20.0,81.0,20.0,7.0,2.5,3,5.0,Good,Low,High School,Medium,No,56.0,67.0
Female,20.0,76.0,22.0,9.0,2.5,3,5.0,Good,Low,College,Low,No,87.0,65.0
Male,20.0,73.0,22.0,5.0,2.5,3,5.0,Good,Medium,Postgraduate,Medium,No,91.0,67.0
Female,20.0,84.0,23.0,6.0,2.5,1,5.0,Good,Medium,High School,Low,No,74.0,66.0
Male,20.0,98.0,30.0,5.0,2.5,2,5.0,Good,High,College,Low,No,50.0,70.0
Female,20.0,87.0,23.0,8.0,2.5,5,5.0,Good,Medium,Postgraduate,High,No,76.0,71.0
Female,20.0,63.0,19.0,7.0,2.5,3,5.0,Good,Medium,Postgraduate,Low,No,58.0,64.0
Female,20.0,78.0,26.0,7.0,2.5,4,5.0,Good,Low,High School,Medium,No,78.0,69.0
Male,20.0,96.0,27.0,9.0,2.5,2,5.0,Good,Low,College,Medium,No,87.0,72.0
Male,20.0,64.0,13.0,6.0,2.5,4,5.0,Good,Medium,High School,Low,No,77.0,60.0
Male,20.0,100.0,24.0,7.0,2.5,3,5.0,Good,Low,High School,Medium,No,82.0,71.0
Male,20.0,98.0,24.0,5.0,2.5,3,5.0,Good,High,High School,Medium,No,55.0,71.0
Female,20.0,63.0,18.0,9.0,2.5,2,5.0,Good,Medium,Postgraduate,High,No,55.0,66.0
Female,20.0,97.0,28.0,9.0,2.5,3,5.0,Good,Low,High School,Medium,No,93.0,74.0
Male,20.0,75.0,19.0,8.0,2.5,4,5.0,Good,High,Postgraduate,Low,No,52.0,64.0
Male,20.0,94.0,21.0,7.0,2.5,2,5.0,Good,Low,High School,Medium,No,64.0,68.0
Male,20.0,77.0,19.0,6.0,2.5,2,5.0,Good,Low,High School,Low,No,97.0,66.0
Female,20.0,78.0,20.0,5.0,2.5,3,5.0,Good,Low,College,Low,No,73.0,65.0
Female,20.0,85.0,13.0,7.0,2.5,5,5.0,Good,Medium,High School,Low,No,84.0,64.0
Male,20.0,91.0,11.0,8.0,2.5,3,5.0,Good,Medium,Postgraduate,High,No,61.0,65.0
Male,20.0,61.0,30.0,10.0,2.5,2,5.0,Good,Low,Postgraduate,Medium,No,64.0,69.0
Female,20.0,84.0,15.0,6.0,2.5,4,5.0,Good,Medium,Postgraduate,Medium,No,75.0,68.0
Female,20.0,67.0,14.0,7.0,2.5,3,5.0,Good,Low,High School,Medium,No,82.0,62.0
Male,20.0,74.0,7.0,9.0,2.5,2,5.0,Good,High,High School,High,No,98.0,63.0
Female,20.0,74.0,16.0,9.0,2.5,4,5.0,Good,High,Postgraduate,High,No,79.0,65.0
Female,20.0,79.0,12.0,6.0,2.5,4,5.0,Good,Medium,College,Low,No,55.0,62.0
Male,20.0,73.0,30.0,7.0,2.5,2,5.0,Good,Medium,Postgraduate,Low,No,68.0,67.0
Male,20.0,64.0,26.0,6.0,2.5,5,5.0,Good,Low,High School,Low,No,62.0,64.0
Male,20.0,66.0,16.0,6.0,2.5,3,5.0,Good,Low,College,Medium,No,63.0,61.0
Male,20.0,61.0,34.0,9.0,2.5,2,5.0,Good,Medium,College,Low,No,75.0,65.0
Male,20.0,79.0,26.0,7.0,2.5,5,5.0,Good,Medium,High School,High,No,66.0,67.0
Male,20.0,98.0,18.0,7.0,2.5,4,5.0,Good,Medium,Postgraduate,Medium,No,64.0,70.0
Male,20.0,65.0,5.0,7.0,2.5,3,5.0,Good,Low,High School,Low,No,98.0,59.0
Male,20.0,98.0,34.0,7.0,2.5,4,5.0,Good,Medium,College,Low,No,79.0,75.0
Male,20.0,89.0,12.0,7.0,2.5,2,5.0,Good,Medium,College,Low,No,63.0,67.0
Male,20.0,85.0,10.0,6.0,2.5,3,5.0,Good,Low,College,Medium,No,64.0,64.0
Female,20.0,86.0,26.0,9.0,2.5,3,5.0,Good,Medium,High School,High,No,91.0,72.0
Female,20.0,93.0,35.0,6.0,2.5,2,5.0,Good,Medium,College,Medium,No,94.0,76.0
Male,20.0,64.0,28.0,6.0,2.5,2,5.0,Good,Low,Postgraduate,Medium,No,84.0,69.0
Male,20.0,80.0,23.0,7.0,2.5,5,5.0,Good,Low,High School,Low,No,72.0,65.0
Female,20.0,88.0,24.0,10.0,2.5,1,5.0,Good,Low,Postgraduate,High,No,88.0,72.0
Male,20.0,83.0,25.0,6.0,2.5,4,5.0,Good,Low,High School,Low,No,97.0,69.0
Female,20.0,93.0,25.0,8.0,2.5,4,5.0,Good,Medium,High School,High,No,58.0,71.0
Male,20.0,63.0,22.0,7.0,2.5,2,5.0,Good,High,High School,Medium,No,93.0,64.0
Female,20.0,88.0,21.0,7.0,2.5,3,5.0,Good,High,Postgraduate,Medium,No,92.0,74.0
Male,20.0,81.0,20.0,8.0,2.5,3,5.0,Good,Medium,College,Medium,No,68.0,68.0
Female,20.0,75.0,15.0,4.0,2.5,4,5.0,Good,High,Postgraduate,Low,No,65.0,66.0
Female,20.0,74.0,18.0,6.0,2.5,2,5.0,Good,High,High School,High,No,78.0,65.0
Female,20.0,85.0,10.0,8.0,2.5,3,5.0,Good,Low,Postgraduate,High,No,64.0,67.0
Female,20.0,96.0,19.0,7.0,2.5,3,5.0,Good,High,High School,Low,No,57.0,69.0
Male,20.0,80.0,14.0,7.0,2.5,2,5.0,Good,High,High School,Low,No,98.0,66.0
Male,20.0,93.0,13.0,8.0,2.5,2,5.0,Good,Medium,High School,Medium,No,75.0,69.0
Male,20.0,76.0,21.0,6.0,2.5,3,5.0,Good,Medium,High School,Medium,No,74.0,67.0
Male,20.0,64.0,28.0,9.0,2.5,2,5.0,Good,Medium,College,Low,No,56.0,64.0
Male,20.0,62.0,26.0,8.0,2.5,2,5.0,Good,Medium,College,Medium,No,75.0,67.0
Female,20.0,62.0,11.0,7.0,2.5,3,5.0,Good,High,High School,Low,No,87.0,61.0
Female,20.0,75.0,14.0,8.0,2.5,2,5.0,Good,Low,High School,High,No,62.0,61.0
Male,20.0,73.0,26.0,9.0,2.5,2,5.0,Good,High,High School,Medium,No,68.0,68.0
Male,20.0,89.0,14.0,6.0,2.5,5,5.0,Good,Low,Postgraduate,Low,No,59.0,66.0
Male,20.0,90.0,19.0,8.0,2.5,4,5.0,Good,Low,High School,High,No,68.0,66.0
Female,20.0,62.0,23.0,10.0,2.5,4,5.0,Good,High,College,Low,No,93.0,68.0
Male,20.0,69.0,14.0,8.0,2.5,2,5.0,Good,High,High School,Medium,No,62.0,63.0
Female,20.0,71.0,21.0,7.0,2.5,3,5.0,Good,Medium,Postgraduate,Medium,No,51.0,66.0
Female,20.0,82.0,12.0,10.0,2.5,4,5.0,Good,High,College,Medium,No,77.0,66.0
Female,20.0,66.0,16.0,7.0,2.5,3,5.0,Good,High,College,High,No,79.0,66.0
Male,20.0,65.0,22.0,9.0,2.5,4,5.0,Good,High,High School,Medium,No,66.0,65.0
Male,20.0,98.0,10.0,6.0,2.5,2,5.0,Good,Medium,College,High,No,82.0,69.0
Female,20.0,92.0,23.0,9.0,2.5,2,5.0,Good,High,High School,High,No,52.0,71.0
Female,20.0,67.0,20.0,6.0,2.5,2,5.0,Good,High,College,Medium,No,67.0,66.0
Female,20.0,76.0,23.0,7.0,2.5,3,5.0,Good,High,High School,Medium,No,57.0,66.0
Male,20.0,74.0,21.0,6.0,2.5,4,5.0,Good,Low,High School,Low,No,61.0,65.0
Female,20.0,92.0,28.0,10.0,2.5,4,5.0,Good,Medium,High School,Low,No,69.0,71.0
Male,20.0,80.0,21.0,7.0,2.5,2,5.0,Good,High,High School,Medium,No,75.0,69.0
Female,20.0,65.0,17.0,5.0,2.5,3,5.0,Good,Medium,High School,Low,No,55.0,61.0
Female,20.0,90.0,21.0,7.0,2.5,4,5.0,Good,High,High School,Low,No,55.0,70.0
Female,20.0,76.0,23.0,8.0,2.5,4,5.0,Good,High,College,High,No,84.0,70.0
Female,20.0,71.0,20.0,7.0,2.5,4,5.0,Good,High,High School,High,No,70.0,65.0
Male,20.0,75.0,20.0,6.0,2.5,1,5.0,Good,Medium,Postgraduate,Medium,No,59.0,64.0
Female,20.0,80.0,16.0,9.0,2.5,4,5.0,Good,Low,Postgraduate,High,No,62.0,68.0
Female,20.0,74.0,16.0,9.0,2.5,2,5.0,Good,Low,High School,Low,No,86.0,63.0
Male,20.0,70.0,12.0,5.0,2.5,3,5.0,Good,Medium,College,Low,No,53.0,63.0
Female,20.0,76.0,30.0,6.0,2.5,3,5.0,Good,Low,College,High,No,75.0,71.0
Male,20.0,61.0,13.0,7.0,2.5,2,5.0,Good,Low,High School,Medium,No,68.0,58.0
Female,20.0,91.0,16.0,6.0,2.5,2,5.0,Good,Medium,High School,Medium,No,91.0,68.0
Male,20.0,67.0,16.0,8.0,2.5,4,5.0,Good,High,High School,High,No,90.0,65.0
Female,20.0,62.0,25.0,10.0,2.5,3,5.0,Good,Low,College,Low,No,84.0,65.0
Male,20.0,86.0,18.0,6.0,2.5,2,5.0,Good,Low,High School,Medium,No,69.0,68.0
Male,20.0,91.0,27.0,9.0,2.5,1,5.0,Good,Medium,High School,Low,No,82.0,69.0
Male,20.0,93.0,16.0,5.0,2.5,1,5.0,Good,Low,High School,High,No,82.0,71.0
Male,20.0,80.0,22.0,8.0,2.5,2,5.0,Good,Low,Postgraduate,Low,No,67.0,65.0
Female,20.0,68.0,15.0,6.0,2.5,5,5.0,Good,Low,Postgraduate,Medium,No,94.0,64.0
Male,20.0,89.0,33.0,8.0,2.5,4,5.0,Good,Medium,College,High,No,99.0,75.0
Female,20.0,88.0,13.0,4.0,2.5,4,5.0,Good,Low,High School,Low,No,66.0,67.0
Female,20.0,70.0,22.0,5.0,2.5,3,5.0,Good,High,College,Medium,No,90.0,68.0
Female,20.0,96.0,24.0,8.0,2.5,1,5.0,Good,Low,College,Medium,No,75.0,72.0
Female,20.0,64.0,22.0,6.0,2.5,4,5.0,Good,High,Postgraduate,Medium,No,73.0,67.0
Male,20.0,99.0,19.0,7.0,2.5,3,5.0,Good,Medium,High School,High,No,69.0,72.0
Male,20.0,94.0,19.0,10.0,2.5,3,5.0,Good,High,Postgraduate,Low,No,65.0,69.0
Male,20.0,88.0,20.0,7.0,2.5,3,5.0,Good,Low,Postgraduate,High,No,96.0,68.0
Male,20.0,98.0,19.0,8.0,2.5,6,5.0,Good,Medium,High School,Medium,No,87.0,70.0
Female,20.0,89.0,26.0,6.0,2.5,3,5.0,Good,High,College,Low,No,72.0,69.0
Male,20.0,68.0,33.0,5.0,2.5,1,5.0,Good,Medium,College,Low,No,88.0,67.0
Female,20.0,78.0,17.0,7.0,2.5,3,5.0,Good,Medium,College,Low,No,86.0,63.0
Male,20.0,63.0,12.0,5.0,2.5,2,5.0,Good,Low,High School,Low,No,63.0,61.0
Female,20.0,76.0,19.0,6.0,2.5,3,5.0,Good,Medium,High School,Medium,No,59.0,66.0
Male,20.0,90.0,35.0,7.0,2.5,4,5.0,Good,Low,High School,Low,No,92.0,73.0
Male,20.0,75.0,15.0,7.0,2.5,3,5.0,Good,High,College,Medium,No,91.0,67.0
Female,20.0,73.0,30.0,8.0,2.5,2,5.0,Good,Medium,High School,High,No,100.0,72.0
Male,20.0,84.0,30.0,8.0,2.5,4,5.0,Good,Low,Postgraduate,Low,No,51.0,69.0
Female,20.0,95.0,17.0,5.0,2.5,4,5.0,Good,Medium,High School,Medium,No,77.0,69.0
Male,20.0,62.0,23.0,6.0,2.5,3,5.0,Good,Medium,College,Low,No,85.0,63.0
Male,20.0,75.0,30.0,4.0,2.5,4,5.0,Good,Low,High School,Medium,No,79.0,67.0
Female,20.0,66.0,18.0,6.0,2.5,2,5.0,Good,Medium,High School,High,No,86.0,63.0
Male,20.0,88.0,19.0,8.0,2.5,4,5.0,Good,Low,College,Medium,No,57.0,66.0
Female,20.0,64.0,17.0,9.0,2.5,4,5.0,Good,Medium,High School,Low,No,50.0,62.0
Male,20.0,87.0,14.0,7.0,2.5,4,5.0,Good,Medium,Postgraduate,Low,No,55.0,68.0
Female,20.0,71.0,16.0,9.0,2.5,4,5.0,Good,Medium,Postgraduate,Low,No,69.0,65.0
Male,20.0,68.0,13.0,8.0,2.5,4,5.0,Good,Medium,College,Medium,No,66.0,59.0
Male,20.0,97.0,20.0,7.0,2.5,1,5.0,Good,High,College,Medium,No,94.0,72.0
Male,20.0,61.0,15.0,6.0,2.5,2,5.0,Good,Medium,Postgraduate,High,No,54.0,63.0
Male,20.0,78.0,21.0,4.0,2.5,4,5.0,Good,Medium,Postgraduate,Medium,No,72.0,68.0
Male,20.0,61.0,11.0,9.0,2.5,2,5.0,Good,High,High School,Medium,No,98.0,61.0
Female,20.0,79.0,22.0,7.0,2.5,3,5.0,Good,Low,High School,Low,No,75.0,65.0
Female,20.0,80.0,25.0,9.0,2.5,3,5.0,Good,Low,High School,Low,No,57.0,68.0
Male,20.0,73.0,8.0,6.0,2.5,4,5.0,Good,High,College,Low,No,65.0,61.0
Male,20.0,65.0,22.0,10.0,2.5,3,5.0,Good,Medium,Postgraduate,Low,No,81.0,63.0
Male,20.0,75.0,27.0,7.0,2.5,2,5.0,Good,High,Postgraduate,Medium,No,51.0,67.0
Male,20.0,87.0,13.0,6.0,2.5,3,5.0,Good,Low,Postgraduate,High,No,98.0,66.0
Male,20.0,91.0,30.0,7.0,2.5,2,5.0,Good,High,Postgraduate,Medium,No,78.0,75.0
Male,20.0,81.0,23.0,7.0,2.5,4,5.0,Good,Low,High School,Medium,No,85.0,68.0
Female,20.0,84.0,16.0,7.0,2.5,3,5.0,Good,High,High School,Medium,No,75.0,65.0
Female,20.0,68.0,20.0,6.0,2.5,4,5.0,Good,High,High School,Low,No,98.0,64.0
Male,20.0,71.0,23.0,4.0,2.5,3,5.0,Good,Medium,High School,Low,No,79.0,67.0
Male,20.0,66.0,20.0,6.0,2.5,3,5.0,Good,Medium,College,Low,No,83.0,64.0
Female,20.0,70.0,23.0,9.0,2.5,2,5.0,Good,Medium,Postgraduate,Low,No,93.0,67.0
Male,20.0,69.0,14.0,6.0,2.5,0,5.0,Good,Low,High School,Low,No,93.0,63.0
Female,20.0,81.0,21.0,4.0,2.5,2,5.0,Good,Medium,College,Medium,No,51.0,67.0
Female,20.0,83.0,12.0,5.0,2.5,2,5.0,Good,Medium,Postgraduate,High,No,64.0,65.0
Female,20.0,98.0,19.0,7.0,2.5,2,5.0,Good,High,High School,Low,No,62.0,70.0
Male,20.0,68.0,15.0,6.0,2.5,3,5.0,Good,High,High School,High,No,50.0,62.0
Female,20.0,86.0,16.0,7.0,2.5,3,5.0,Good,Medium,High School,Low,No,94.0,69.0
Female,20.0,93.0,27.0,6.0,2.5,3,5.0,Good,Medium,College,Medium,No,66.0,70.0
Male,20.0,82.0,27.0,9.0,2.5,2,5.0,Good,Low,High School,Low,No,67.0,68.0
Female,20.0,70.0,24.0,8.0,2.5,4,5.0,Good,Medium,Postgraduate,Low,No,55.0,68.0
Male,20.0,71.0,13.0,10.0,2.5,3,5.0,Good,Medium,Postgraduate,Low,No,99.0,64.0
Male,20.0,62.0,18.0,6.0,2.5,1,5.0,Good,High,High School,Low,No,91.0,63.0
Female,20.0,72.0,27.0,7.0,2.5,2,5.0,Good,Medium,Postgraduate,High,No,79.0,68.0
Female,20.0,90.0,21.0,9.0,2.5,2,5.0,Good,Low,High School,Low,No,89.0,67.0
Female,20.0,62.0,34.0,8.0,2.5,4,5.0,Good,Low,College,Low,No,89.0,68.0
Female,20.0,69.0,22.0,6.0,2.5,2,5.0,Good,Medium,College,Low,No,83.0,66.0
Male,20.0,88.0,21.0,8.0,2.5,1,5.0,Good,Low,Postgraduate,Medium,No,59.0,67.0
Male,20.0,91.0,18.0,8.0,2.5,4,5.0,Good,High,High School,Medium,No,86.0,69.0
Male,20.0,78.0,21.0,4.0,2.5,3,5.0,Good,Medium,High School,High,No,78.0,68.0
Male,20.0,88.0,19.0,6.0,2.5,3,5.0,Good,Medium,College,Medium,No,86.0,70.0
Female,20.0,76.0,24.0,7.0,2.5,4,5.0,Good,Medium,Postgraduate,Medium,No,77.0,68.0
Male,20.0,66.0,26.0,9.0,2.5,2,5.0,Good,Medium,College,Low,No,98.0,66.0
Female,20.0,76.0,15.0,8.0,2.5,4,5.0,Good,Medium,Postgraduate,Low,No,81.0,67.0
Female,20.0,83.0,12.0,6.0,2.5,4,5.0,Good,Medium,High School,High,No,79.0,65.0
Male,20.0,98.0,9.0,6.0,2.5,5,5.0,Good,Medium,High School,Medium,No,92.0,67.0
Male,20.0,63.0,23.0,8.0,2.5,4,5.0,Good,High,High School,Medium,No,69.0,63.0
Female,20.0,80.0,13.0,4.0,2.5,2,5.0,Good,High,High School,Low,No,66.0,64.0
Female,20.0,73.0,7.0,6.0,2.5,3,5.0,Good,Medium,College,Low,No,75.0,64.0
Female,20.0,80.0,22.0,9.0,2.5,3,5.0,Good,High,College,Medium,No,79.0,66.0
Male,20.0,61.0,35.0,7.0,2.5,4,5.0,Good,Low,High School,Medium,No,61.0,68.0
Male,20.0,73.0,20.0,6.0,2.5,3,5.0,Good,High,High School,Medium,No,84.0,67.0
Male,20.0,93.0,25.0,5.0,2.5,2,5.0,Good,Low,College,Medium,No,90.0,72.0
Male,20.0,82.0,20.0,8.0,2.5,4,5.0,Good,Low,High School,Low,No,79.0,67.0
Female,20.0,78.0,19.0,7.0,2.5,3,5.0,Good,High,College,Medium,No,76.0,66.0
Female,20.0,71.0,26.0,7.0,2.5,3,5.0,Good,Medium,College,Low,No,65.0,66.0
Male,20.0,72.0,18.0,8.0,2.5,4,5.0,Good,Medium,High School,Medium,No,95.0,67.0
Male,20.0,75.0,22.0,7.0,2.5,3,5.0,Good,Low,Postgraduate,Low,No,88.0,65.0
Male,20.0,93.0,22.0,7.0,2.5,3,5.0,Good,Low,College,Medium,No,74.0,70.0
Female,20.0,99.0,16.0,5.0,2.5,4,5.0,Good,Low,Postgraduate,Low,No,83.0,69.0
Male,20.0,78.0,26.0,5.0,2.5,3,5.0,Good,Low,High School,High,No,67.0,69.0
Female,20.0,76.0,19.0,8.0,2.5,4,5.0,Good,Medium,College,Medium,No,53.0,66.0
Male,20.0,94.0,15.0,8.0,2.5,4,5.0,Good,Medium,High School,Medium,No,60.0,66.0
Female,20.0,77.0,23.0,8.0,2.5,3,5.0,Good,Medium,College,Low,No,54.0,67.0
Male,20.0,82.0,15.0,6.0,2.5,3,5.0,Good,Medium,High School,Medium,No,75.0,67.0
Male,20.0,69.0,20.0,8.0,2.5,4,5.0,Good,High,High School,Medium,No,81.0,67.0
Female,20.0,90.0,20.0,6.0,2.5,3,5.0,Good,Medium,High School,High,No,69.0,72.0
Female,20.0,81.0,27.0,9.0,2.5,4,5.0,Good,Low,College,Medium,No,77.0,68.0
Male,20.0,92.0,23.0,6.0,2.5,2,5.0,Good,High,Postgraduate,Medium,No,54.0,70.0
Male,20.0,91.0,20.0,6.0,2.5,4,5.0,Good,Medium,High School,Low,No,88.0,69.0
Male,20.0,69.0,25.0,7.0,2.5,4,5.0,Good,High,High School,Low,No,52.0,65.0
Male,20.0,89.0,28.0,8.0,2.5,3,5.0,Good,Medium,Postgraduate,Medium,No,82.0,72.0
Female,20.0,92.0,23.0,7.0,2.5,4,5.0,Good,Medium,College,Low,No,72.0,69.0
Female,20.0,74.0,20.0,7.0,2.5,4,5.0,Good,Low,High School,High,No,59.0,68.0
Male,20.0,67.0,12.0,6.0,2.5,2,5.0,Good,High,High School,Low,No,76.0,62.0
Male,20.0,60.0,14.0,7.0,2.5,3,5.0,Good,Low,High School,Medium,No,89.0,60.0
Male,20.0,78.0,18.0,7.0,2.5,4,5.0,Good,Low,High School,Medium,No,71.0,67.0
Male,20.0,74.0,16.0,6.0,2.5,4,5.0,Good,Low,College,Medium,No,68.0,67.0
Male,20.0,82.0,19.0,7.0,2.5,3,5.0,Good,Medium,High School,Medium,No,57.0,67.0
Female,20.0,68.0,20.0,7.0,2.5,4,5.0,Good,Low,High School,Low,No,80.0,63.0
Male,20.0,94.0,23.0,10.0,2.5,3,5.0,Good,High,High School,Medium,No,91.0,71.0
Female,20.0,70.0,20.0,6.0,2.5,2,5.0,Good,High,College,Medium,No,78.0,66.0
Female,20.0,69.0,23.0,6.0,2.5,1,5.0,Good,High,Postgraduate,Medium,No,58.0,65.0
Female,20.0,79.0,20.0,7.0,2.5,2,5.0,Good,High,High School,Medium,No,83.0,69.0
Female,20.0,80.0,8.0,6.0,2.5,1,5.0,Good,High,High School,Medium,No,52.0,63.0
Female,20.0,69.0,14.0,5.0,2.5,2,5.0,Good,High,Postgraduate,Low,No,92.0,64.0
Female,20.0,71.0,19.0,5.0,2.5,0,5.0,Good,High,College,Low,No,96.0,67.0
Male,20.0,67.0,13.0,6.0,2.5,2,5.0,Good,High,High School,Low,No,80.0,62.0
Male,20.0,89.0,24.0,6.0,2.5,2,5.0,Good,Low,High School,Medium,No,94.0,68.0
Male,20.0,91.0,29.0,5.0,2.5,3,5.0,Good,Low,Postgraduate,Low,No,54.0,71.0
Female,20.0,78.0,27.0,7.0,2.5,3,5.0,Good,Medium,High School,Low,No,61.0,66.0
Female,20.0,89.0,19.0,4.0,2.5,1,5.0,Good,Low,Postgraduate,Low,No,66.0,69.0
Male,20.0,89.0,29.0,8.0,2.5,4,5.0,Good,Low,High School,Medium,No,89.0,71.0
Female,20.0,66.0,21.0,6.0,2.5,4,5.0,Good,Medium,High School,Medium,No,74.0,66.0
Female,20.0,99.0,18.0,6.0,2.5,3,5.0,Good,Medium,Postgraduate,Low,No,67.0,72.0
Female,20.0,93.0,16.0,8.0,2.5,4,5.0,Good,Medium,College,High,No,58.0,70.0
Female,20.0,68.0,18.0,8.0,2.5,3,5.0,Good,High,Postgraduate,Low,No,91.0,65.0
Female,20.0,67.0,18.0,6.0,2.5,2,5.0,Good,Medium,College,Medium,No,51.0,64.0
Male,20.0,65.0,21.0,8.0,2.5,2,5.0,Good,Medium,College,Low,No,67.0,63.0
Male,20.0,66.0,21.0,9.0,2.5,2,5.0,Good,Low,High School,Medium,No,62.0,63.0
Male,20.0,90.0,20.0,5.0,2.5,2,5.0,Good,Medium,High School,Medium,No,56.0,66.0
Male,20.0,79.0,23.0,8.0,2.5,4,5.0,Good,Low,College,Low,No,59.0,68.0
Male,20.0,91.0,27.0,5.0,2.5,4,5.0,Good,Low,College,High,No,75.0,74.0
Female,20.0,90.0,26.0,9.0,2.5,2,5.0,Good,Low,College,High,No,71.0,71.0
Female,20.0,84.0,11.0,6.0,2.5,3,5.0,Good,High,High School,Low,No,76.0,67.0
Female,20.0,87.0,5.0,6.0,2.5,3,5.0,Good,Medium,Postgraduate,Medium,No,86.0,66.0
Male,20.0,61.0,26.0,9.0,2.5,6,5.0,Good,Medium,College,Medium,No,95.0,67.0
Male,20.0,72.0,12.0,8.0,2.5,1,5.0,Good,High,High School,Low,No,56.0,62.0
Male,20.0,86.0,19.0,6.0,2.5,5,5.0,Good,Low,Postgraduate,High,No,54.0,68.0
Male,20.0,60.0,13.0,7.0,2.5,3,5.0,Good,Medium,Postgraduate,Low,No,66.0,62.0
Male,20.0,61.0,9.0,6.0,2.5,2,5.0,Good,Low,High School,High,No,77.0,82.0
Male,20.0,94.0,23.0,5.0,2.5,2,5.0,Good,High,High School,Medium,No,55.0,70.0
Male,20.0,87.0,25.0,7.0,2.5,2,5.0,Good,Medium,College,Medium,No,86.0,72.0
Female,20.0,71.0,17.0,6.0,2.5,4,5.0,Good,Low,College,Medium,No,78.0,64.0
Male,20.0,88.0,4.0,6.0,2.5,4,5.0,Good,Low,College,Medium,No,87.0,66.0
Female,20.0,92.0,17.0,9.0,2.5,3,5.0,Good,High,College,Medium,No,68.0,68.0
Male,20.0,72.0,22.0,6.0,2.5,3,5.0,Good,Low,Postgraduate,High,No,70.0,64.0
Female,20.0,61.0,11.0,7.0,2.5,3,5.0,Good,High,High School,Medium,No,90.0,61.0
Male,20.0,97.0,21.0,9.0,2.5,1,5.0,Good,Medium,High School,Medium,No,63.0,69.0
Male,20.0,74.0,20.0,7.0,2.5,2,5.0,Good,Low,College,High,No,69.0,68.0
Male,20.0,64.0,23.0,6.0,2.5,5,5.0,Good,Medium,College,Medium,No,51.0,64.0
Female,20.0,80.0,21.0,7.0,2.5,4,5.0,Good,Medium,High School,Low,No,78.0,67.0
Male,20.0,91.0,14.0,8.0,2.5,3,5.0,Good,Medium,High School,Medium,No,93.0,67.0
Male,20.0,69.0,27.0,8.0,2.5,2,5.0,Good,Medium,High School,High,No,51.0,65.0
Female,20.0,71.0,19.0,10.0,2.5,3,5.0,Good,Medium,High School,Medium,No,81.0,68.0
Male,20.0,70.0,20.0,6.0,2.5,3,5.0,Good,Medium,High School,Medium,No,92.0,67.0
Male,20.0,100.0,14.0,7.0,2.5,3,5.0,Good,Low,Postgraduate,Low,No,75.0,67.0
Male,20.0,68.0,17.0,5.0,2.5,4,5.0,Good,Medium,High School,High,No,66.0,64.0
Female,20.0,83.0,15.0,8.0,2.5,3,5.0,Good,Medium,College,Medium,No,100.0,70.0
Male,20.0,97.0,19.0,7.0,2.5,3,5.0,Good,Medium,College,Low,No,53.0,69.0
Male,20.0,66.0,30.0,7.0,2.5,2,5.0,Good,Low,High School,High,No,61.0,66.0
Male,20.0,99.0,12.0,6.0,2.5,3,5.0,Good,Medium,Postgraduate,Medium,No,94.0,69.0
Male,20.0,98.0,10.0,6.0,2.5,2,5.0,Good,Medium,High School,Low,No,65.0,66.0
Female,20.0,95.0,29.0,7.0,2.5,3,5.0,Good,Low,High School,Low,No,91.0,73.0
Male,20.0,69.0,19.0,6.0,2.5,4,5.0,Good,Medium,Postgraduate,High,No,67.0,66.0
Male,20.0,85.0,16.0,7.0,2.5,2,5.0,Good,High,Postgraduate,Medium,No,91.0,69.0
Male,20.0,90.0,26.0,7.0,2.5,3,5.0,Good,Low,High School,Medium,No,84.0,70.0
Male,20.0,99.0,16.0,5.0,2.5,5,5.0,Good,High,College,Medium,No,73.0,71.0
Male,20.0,67.0,31.0,5.0,2.5,4,5.0,Good,Medium,College,Medium,No,76.0,70.0
Male,20.0,91.0,24.0,6.0,2.5,4,5.0,Good,Medium,High School,Low,No,59.0,69.0
Male,20.0,74.0,17.0,9.0,2.5,3,5.0,Good,Medium,High School,Medium,No,56.0,63.0
Female,20.0,67.0,33.0,6.0,2.5,3,5.0,Good,Medium,High School,Medium,No,86.0,71.0
Male,20.0,77.0,16.0,7.0,2.5,2,5.0,Good,Low,College,Medium,No,92.0,67.0
Female,20.0,92.0,24.0,5.0,2.5,2,5.0,Good,High,High School,Medium,No,86.0,73.0
Male,20.0,79.0,22.0,6.0,2.5,2,5.0,Good,Medium,College,High,No,96.0,68.0
Male,20.0,82.0,28.0,5.0,2.5,3,5.0,Good,Medium,High School,High,No,95.0,69.0
Female,20.0,100.0,29.0,8.0,2.5,3,5.0,Good,Medium,High School,Medium,No,89.0,76.0
Male,20.0,76.0,20.0,5.0,2.5,3,5.0,Good,Medium,High School,Low,No,95.0,68.0
Male,20.0,85.0,15.0,8.0,2.5,3,5.0,Good,High,College,Low,No,58.0,65.0
Female,20.0,75.0,23.0,8.0,2.5,1,5.0,Good,Low,High School,High,No,87.0,66.0
Male,20.0,76.0,16.0,7.0,2.5,2,5.0,Good,High,Postgraduate,Low,No,88.0,65.0
Male,20.0,88.0,32.0,8.0,2.5,3,5.0,Good,Low,High School,Low,No,58.0,69.0
Male,20.0,98.0,21.0,10.0,2.5,1,5.0,Good,Medium,High School,Medium,No,95.0,71.0
Male,20.0,82.0,18.0,8.0,2.5,3,5.0,Good,Medium,High School,High,No,50.0,66.0
Female,20.0,91.0,21.0,5.0,2.5,3,5.0,Good,Medium,High School,Low,No,72.0,69.0
Male,20.0,64.0,12.0,9.0,2.5,4,5.0,Good,Low,College,Low,No,51.0,59.0
Male,20.0,68.0,14.0,7.0,2.5,3,5.0,Good,Medium,High School,High,No,76.0,65.0
Male,20.0,80.0,27.0,10.0,2.5,2,5.0,Good,High,College,Low,No,71.0,72.0
Male,20.0,61.0,16.0,6.0,2.5,2,5.0,Good,Medium,College,Medium,No,81.0,60.0
Female,20.0,70.0,14.0,9.0,2.5,4,5.0,Good,Low,College,High,No,88.0,64.0
Male,20.0,81.0,23.0,7.0,2.5,4,5.0,Good,Low,Postgraduate,Low,No,88.0,69.0
Female,20.0,61.0,27.0,10.0,2.5,3,5.0,Good,Medium,High School,Medium,No,86.0,70.0
Male,20.0,71.0,24.0,7.0,2.5,3,5.0,Good,Low,College,High,No,55.0,67.0
Female,20.0,81.0,26.0,10.0,2.5,5,5.0,Good,Low,High School,Medium,No,71.0,67.0
Male,20.0,83.0,15.0,8.0,2.5,3,5.0,Good,Medium,College,Low,No,91.0,64.0
Male,20.0,97.0,11.0,8.0,2.5,2,5.0,Good,Low,High School,Medium,No,83.0,68.0
Female,20.0,86.0,29.0,10.0,2.5,4,5.0,Good,Low,High School,Low,No,84.0,72.0
Female,20.0,77.0,18.0,6.0,2.5,3,5.0,Good,Medium,High School,Low,No,61.0,65.0
Male,20.0,97.0,18.0,8.0,2.5,2,5.0,Good,Low,College,Medium,No,66.0,70.0
Male,20.0,91.0,28.0,7.0,2.5,5,5.0,Good,Low,Postgraduate,Low,No,98.0,75.0
Male,20.0,68.0,23.0,7.0,2.5,4,5.0,Good,Medium,High School,Low,No,92.0,65.0
Female,20.0,65.0,23.0,7.0,2.5,3,5.0,Good,Low,College,Low,No,58.0,63.0
Male,20.0,87.0,33.0,8.0,2.5,3,5.0,Good,Low,High School,Low,No,77.0,71.0
Female,20.0,82.0,16.0,8.0,2.5,2,5.0,Good,Medium,College,Medium,No,75.0,66.0
Female,20.0,92.0,26.0,6.0,2.5,3,5.0,Good,Medium,High School,Low,No,72.0,69.0
Female,20.0,90.0,20.0,7.0,2.5,3,5.0,Good,Low,Postgraduate,High,No,74.0,68.0
Male,20.0,85.0,22.0,4.0,2.5,2,5.0,Good,Medium,Postgraduate,Medium,No,82.0,71.0
Male,20.0,99.0,29.0,8.0,2.5,2,5.0,Good,High,Postgraduate,Low,No,98.0,77.0
Female,20.0,81.0,23.0,10.0,2.5,2,5.0,Good,High,College,Medium,No,94.0,70.0
Female,20.0,65.0,23.0,7.0,2.5,3,5.0,Good,Medium,College,High,No,94.0,66.0
Female,20.0,93.0,26.0,5.0,2.5,3,5.0,Good,Low,College,High,No,85.0,73.0
Male,20.0,70.0,18.0,8.0,2.5,3,5.0,Good,Medium,College,Low,No,51.0,62.0
Female,20.0,91.0,15.0,6.0,2.5,2,5.0,Good,Low,High School,Medium,No,72.0,65.0
Male,20.0,98.0,14.0,7.0,2.5,2,5.0,Good,Medium,Postgraduate,Low,No,76.0,71.0
Male,20.0,88.0,8.0,8.0,2.5,4,5.0,Good,High,College,Low,No,92.0,66.0
Female,20.0,84.0,32.0,8.0,2.5,3,5.0,Good,Medium,High School,Low,No,96.0,72.0
Male,20.0,78.0,13.0,9.0,2.5,4,5.0,Good,Medium,High School,Medium,No,73.0,64.0
Female,20.0,75.0,19.0,7.0,2.5,4,5.0,Good,Low,High School,Low,No,65.0,63.0
Male,20.0,74.0,18.0,7.0,2.5,3,5.0,Good,Low,High School,Low,No,67.0,63.0
Female,20.0,85.0,22.0,8.0,2.5,2,5.0,Good,High,High School,Medium,No,79.0,72.0
Male,20.0,90.0,25.0,7.0,2.5,2,5.0,Good,Medium,High School,Medium,No,64.0,71.0
Female,20.0,87.0,25.0,6.0,2.5,2,5.0,Good,Low,High School,Medium,No,96.0,72.0
Male,20.0,68.0,17.0,8.0,2.5,2,5.0,Good,Medium,High School,Medium,No,71.0,65.0
Female,20.0,80.0,19.0,5.0,2.5,3,5.0,Good,Medium,High School,Medium,No,100.0,67.0
Female,20.0,92.0,22.0,7.0,2.5,4,5.0,Good,Low,High School,Low,No,55.0,68.0
Male,20.0,79.0,19.0,5.0,2.5,2,5.0,Good,Medium,Postgraduate,Low,No,59.0,66.0
Male,20.0,81.0,30.0,6.0,2.5,3,5.0,Good,Medium,Postgraduate,High,No,76.0,72.0
Female,20.0,91.0,23.0,6.0,2.5,3,5.0,Good,Medium,High School,Low,No,93.0,71.0
Female,20.0,86.0,24.0,6.0,2.5,3,5.0,Good,Low,College,Low,No,68.0,70.0
Female,20.0,76.0,24.0,9.0,2.5,3,5.0,Good,Medium,Postgraduate,Medium,No,92.0,68.0
Female,20.0,96.0,27.0,9.0,2.5,4,5.0,Good,Low,College,Low,No,71.0,72.0
Male,20.0,67.0,21.0,9.0,2.5,3,5.0,Good,High,College,Low,No,93.0,66.0
Male,20.0,100.0,12.0,7.0,2.5,6,5.0,Good,Medium,High School,Medium,No,64.0,69.0
Male,20.0,65.0,22.0,6.0,2.5,1,5.0,Good,High,College,Medium,No,74.0,65.0
Male,20.0,61.0,16.0,8.0,2.5,3,5.0,Good,Medium,High School,Low,No,64.0,62.0
Female,20.0,96.0,17.0,7.0,2.5,1,5.0,Good,Low,College,Low,No,61.0,69.0
Male,20.0,70.0,24.0,7.0,2.5,4,5.0,Good,Medium,High School,Medium,No,71.0,65.0
Female,20.0,89.0,27.0,4.0,2.5,4,5.0,Good,Medium,College,Low,No,67.0,69.0
Female,20.0,92.0,20.0,8.0,2.5,3,5.0,Good,Medium,High School,Low,No,89.0,69.0
Female,20.0,94.0,22.0,8.0,2.5,5,5.0,Good,Medium,College,Low,No,87.0,73.0
Female,20.0,100.0,30.0,7.0,2.5,2,5.0,Good,Low,Postgraduate,Medium,No,68.0,75.0
Male,20.0,72.0,21.0,8.0,2.5,3,5.0,Good,Medium,College,Low,No,100.0,70.0
Female,20.0,88.0,36.0,8.0,2.5,3,5.0,Good,High,College,Low,No,99.0,74.0
Male,20.0,65.0,23.0,6.0,2.5,3,5.0,Good,Medium,High School,Low,No,96.0,65.0
Male,20.0,76.0,9.0,7.0,2.5,3,5.0,Good,Medium,College,Medium,No,79.0,63.0
Female,20.0,94.0,25.0,5.0,2.5,4,5.0,Good,Low,College,Medium,No,71.0,74.0
Male,20.0,75.0,22.0,9.0,2.5,2,5.0,Good,Low,Postgraduate,Low,No,66.0,67.0
Female,20.0,84.0,28.0,8.0,2.5,4,5.0,Good,Medium,Postgraduate,Medium,No,51.0,71.0
Female,20.0,80.0,24.0,6.0,2.5,3,5.0,Good,Medium,College,Low,No,82.0,68.0
Female,20.0,86.0,19.0,8.0,2.5,4,5.0,Good,Medium,College,Medium,No,78.0,69.0
Male,20.0,99.0,13.0,7.0,2.5,4,5.0,Good,Medium,Postgraduate,Medium,No,81.0,71.0
Female,20.0,62.0,19.0,6.0,2.5,2,5.0,Good,Low,High School,Medium,No,79.0,66.0
Male,20.0,83.0,15.0,7.0,2.5,3,5.0,Good,Low,Postgraduate,Medium,No,57.0,65.0
Female,20.0,95.0,17.0,8.0,2.5,2,5.0,Good,Low,College,Low,No,85.0,66.0
Male,20.0,79.0,24.0,8.0,2.5,2,5.0,Good,High,High School,Low,No,68.0,65.0
Female,20.0,63.0,30.0,10.0,2.5,4,5.0,Good,Medium,Postgraduate,Medium,No,76.0,67.0
Male,20.0,82.0,22.0,7.0,2.5,4,5.0,Good,High,Postgraduate,Low,No,68.0,70.0
Male,20.0,73.0,13.0,7.0,2.5,4,5.0,Good,Medium,Postgraduate,Low,No,51.0,63.0
Male,20.0,66.0,23.0,8.0,2.5,3,5.0,Good,Low,Postgraduate,Medium,No,94.0,64.0
Male,20.0,94.0,27.0,7.0,2.5,1,5.0,Good,Medium,High School,Medium,No,57.0,71.0
Female,20.0,81.0,16.0,6.0,2.5,3,5.0,Good,Medium,College,Low,No,79.0,68.0
Male,20.0,97.0,19.0,6.0,2.5,4,5.0,Good,Medium,Postgraduate,High,No,94.0,72.0
Male,20.0,92.0,20.0,4.0,2.5,4,5.0,Good,Medium,College,High,No,61.0,71.0
Male,20.0,88.0,15.0,8.0,2.5,2,5.0,Good,Medium,Postgraduate,Low,No,71.0,64.0
Male,20.0,60.0,24.0,5.0,2.5,5,5.0,Good,Medium,High School,Medium,No,69.0,64.0
Male,20.0,77.0,19.0,6.0,2.5,2,5.0,Good,Low,College,High,No,54.0,66.0
Female,20.0,68.0,23.0,7.0,2.5,3,5.0,Good,High,High School,Medium,No,71.0,68.0
Male,20.0,96.0,15.0,7.0,2.5,2,5.0,Good,Medium,High School,Low,No,74.0,68.0
Male,20.0,67.0,17.0,10.0,2.5,5,5.0,Good,Medium,High School,Low,No,51.0,65.0
Male,20.0,71.0,24.0,5.0,2.5,3,5.0,Good,Medium,High School,Medium,No,74.0,67.0
Male,20.0,81.0,18.0,10.0,2.5,2,5.0,Good,Low,High School,Low,No,55.0,64.0
Male,20.0,71.0,30.0,9.0,2.5,4,5.0,Good,High,College,Medium,No,95.0,70.0
Male,20.0,68.0,18.0,8.0,2.5,2,5.0,Good,Low,College,Low,No,83.0,65.0
Female,20.0,84.0,21.0,9.0,2.5,3,5.0,Good,Low,High School,Medium,No,53.0,65.0
Male,20.0,64.0,26.0,8.0,2.5,4,5.0,Good,High,High School,Medium,No,91.0,68.0
Male,20.0,62.0,11.0,4.0,2.5,3,5.0,Good,Medium,High School,High,No,68.0,61.0
Male,20.0,75.0,9.0,8.0,2.5,3,5.0,Good,High,High School,Medium,No,61.0,63.0
Female,20.0,89.0,11.0,5.0,2.5,2,5.0,Good,Medium,College,Medium,No,63.0,65.0
Female,20.0,82.0,28.0,6.0,2.5,5,5.0,Good,Medium,High School,Low,No,80.0,69.0
Male,20.0,77.0,17.0,7.0,2.5,2,5.0,Good,Low,College,Low,No,54.0,64.0
Female,20.0,83.0,35.0,6.0,2.5,2,5.0,Good,Medium,High School,Low,No,53.0,69.0
Male,20.0,75.0,17.0,8.0,2.5,3,5.0,Good,Low,Postgraduate,High,No,81.0,67.0
Male,20.0,97.0,21.0,7.0,2.5,1,5.0,Good,High,Postgraduate,Medium,No,99.0,74.0
Male,20.0,62.0,29.0,8.0,2.5,3,5.0,Good,Medium,College,Low,No,74.0,66.0
Male,20.0,87.0,32.0,7.0,2.5,4,5.0,Good,Medium,College,High,No,71.0,72.0
Male,20.0,96.0,32.0,7.0,2.5,5,5.0,Good,Low,College,Low,No,97.0,73.0
Male,20.0,92.0,27.0,6.0,2.5,4,5.0,Good,High,College,Medium,No,62.0,73.0
Male,20.0,67.0,26.0,5.0,2.5,2,5.0,Good,High,High School,Medium,No,62.0,63.0
Male,20.0,72.0,24.0,7.0,2.5,2,5.0,Good,Medium,Postgraduate,Low,No,95.0,69.0
Male,20.0,89.0,25.0,6.0,2.5,6,5.0,Good,High,Postgraduate,Low,No,82.0,71.0
Male,20.0,63.0,17.0,9.0,2.5,4,5.0,Good,High,College,Low,No,53.0,63.0
Female,20.0,92.0,15.0,5.0,2.5,5,5.0,Good,Medium,High School,High,No,84.0,69.0
Male,20.0,89.0,20.0,10.0,2.5,3,5.0,Good,Low,College,Medium,No,91.0,72.0
Female,20.0,89.0,19.0,7.0,2.5,4,5.0,Good,Medium,Postgraduate,Low,No,64.0,68.0
Female,20.0,64.0,17.0,7.0,2.5,3,5.0,Good,Medium,High School,Medium,No,69.0,62.0
Male,20.0,89.0,24.0,6.0,2.5,2,5.0,Good,Medium,High School,Low,No,60.0,68.0
Male,20.0,87.0,26.0,8.0,2.5,2,5.0,Good,High,Postgraduate,Low,No,82.0,71.0
Male,20.0,93.0,21.0,7.0,2.5,3,5.0,Good,Low,High School,High,No,83.0,67.0
Female,20.0,62.0,29.0,7.0,2.5,3,5.0,Good,High,College,Low,No,53.0,65.0
Male,20.0,61.0,13.0,8.0,2.5,3,5.0,Good,High,Postgraduate,Medium,No,84.0,60.0
Male,20.0,75.0,19.0,8.0,2.5,2,5.0,Good,High,High School,High,No,83.0,68.0
Male,20.0,66.0,16.0,9.0,2.5,3,5.0,Good,Medium,High School,Medium,No,52.0,59.0
Female,20.0,82.0,9.0,8.0,2.5,0,5.0,Good,Medium,High School,High,No,78.0,64.0
Male,20.0,97.0,20.0,6.0,2.5,3,5.0,Good,High,High School,Low,No,81.0,71.0
Female,20.0,76.0,19.0,4.0,2.5,2,5.0,Good,Low,College,High,No,72.0,68.0
Male,20.0,94.0,29.0,7.0,2.5,3,5.0,Good,Medium,College,Low,No,95.0,70.0
Female,20.0,60.0,24.0,7.0,2.5,4,5.0,Good,Medium,College,Medium,No,66.0,62.0
Male,20.0,67.0,14.0,10.0,2.5,3,5.0,Good,Medium,College,High,No,53.0,62.0
Male,20.0,61.0,31.0,7.0,2.5,3,5.0,Good,Medium,High School,Medium,No,84.0,68.0
Female,20.0,73.0,27.0,8.0,2.5,3,5.0,Good,Low,High School,Medium,No,80.0,68.0
Female,20.0,96.0,23.0,8.0,2.5,4,5.0,Good,High,High School,Low,No,99.0,74.0
Male,20.0,64.0,19.0,8.0,2.5,4,5.0,Good,Medium,College,High,No,62.0,61.0
Male,20.0,84.0,14.0,8.0,2.5,5,5.0,Good,Medium,College,Low,No,70.0,67.0
Female,20.0,78.0,18.0,6.0,2.5,2,5.0,Good,Medium,High School,High,No,73.0,65.0
Female,20.0,98.0,27.0,6.0,2.5,3,5.0,Good,Low,High School,High,No,93.0,101.0
Male,20.0,65.0,31.0,7.0,2.5,4,5.0,Good,Medium,High School,Low,No,71.0,65.0
Male,20.0,68.0,29.0,4.0,2.5,4,5.0,Good,Medium,College,Medium,No,89.0,67.0
Female,20.0,61.0,17.0,7.0,2.5,3,5.0,Good,Low,High School,Low,No,58.0,61.0
Male,20.0,77.0,13.0,6.0,2.5,4,5.0,Good,Medium,High School,Medium,No,70.0,64.0
Female,20.0,71.0,21.0,7.0,2.5,3,5.0,Good,High,College,Medium,No,58.0,64.0
Male,20.0,95.0,9.0,7.0,2.5,2,5.0,Good,Medium,College,Low,No,97.0,67.0
Female,20.0,84.0,22.0,5.0,2.5,3,5.0,Good,Medium,College,High,No,59.0,69.0
Female,20.0,85.0,19.0,9.0,2.5,2,5.0,Good,Low,Postgraduate,Medium,No,71.0,69.0
Female,20.0,81.0,17.0,7.0,2.5,3,5.0,Good,Medium,High School,Low,No,54.0,67.0
Male,20.0,64.0,10.0,8.0,2.5,3,5.0,Good,Medium,High School,Medium,No,96.0,62.0
Male,20.0,78.0,23.0,7.0,2.5,1,5.0,Good,Medium,High School,Low,No,81.0,66.0
Male,20.0,100.0,17.0,8.0,2.5,4,5.0,Good,Low,College,Medium,No,98.0,72.0
Female,20.0,93.0,13.0,5.0,2.5,3,5.0,Good,Low,College,Medium,No,52.0,67.0
Female,20.0,96.0,3.0,9.0,2.5,3,5.0,Good,Medium,College,Low,No,59.0,66.0
Male,20.0,93.0,20.0,8.0,2.5,4,5.0,Good,Medium,High School,Low,No,69.0,67.0
Female,20.0,64.0,31.0,7.0,2.5,4,5.0,Good,Low,High School,Medium,No,81.0,67.0
Female,20.0,69.0,30.0,7.0,2.5,4,5.0,Good,Medium,Postgraduate,Medium,No,66.0,68.0
Male,20.0,60.0,17.0,9.0,2.5,2,5.0,Good,Medium,High School,Low,No,86.0,63.0
Male,20.0,72.0,16.0,6.0,2.5,2,5.0,Good,Low,High School,Medium,No,58.0,62.0
Female,20.0,64.0,23.0,5.0,2.5,2,5.0,Good,Low,College,Medium,No,80.0,65.0
Male,20.0,79.0,14.0,6.0,2.5,6,5.0,Good,Medium,College,Low,No,70.0,65.0
Female,20.0,87.0,22.0,7.0,2.5,2,5.0,Good,Medium,College,Medium,No,75.0,70.0
Male,20.0,95.0,25.0,7.0,2.5,4,5.0,Good,Medium,High School,Low,No,78.0,73.0
Female,20.0,90.0,27.0,9.0,2.5,2,5.0,Good,Medium,Postgraduate,Medium,No,53.0,73.0
Male,20.0,98.0,19.0,6.0,2.5,2,5.0,Good,Medium,High School,Low,No,96.0,68.0
Male,20.0,62.0,19.0,6.0,2.5,1,5.0,Good,High,High School,Medium,No,89.0,63.0
Male,20.0,60.0,15.0,5.0,2.5,2,5.0,Good,High,High School,High,No,72.0,62.0
Male,20.0,86.0,15.0,8.0,2.5,3,5.0,Good,Medium,Postgraduate,Medium,No,77.0,69.0
Male,20.0,72.0,19.0,5.0,2.5,3,5.0,Good,Medium,Postgraduate,Medium,No,52.0,66.0
Male,20.0,70.0,22.0,8.0,2.5,3,5.0,Good,High,Postgraduate,Medium,No,75.0,68.0
Female,20.0,73.0,25.0,6.0,2.5,3,5.0,Good,Low,College,Low,No,71.0,67.0
Female,20.0,71.0,15.0,6.0,2.5,4,5.0,Good,Low,College,Low,No,69.0,65.0
Male,20.0,80.0,29.0,10.0,2.5,3,5.0,Good,High,College,High,No,91.0,70.0
Female,20.0,78.0,18.0,9.0,2.5,1,5.0,Good,High,High School,High,No,59.0,64.0
Male,20.0,80.0,20.0,7.0,2.5,3,5.0,Good,High,High School,Medium,No,59.0,65.0
Female,20.0,87.0,16.0,5.0,2.5,2,5.0,Good,High,Postgraduate,Low,No,76.0,67.0
Female,20.0,75.0,5.0,10.0,2.5,4,5.0,Good,Medium,Postgraduate,High,No,84.0,62.0
Male,20.0,70.0,25.0,7.0,2.5,4,5.0,Good,High,High School,Low,No,51.0,66.0
Female,20.0,67.0,24.0,7.0,2.5,2,5.0,Good,Low,College,High,No,77.0,68.0
Female,20.0,74.0,18.0,8.0,2.5,4,5.0,Good,High,College,Medium,No,65.0,64.0
Male,20.0,90.0,20.0,4.0,2.5,3,5.0,Good,Medium,High School,Low,No,88.0,69.0
Female,20.0,90.0,23.0,6.0,2.5,2,5.0,Good,Low,High School,High,No,73.0,69.0
Female,20.0,87.0,11.0,7.0,2.5,5,5.0,Good,Medium,High School,Medium,No,92.0,67.0
Male,20.0,69.0,17.0,7.0,2.5,3,5.0,Good,Low,College,Low,No,70.0,61.0
Female,20.0,84.0,25.0,5.0,2.5,4,5.0,Good,Low,Postgraduate,Medium,No,91.0,70.0
Female,20.0,83.0,12.0,7.0,2.5,4,5.0,Good,Low,College,High,No,86.0,65.0
Male,20.0,79.0,22.0,7.0,2.5,4,5.0,Good,Low,College,Low,No,91.0,66.0
Male,20.0,82.0,12.0,10.0,2.5,3,5.0,Good,Medium,Postgraduate,Low,No,91.0,66.0
Male,20.0,80.0,23.0,9.0,2.5,3,5.0,Good,Medium,High School,Medium,No,74.0,69.0
Female,20.0,83.0,20.0,7.0,2.5,1,5.0,Good,High,High School,Medium,No,68.0,67.0
Female,20.0,89.0,10.0,7.0,2.5,2,5.0,Good,Medium,Postgraduate,High,No,88.0,71.0
Male,20.0,64.0,27.0,9.0,2.5,4,5.0,Good,High,High School,Low,No,68.0,68.0
Female,20.0,90.0,16.0,7.0,2.5,3,5.0,Good,High,High School,Medium,No,54.0,67.0
Female,20.0,65.0,15.0,5.0,2.5,4,5.0,Good,Low,High School,Low,No,93.0,63.0
Female,20.0,63.0,21.0,10.0,2.5,2,5.0,Good,Low,College,High,No,70.0,64.0
Male,20.0,99.0,27.0,6.0,2.5,3,5.0,Good,Medium,College,Low,No,57.0,73.0
Male,20.0,98.0,14.0,10.0,2.5,3,5.0,Good,High,High School,Low,No,82.0,69.0
Female,20.0,62.0,20.0,8.0,2.5,3,5.0,Good,High,High School,Medium,No,94.0,65.0
Male,20.0,78.0,23.0,6.0,2.5,5,5.0,Good,Medium,Postgraduate,Medium,No,93.0,70.0
Female,20.0,67.0,24.0,4.0,2.5,2,5.0,Good,Low,High School,Low,No,78.0,67.0
Female,20.0,79.0,21.0,8.0,2.5,3,5.0,Good,High,Postgraduate,Low,No,54.0,67.0
Male,20.0,93.0,18.0,5.0,2.5,3,5.0,Good,Medium,High School,Low,No,85.0,70.0
Female,20.0,98.0,15.0,8.0,2.5,2,5.0,Good,Low,Postgraduate,High,No,80.0,69.0
Male,20.0,85.0,21.0,10.0,2.5,2,5.0,Good,High,High School,Medium,No,61.0,68.0
Male,20.0,74.0,14.0,5.0,2.5,3,5.0,Good,High,College,Low,No,95.0,66.0
Male,20.0,84.0,2.0,8.0,2.5,4,5.0,Good,Low,High School,Low,No,54.0,62.0
Male,20.0,72.0,23.0,6.0,2.5,4,5.0,Good,Low,High School,High,No,69.0,67.0
Male,20.0,96.0,25.0,9.0,2.5,4,5.0,Good,High,High School,Medium,No,55.0,71.0
Female,20.0,95.0,6.0,7.0,2.5,2,5.0,Good,Medium,High School,Low,No,96.0,68.0
Female,20.0,82.0,14.0,7.0,2.5,2,5.0,Good,High,High School,Low,No,52.0,66.0
Male,20.0,73.0,24.0,9.0,2.5,3,5.0,Good,High,High School,Low,No,71.0,64.0
Female,20.0,72.0,32.0,8.0,2.5,4,5.0,Good,Low,Postgraduate,Low,No,93.0,71.0
Male,20.0,61.0,20.0,6.0,2.5,4,5.0,Good,Medium,College,Medium,No,63.0,61.0
Male,20.0,93.0,16.0,10.0,2.5,2,5.0,Good,Medium,College,Low,No,55.0,67.0
Female,20.0,78.0,19.0,5.0,2.5,4,5.0,Good,Low,College,High,No,56.0,65.0
Female,20.0,73.0,28.0,7.0,2.5,6,5.0,Good,Low,College,Low,No,70.0,66.0
Female,20.0,79.0,16.0,6.0,2.5,4,5.0,Good,Medium,High School,Low,No,71.0,68.0
Male,20.0,93.0,15.0,5.0,2.5,2,5.0,Good,Medium,College,Low,No,86.0,66.0
Female,20.0,65.0,17.0,5.0,2.5,4,5.0,Good,Medium,High School,Medium,No,62.0,63.0
Female,20.0,94.0,14.0,7.0,2.5,3,5.0,Good,Low,High School,High,No,85.0,66.0
Female,20.0,96.0,21.0,8.0,2.5,2,5.0,Good,Medium,College,High,No,100.0,73.0
Male,20.0,98.0,30.0,9.0,2.5,3,5.0,Good,Medium,High School,Low,No,93.0,88.0
Male,20.0,76.0,22.0,9.0,2.5,4,5.0,Good,High,High School,Medium,No,82.0,67.0
Female,20.0,69.0,18.0,7.0,2.5,2,5.0,Good,Medium,College,Medium,No,97.0,69.0
Female,20.0,75.0,18.0,6.0,2.5,3,5.0,Good,High,High School,Low,No,100.0,67.0
Male,20.0,73.0,11.0,9.0,2.5,2,5.0,Good,Medium,High School,Low,No,79.0,64.0
Male,20.0,67.0,25.0,6.0,2.5,2,5.0,Good,Medium,High School,Low,No,64.0,64.0
Male,20.0,84.0,20.0,5.0,2.5,2,5.0,Good,Low,High School,Low,No,96.0,65.0
Male,20.0,79.0,19.0,8.0,2.5,2,5.0,Good,High,High School,Medium,No,92.0,68.0
Male,20.0,95.0,39.0,9.0,2.5,3,5.0,Good,High,High School,Medium,No,54.0,77.0
Male,20.0,61.0,22.0,6.0,2.5,2,5.0,Good,High,High School,Low,No,97.0,63.0
Male,20.0,86.0,15.0,10.0,2.5,5,5.0,Good,Medium,College,High,No,68.0,69.0
Male,20.0,91.0,17.0,8.0,2.5,2,5.0,Good,Medium,College,Medium,No,66.0,69.0
Male,20.0,90.0,27.0,8.0,2.5,3,5.0,Good,Medium,Postgraduate,Medium,No,67.0,70.0
Male,20.0,95.0,21.0,6.0,2.5,4,5.0,Good,High,College,Medium,No,66.0,73.0
Male,20.0,89.0,11.0,9.0,2.5,3,5.0,Good,Medium,Postgraduate,Medium,No,76.0,66.0
Female,20.0,97.0,26.0,5.0,2.5,3,5.0,Good,High,High School,Low,No,79.0,71.0
Male,20.0,73.0,16.0,6.0,2.5,5,5.0,Good,Medium,College,High,No,71.0,66.0
Female,20.0,80.0,31.0,6.0,2.5,3,5.0,Good,High,High School,Low,No,71.0,71.0
Male,20.0,61.0,26.0,5.0,2.5,2,5.0,Good,Medium,High School,High,No,87.0,66.0
Female,20.0,60.0,17.0,8.0,2.5,4,5.0,Good,High,High School,Low,No,50.0,63.0
Male,20.0,70.0,28.0,8.0,2.5,5,5.0,Good,Medium,High School,Low,No,97.0,70.0
Male,20.0,64.0,20.0,8.0,2.5,2,5.0,Good,Medium,Postgraduate,Medium,No,86.0,66.0
Male,20.0,70.0,25.0,7.0,2.5,4,5.0,Good,Medium,High School,Medium,No,85.0,66.0
Female,20.0,67.0,23.0,8.0,2.5,4,5.0,Good,High,College,Medium,No,71.0,66.0
Male,20.0,61.0,15.0,7.0,2.5,3,5.0,Good,Medium,High School,Medium,No,98.0,62.0
Male,20.0,96.0,16.0,6.0,2.5,3,5.0,Good,High,College,Medium,No,50.0,69.0
Male,20.0,60.0,26.0,6.0,2.5,1,5.0,Good,Low,Postgraduate,Low,No,54.0,63.0
Female,20.0,89.0,18.0,4.0,2.5,2,5.0,Good,Low,Postgraduate,High,No,90.0,68.0
Male,20.0,66.0,18.0,9.0,2.5,3,5.0,Good,Medium,High School,Medium,No,87.0,64.0
Male,20.0,96.0,14.0,9.0,2.5,3,5.0,Good,High,Postgraduate,Low,No,64.0,69.0
Male,20.0,96.0,23.0,10.0,2.5,3,5.0,Good,Low,High School,Low,No,80.0,71.0
Male,20.0,86.0,32.0,6.0,2.5,4,5.0,Good,Medium,High School,Medium,No,77.0,71.0
Female,20.0,87.0,14.0,6.0,2.5,4,5.0,Good,Medium,College,Low,No,76.0,66.0
Male,20.0,60.0,20.0,4.0,2.5,3,5.0,Good,Low,College,High,No,80.0,63.0
Male,20.0,99.0,28.0,8.0,2.5,2,5.0,Good,Low,High School,Medium,No,100.0,72.0
Female,20.0,95.0,20.0,8.0,2.5,3,5.0,Good,Low,College,Low,No,99.0,70.0
Female,20.0,96.0,23.0,9.0,2.5,2,5.0,Good,Medium,College,High,No,99.0,71.0
Male,20.0,86.0,14.0,6.0,2.5,3,5.0,Good,Medium,High School,High,No,77.0,65.0
Female,20.0,74.0,23.0,8.0,2.5,4,5.0,Good,Low,Postgraduate,High,No,66.0,65.0
Male,20.0,96.0,19.0,6.0,2.5,2,5.0,Good,High,High School,Low,No,78.0,67.0
Male,20.0,72.0,26.0,9.0,2.5,3,5.0,Good,High,High School,Medium,No,81.0,68.0
Female,20.0,83.0,27.0,8.0,2.5,4,5.0,Good,Medium,College,Medium,No,66.0,70.0
Female,20.0,64.0,36.0,5.0,2.5,2,5.0,Good,Medium,High School,Medium,No,82.0,70.0
Male,20.0,97.0,23.0,7.0,2.5,3,5.0,Good,Low,High School,Medium,No,81.0,72.0
Male,20.0,66.0,22.0,4.0,2.5,5,5.0,Good,Medium,College,Low,No,95.0,65.0
Male,20.0,69.0,21.0,5.0,2.5,3,5.0,Good,High,High School,Low,No,62.0,65.0
Male,20.0,82.0,18.0,5.0,2.5,4,5.0,Good,High,Postgraduate,Medium,No,85.0,71.0
Male,20.0,91.0,22.0,6.0,2.5,4,5.0,Good,Low,Postgraduate,High,No,73.0,74.0
Male,20.0,85.0,18.0,7.0,2.5,4,5.0,Good,Low,High School,Low,No,56.0,64.0
Female,20.0,69.0,21.0,7.0,2.5,4,5.0,Good,High,High School,Medium,No,66.0,64.0
Female,20.0,60.0,28.0,7.0,2.5,3,5.0,Good,Low,High School,Low,No,53.0,65.0
Male,20.0,90.0,14.0,7.0,2.5,5,5.0,Good,Medium,College,Medium,No,66.0,67.0
Male,20.0,99.0,27.0,7.0,2.5,3,5.0,Good,Low,College,Low,No,53.0,73.0
Male,20.0,92.0,28.0,5.0,2.5,3,5.0,Good,High,College,Medium,No,96.0,72.0
Male,20.0,78.0,19.0,7.0,2.5,3,5.0,Good,Low,College,Medium,No,55.0,65.0
Male,20.0,96.0,7.0,9.0,2.5,4,5.0,Good,Medium,College,Low,No,91.0,67.0
Female,20.0,76.0,16.0,7.0,2.5,3,5.0,Good,Low,High School,Medium,No,95.0,66.0
Male,20.0,81.0,28.0,8.0,2.5,3,5.0,Good,Low,Postgraduate,Medium,No,73.0,70.0
Female,20.0,79.0,20.0,8.0,2.5,3,5.0,Good,Medium,High School,Medium,No,53.0,66.0
Female,20.0,78.0,14.0,8.0,2.5,1,5.0,Good,Low,High School,Medium,No,80.0,66.0
Male,20.0,91.0,17.0,7.0,2.5,3,5.0,Good,Low,Postgraduate,High,No,62.0,68.0
Male,20.0,81.0,25.0,8.0,2.5,4,5.0,Good,Low,College,Low,No,59.0,68.0
Female,20.0,73.0,23.0,8.0,2.5,4,5.0,Good,Low,High School,High,No,78.0,67.0
Female,20.0,70.0,19.0,8.0,2.5,3,5.0,Good,High,College,Low,No,68.0,65.0
Female,20.0,62.0,18.0,8.0,2.5,4,5.0,Good,Medium,College,Low,No,87.0,64.0
Male,20.0,83.0,18.0,5.0,2.5,2,5.0,Good,High,College,High,No,80.0,70.0
Male,20.0,69.0,14.0,5.0,2.5,3,5.0,Good,Medium,College,High,No,91.0,63.0
Male,20.0,66.0,30.0,6.0,2.5,2,5.0,Good,Low,High School,Low,No,53.0,65.0
Female,20.0,86.0,18.0,9.0,2.5,2,5.0,Good,Medium,Postgraduate,Medium,No,62.0,67.0
Female,20.0,87.0,27.0,7.0,2.5,5,5.0,Good,Low,High School,Low,No,78.0,71.0
Female,20.0,90.0,29.0,7.0,2.5,4,5.0,Good,Medium,High School,Low,No,94.0,73.0
Male,20.0,80.0,26.0,4.0,2.5,3,5.0,Good,Low,High School,Low,No,91.0,67.0
Female,20.0,96.0,17.0,7.0,2.5,3,5.0,Good,Medium,College,Low,No,84.0,72.0
Male,20.0,97.0,22.0,7.0,2.5,0,5.0,Good,High,High School,Medium,No,79.0,71.0
Male,20.0,92.0,20.0,4.0,2.5,4,5.0,Good,High,Postgraduate,Medium,No,82.0,72.0
Male,20.0,85.0,15.0,7.0,2.5,3,5.0,Good,Medium,High School,Medium,No,61.0,68.0
Female,20.0,72.0,22.0,5.0,2.5,3,5.0,Good,Medium,College,Low,No,80.0,65.0
Female,20.0,99.0,13.0,6.0,2.5,4,5.0,Good,Low,College,Medium,No,75.0,68.0
Male,20.0,71.0,27.0,8.0,2.5,4,5.0,Good,Medium,College,High,No,69.0,67.0
Female,20.0,68.0,17.0,7.0,2.5,4,5.0,Good,High,College,High,No,94.0,66.0
Male,20.0,78.0,21.0,6.0,2.5,1,5.0,Good,Medium,High School,Medium,No,91.0,64.0
Male,20.0,62.0,22.0,6.0,2.5,3,5.0,Good,Medium,Postgraduate,Low,No,54.0,65.0
Male,20.0,99.0,18.0,6.0,2.5,3,5.0,Good,Medium,High School,Low,No,99.0,69.0
Male,20.0,84.0,24.0,7.0,2.5,2,5.0,Good,Medium,High School,Medium,No,61.0,68.0
Male,20.0,82.0,17.0,5.0,2.5,4,5.0,Good,Medium,Postgraduate,Medium,No,61.0,69.0
Male,20.0,86.0,25.0,9.0,2.5,3,5.0,Good,Low,High School,High,No,97.0,70.0
Female,20.0,80.0,12.0,5.0,2.5,4,5.0,Good,Medium,High School,High,No,72.0,65.0
Male,20.0,61.0,21.0,4.0,2.5,3,5.0,Good,Low,High School,Medium,No,90.0,63.0
Female,20.0,84.0,32.0,8.0,2.5,3,5.0,Good,Medium,College,Low,No,64.0,71.0
Male,20.0,89.0,14.0,6.0,2.5,2,5.0,Good,Low,Postgraduate,Low,No,94.0,68.0
Female,20.0,77.0,16.0,7.0,2.5,3,5.0,Good,High,Postgraduate,Low,No,92.0,70.0
Female,20.0,90.0,23.0,8.0,2.5,3,5.0,Good,High,High School,Medium,No,76.0,72.0
Female,20.0,69.0,21.0,6.0,2.5,1,5.0,Good,Medium,College,Low,No,85.0,64.0
Male,20.0,69.0,22.0,7.0,2.5,2,5.0,Good,Low,Postgraduate,Low,No,98.0,64.0
Female,20.0,66.0,23.0,8.0,2.5,2,5.0,Good,High,College,High,No,73.0,66.0
Male,20.0,75.0,24.0,9.0,2.5,3,5.0,Good,High,College,Medium,No,75.0,69.0
Female,20.0,94.0,27.0,6.0,2.5,2,5.0,Good,Medium,High School,Medium,No,86.0,71.0
Male,20.0,93.0,22.0,6.0,2.5,3,5.0,Good,High,High School,High,No,69.0,69.0
Male,20.0,75.0,19.0,8.0,2.5,3,5.0,Good,Low,Postgraduate,Low,No,98.0,67.0
Male,20.0,84.0,24.0,7.0,2.5,3,5.0,Good,Medium,High School,Low,No,52.0,66.0
Female,20.0,89.0,31.0,7.0,2.5,2,5.0,Good,Medium,High School,Low,No,70.0,71.0
Male,20.0,70.0,19.0,9.0,2.5,2,5.0,Good,Low,High School,High,No,86.0,63.0
Female,20.0,67.0,14.0,4.0,2.5,4,5.0,Good,Medium,College,High,No,71.0,62.0
Female,20.0,99.0,27.0,5.0,2.5,4,5.0,Good,Medium,High School,Medium,No,63.0,73.0
Female,20.0,85.0,19.0,4.0,2.5,3,5.0,Good,Low,High School,Medium,No,71.0,66.0
Male,20.0,99.0,7.0,9.0,2.5,2,5.0,Good,Medium,Postgraduate,High,No,94.0,72.0
Female,20.0,74.0,25.0,8.0,2.5,2,5.0,Good,Low,Postgraduate,Low,No,77.0,67.0
Male,20.0,88.0,17.0,5.0,2.5,3,5.0,Good,Medium,Postgraduate,Medium,No,67.0,65.0
Male,20.0,69.0,19.0,7.0,2.5,4,5.0,Good,Medium,High School,Medium,No,84.0,66.0
Female,20.0,70.0,22.0,7.0,2.5,2,5.0,Good,Low,Postgraduate,Medium,No,81.0,68.0
Female,20.0,80.0,21.0,4.0,2.5,4,5.0,Good,Medium,High School,Medium,No,78.0,69.0
Female,20.0,73.0,24.0,7.0,2.5,3,5.0,Good,Medium,Postgraduate,High,No,70.0,68.0
Male,20.0,67.0,17.0,5.0,2.5,2,5.0,Good,Medium,High School,Low,No,54.0,61.0
Male,20.0,71.0,23.0,8.0,2.5,2,5.0,Good,Medium,High School,Medium,No,81.0,68.0
Male,20.0,61.0,18.0,5.0,2.5,3,5.0,Good,Low,College,High,No,71.0,64.0
Male,20.0,88.0,24.0,7.0,2.5,3,5.0,Good,Low,College,Low,No,71.0,67.0
Male,20.0,80.0,24.0,9.0,2.5,3,5.0,Good,High,High School,High,No,62.0,68.0
Male,20.0,64.0,14.0,8.0,2.5,4,5.0,Good,Low,High School,Medium,No,62.0,61.0
Female,20.0,67.0,27.0,8.0,2.5,3,5.0,Good,Low,Postgraduate,Low,No,89.0,66.0
Female,20.0,64.0,17.0,7.0,2.5,2,5.0,Good,Low,Postgraduate,Medium,No,74.0,64.0
Female,20.0,85.0,25.0,5.0,2.5,3,5.0,Good,Low,High School,High,No,55.0,67.0
Female,20.0,64.0,22.0,6.0,2.5,4,5.0,Good,Low,College,High,No,52.0,64.0
Male,20.0,90.0,31.0,7.0,2.5,3,5.0,Good,Low,High School,Low,No,61.0,72.0
Male,20.0,61.0,19.0,7.0,2.5,3,5.0,Good,Low,Postgraduate,High,No,74.0,62.0
Female,20.0,70.0,18.0,5.0,2.5,2,5.0,Good,Low,High School,Low,No,81.0,63.0
Male,20.0,96.0,20.0,8.0,2.5,4,5.0,Good,Low,High School,Low,No,57.0,70.0
Male,20.0,89.0,18.0,5.0,2.5,3,5.0,Good,Low,College,Medium,No,72.0,69.0
Male,20.0,63.0,25.0,9.0,2.5,2,5.0,Good,Medium,High School,Medium,No,54.0,64.0
Male,20.0,93.0,10.0,7.0,2.5,3,5.0,Good,Medium,Postgraduate,Medium,No,52.0,66.0
Female,20.0,80.0,14.0,8.0,2.5,4,5.0,Good,Medium,High School,Low,No,93.0,67.0
Female,20.0,94.0,14.0,8.0,2.5,5,5.0,Good,Medium,Postgraduate,Medium,No,83.0,71.0
Female,20.0,84.0,26.0,10.0,2.5,1,5.0,Good,Medium,High School,Low,No,89.0,70.0
Male,20.0,87.0,30.0,7.0,2.5,3,5.0,Good,Medium,High School,Medium,No,59.0,69.0
Male,20.0,100.0,19.0,6.0,2.5,3,5.0,Good,High,High School,Low,No,66.0,68.0
Female,20.0,69.0,19.0,6.0,2.5,1,5.0,Good,Medium,College,Low,No,72.0,64.0
Male,20.0,85.0,20.0,9.0,2.5,3,5.0,Good,Low,College,Medium,No,83.0,70.0
Male,20.0,78.0,27.0,5.0,2.5,3,5.0,Good,Medium,Postgraduate,Medium,No,77.0,69.0
Female,20.0,62.0,14.0,6.0,2.5,2,5.0,Good,Medium,College,High,No,78.0,63.0
Female,20.0,61.0,21.0,7.0,2.5,3,5.0,Good,Medium,High School,Medium,No,58.0,60.0
Female,20.0,65.0,26.0,7.0,2.5,4,5.0,Good,Medium,High School,Low,No,74.0,65.0
Male,20.0,86.0,23.0,8.0,2.5,0,5.0,Good,Medium,High School,Low,No,91.0,67.0
Male,20.0,83.0,21.0,5.0,2.5,4,5.0,Good,Low,College,Medium,No,75.0,66.0
Female,20.0,82.0,26.0,7.0,2.5,3,5.0,Good,Medium,Postgraduate,Low,No,60.0,68.0
Male,20.0,61.0,4.0,7.0,2.5,1,5.0,Good,High,Postgraduate,Low,No,71.0,58.0
Female,20.0,79.0,24.0,5.0,2.5,3,5.0,Good,Medium,High School,Medium,No,88.0,67.0
Male,20.0,97.0,16.0,8.0,2.5,4,5.0,Good,Low,High School,Medium,No,57.0,68.0
Female,20.0,76.0,9.0,7.0,2.5,3,5.0,Good,Medium,High School,Low,No,79.0,62.0
Female,20.0,85.0,23.0,7.0,2.5,3,5.0,Good,High,Postgraduate,Low,No,98.0,69.0
Male,20.0,91.0,28.0,6.0,2.5,4,5.0,Good,High,High School,Medium,No,69.0,73.0
Male,20.0,91.0,19.0,6.0,2.5,4,5.0,Good,Medium,High School,Low,No,52.0,66.0
Female,20.0,81.0,26.0,5.0,2.5,5,5.0,Good,Medium,Postgraduate,Medium,No,82.0,67.0
Female,20.0,94.0,30.0,8.0,2.5,4,5.0,Good,Medium,High School,Medium,No,52.0,71.0
Male,20.0,76.0,28.0,9.0,2.5,2,5.0,Good,Medium,High School,Low,No,60.0,66.0
Female,20.0,96.0,30.0,10.0,2.5,4,5.0,Good,Medium,College,High,No,52.0,74.0
Male,20.0,70.0,24.0,8.0,2.5,5,5.0,Good,Low,High School,Low,No,59.0,67.0
Male,20.0,71.0,20.0,6.0,2.5,2,5.0,Good,High,Postgraduate,Medium,No,93.0,68.0
Male,20.0,62.0,10.0,6.0,2.5,3,5.0,Good,High,High School,Low,No,87.0,61.0
Female,20.0,92.0,19.0,8.0,2.5,2,5.0,Good,Medium,High School,Medium,No,67.0,69.0
Male,20.0,77.0,15.0,7.0,2.5,4,5.0,Good,Low,High School,Low,No,95.0,65.0
Male,20.0,69.0,33.0,7.0,2.5,2,5.0,Good,Medium,Postgraduate,Medium,No,83.0,71.0
Female,20.0,69.0,19.0,7.0,2.5,2,5.0,Good,Medium,High School,Low,No,72.0,61.0
Male,20.0,96.0,21.0,9.0,2.5,3,5.0,Good,Medium,College,Low,No,53.0,70.0
Male,20.0,93.0,23.0,6.0,2.5,3,5.0,Good,Medium,High School,Medium,No,87.0,70.0
Male,20.0,82.0,20.0,9.0,2.5,3,5.0,Good,Low,College,Medium,No,69.0,69.0
Female,20.0,85.0,30.0,7.0,2.5,3,5.0,Good,High,High School,Low,No,65.0,70.0
Male,20.0,79.0,16.0,6.0,2.5,4,5.0,Good,Medium,College,Low,No,64.0,67.0
Female,20.0,76.0,21.0,6.0,2.5,4,5.0,Good,Low,Postgraduate,Low,No,50.0,63.0
Female,20.0,97.0,16.0,7.0,2.5,3,5.0,Good,Medium,High School,High,No,87.0,70.0
Female,20.0,65.0,12.0,8.0,2.5,5,5.0,Good,Medium,High School,High,No,57.0,61.0
Female,20.0,77.0,16.0,6.0,2.5,1,5.0,Good,Low,Postgraduate,Low,No,76.0,64.0
Male,20.0,74.0,20.0,8.0,2.5,3,5.0,Good,High,College,Medium,No,51.0,65.0
Male,20.0,80.0,17.0,6.0,2.5,1,5.0,Good,Medium,College,Medium,No,81.0,65.0
Female,20.0,78.0,16.0,7.0,2.5,3,5.0,Good,High,Postgraduate,Low,No,68.0,66.0
Female,20.0,81.0,12.0,5.0,2.5,3,5.0,Good,Low,High School,Medium,No,82.0,66.0
Male,20.0,66.0,20.0,8.0,2.5,2,5.0,Good,Medium,Postgraduate,Medium,No,54.0,63.0
Male,20.0,81.0,11.0,7.0,2.5,2,5.0,Good,Medium,Postgraduate,Medium,No,63.0,66.0
Male,20.0,70.0,25.0,9.0,2.5,1,5.0,Good,High,High School,Low,No,56.0,64.0
Male,20.0,67.0,20.0,8.0,2.5,4,5.0,Good,Medium,High School,Low,No,82.0,65.0
Male,20.0,63.0,11.0,7.0,2.5,1,5.0,Good,Low,Postgraduate,High,No,55.0,62.0
Male,20.0,91.0,18.0,9.0,2.5,5,5.0,Good,High,High School,High,No,81.0,71.0
Male,20.0,77.0,15.0,8.0,2.5,2,5.0,Good,Low,College,Low,No,57.0,63.0
Male,20.0,85.0,22.0,9.0,2.5,3,5.0,Good,High,College,Medium,No,97.0,70.0
Male,20.0,89.0,28.0,6.0,2.5,4,5.0,Good,Low,College,Low,No,71.0,70.0
Female,20.0,87.0,9.0,8.0,2.5,3,5.0,Good,Medium,College,Medium,No,56.0,65.0
Female,20.0,79.0,21.0,8.0,2.5,3,5.0,Good,Medium,High School,Low,No,52.0,66.0
Female,20.0,76.0,19.0,5.0,2.5,4,5.0,Good,Medium,College,Medium,No,66.0,66.0
Male,20.0,75.0,24.0,9.0,2.5,2,5.0,Good,High,College,Medium,No,95.0,68.0
Male,20.0,86.0,21.0,5.0,2.5,3,5.0,Good,Medium,High School,Low,No,57.0,68.0
Female,20.0,80.0,15.0,5.0,2.5,3,5.0,Good,Medium,High School,Medium,No,90.0,69.0
Female,20.0,94.0,18.0,4.0,2.5,3,5.0,Good,Medium,College,High,No,71.0,71.0
Male,20.0,95.0,15.0,8.0,2.5,1,5.0,Good,Low,Postgraduate,Low,No,90.0,69.0
Male,20.0,67.0,26.0,5.0,2.5,2,5.0,Good,Medium,College,Medium,No,94.0,68.0
Male,20.0,65.0,20.0,6.0,2.5,5,5.0,Good,Medium,High School,Low,No,100.0,67.0
Male,20.0,85.0,31.0,8.0,2.5,3,5.0,Good,Medium,High School,Low,No,53.0,72.0
Male,20.0,72.0,20.0,7.0,2.5,3,5.0,Good,High,High School,Medium,No,90.0,68.0
Female,20.0,61.0,16.0,6.0,2.5,4,5.0,Good,Low,High School,High,No,53.0,60.0
Male,20.0,96.0,11.0,5.0,2.5,4,5.0,Good,High,High School,Low,No,66.0,68.0
Female,20.0,69.0,9.0,7.0,2.5,2,5.0,Good,High,High School,High,No,82.0,65.0
Female,20.0,97.0,10.0,8.0,2.5,3,5.0,Good,High,Postgraduate,Low,No,72.0,67.0
Female,20.0,89.0,22.0,8.0,2.5,3,5.0,Good,Low,High School,High,No,78.0,70.0
Female,20.0,91.0,23.0,10.0,2.5,3,5.0,Good,High,High School,Low,No,98.0,70.0
Female,20.0,68.0,11.0,6.0,2.5,2,5.0,Good,Low,College,Low,No,91.0,61.0
Male,20.0,69.0,25.0,5.0,2.5,4,5.0,Good,Medium,College,High,No,68.0,68.0
Female,20.0,81.0,17.0,7.0,2.5,3,5.0,Good,High,Postgraduate,Low,No,80.0,67.0
Female,20.0,67.0,21.0,7.0,2.5,3,5.0,Good,Medium,High School,Low,No,52.0,62.0
Male,20.0,72.0,30.0,7.0,2.5,4,5.0,Good,Medium,High School,High,No,73.0,66.0
Female,20.0,73.0,25.0,6.0,2.5,2,5.0,Good,Medium,High School,High,No,80.0,69.0
Female,20.0,66.0,18.0,4.0,2.5,4,5.0,Good,Medium,College,Medium,No,86.0,66.0
Female,20.0,68.0,15.0,5.0,2.5,5,5.0,Good,Medium,College,High,No,95.0,64.0
Male,20.0,92.0,7.0,8.0,2.5,4,5.0,Good,High,Postgraduate,Low,No,64.0,66.0
Male,20.0,67.0,16.0,7.0,2.5,5,5.0,Good,Low,High School,Medium,No,95.0,63.0
Male,20.0,61.0,19.0,8.0,2.5,3,5.0,Good,Low,High School,Medium,No,83.0,62.0
Male,20.0,85.0,14.0,8.0,2.5,4,5.0,Good,Low,Postgraduate,High,No,54.0,65.0
Male,20.0,99.0,19.0,8.0,2.5,2,5.0,Good,Low,High School,High,No,69.0,68.0
Male,20.0,73.0,20.0,8.0,2.5,4,5.0,Good,Low,High School,Low,No,74.0,65.0
Female,20.0,65.0,19.0,7.0,2.5,4,5.0,Good,Low,College,Low,No,68.0,63.0
Male,20.0,83.0,16.0,7.0,2.5,2,5.0,Good,Medium,High School,Medium,No,56.0,68.0
Male,20.0,96.0,21.0,4.0,2.5,2,5.0,Good,Low,High School,High,No,78.0,72.0
Male,20.0,91.0,23.0,6.0,2.5,3,5.0,Good,Medium,High School,Low,No,57.0,69.0
Male,20.0,85.0,13.0,6.0,2.5,5,5.0,Good,Low,Postgraduate,Low,No,96.0,66.0
Male,20.0,73.0,28.0,7.0,2.5,3,5.0,Good,High,College,Low,No,93.0,68.0
Male,20.0,82.0,19.0,6.0,2.5,2,5.0,Good,Medium,High School,Medium,No,74.0,64.0
Male,20.0,64.0,20.0,8.0,2.5,2,5.0,Good,Low,High School,Low,No,53.0,61.0
Male,20.0,87.0,24.0,6.0,2.5,2,5.0,Good,High,Postgraduate,Low,No,78.0,67.0
Male,20.0,89.0,21.0,9.0,2.5,3,5.0,Good,Medium,Postgraduate,Medium,No,80.0,68.0
Male,20.0,99.0,26.0,6.0,2.5,3,5.0,Good,High,High School,Medium,No,94.0,74.0
Female,20.0,70.0,22.0,6.0,2.5,2,5.0,Good,Medium,High School,Medium,No,53.0,67.0
Male,20.0,61.0,16.0,6.0,2.5,3,5.0,Good,Medium,High School,Medium,No,85.0,64.0
Male,20.0,82.0,22.0,6.0,2.5,3,5.0,Good,Medium,High School,Medium,No,78.0,69.0
Female,20.0,88.0,13.0,9.0,2.5,3,5.0,Good,Medium,High School,Low,No,59.0,63.0
Female,20.0,92.0,21.0,7.0,2.5,4,5.0,Good,Medium,High School,Low,No,56.0,67.0
Male,20.0,68.0,20.0,7.0,2.5,3,5.0,Good,Medium,College,Medium,No,85.0,65.0
Female,20.0,70.0,19.0,6.0,2.5,4,5.0,Good,Medium,Postgraduate,Medium,No,67.0,67.0
Female,20.0,81.0,19.0,7.0,2.5,5,5.0,Good,Medium,Postgraduate,Low,No,100.0,68.0
Male,20.0,73.0,9.0,7.0,2.5,3,5.0,Good,Medium,Postgraduate,Low,No,95.0,62.0
Female,20.0,94.0,17.0,7.0,2.5,3,5.0,Good,Medium,College,Low,No,78.0,70.0
Female,20.0,79.0,21.0,7.0,2.5,3,5.0,Good,Medium,High School,High,No,82.0,67.0
Female,20.0,92.0,21.0,9.0,2.5,5,5.0,Good,Medium,High School,High,No,58.0,89.0
Female,20.0,83.0,14.0,7.0,2.5,2,5.0,Good,Low,High School,Low,No,95.0,65.0
Female,20.0,91.0,28.0,5.0,2.5,2,5.0,Good,Medium,High School,Medium,No,73.0,69.0
Female,20.0,73.0,15.0,7.0,2.5,4,5.0,Good,High,High School,Low,No,76.0,64.0
Female,20.0,93.0,26.0,6.0,2.5,4,5.0,Good,Medium,High School,High,No,94.0,74.0
Female,20.0,71.0,23.0,8.0,2.5,2,5.0,Good,Medium,High School,High,No,50.0,64.0
Female,20.0,82.0,16.0,7.0,2.5,2,5.0,Good,Medium,Postgraduate,Low,No,75.0,64.0
Male,20.0,69.0,31.0,9.0,2.5,2,5.0,Good,Medium,College,Medium,No,81.0,67.0
Male,20.0,79.0,13.0,6.0,2.5,4,5.0,Good,High,College,Medium,No,58.0,63.0
Female,20.0,73.0,26.0,7.0,2.5,5,5.0,Good,Low,High School,Medium,No,53.0,68.0
Male,20.0,71.0,26.0,5.0,2.5,5,5.0,Good,Low,Postgraduate,Medium,No,77.0,66.0
Female,20.0,99.0,16.0,7.0,2.5,3,5.0,Good,High,High School,Low,No,77.0,68.0
Female,20.0,66.0,28.0,5.0,2.5,1,5.0,Good,Medium,Postgraduate,High,No,67.0,68.0
Female,20.0,91.0,18.0,7.0,2.5,2,5.0,Good,Medium,High School,Low,No,94.0,69.0
Female,20.0,99.0,22.0,7.0,2.5,3,5.0,Good,Medium,Postgraduate,Low,No,65.0,71.0
Female,20.0,61.0,22.0,7.0,2.5,3,5.0,Good,Medium,College,High,No,76.0,65.0
Male,20.0,88.0,19.0,8.0,2.5,4,5.0,Good,Medium,High School,Medium,No,59.0,67.0
Female,20.0,70.0,25.0,7.0,2.5,4,5.0,Good,Medium,College,High,No,51.0,65.0
Male,20.0,62.0,25.0,5.0,2.5,4,5.0,Good,Medium,High School,Low,No,71.0,65.0
Male,20.0,76.0,10.0,6.0,2.5,2,5.0,Good,Medium,Postgraduate,High,No,76.0,80.0
Male,20.0,97.0,28.0,7.0,2.5,2,5.0,Good,High,High School,Medium,No,88.0,74.0
Male,20.0,60.0,10.0,7.0,2.5,3,5.0,Good,Low,High School,Medium,No,72.0,59.0
Male,20.0,84.0,26.0,7.0,2.5,3,5.0,Good,Low,High School,High,No,64.0,69.0
Male,20.0,80.0,27.0,9.0,2.5,2,5.0,Good,Medium,High School,High,No,80.0,66.0
Female,20.0,95.0,13.0,7.0,2.5,2,5.0,Good,Medium,Postgraduate,Low,No,69.0,66.0
Female,20.0,63.0,18.0,8.0,2.5,4,5.0,Good,Medium,High School,High,No,62.0,65.0
Male,20.0,87.0,13.0,4.0,2.5,3,5.0,Good,Low,College,Low,No,96.0,67.0
Male,20.0,87.0,19.0,8.0,2.5,4,5.0,Good,Low,High School,Low,No,77.0,69.0
Female,20.0,87.0,18.0,10.0,2.5,3,5.0,Good,High,High School,Medium,No,60.0,68.0
Female,20.0,98.0,25.0,9.0,2.5,2,5.0,Good,Medium,Postgraduate,Medium,No,84.0,73.0
Female,20.0,93.0,28.0,6.0,2.5,2,5.0,Good,Medium,High School,Low,No,90.0,71.0
Male,20.0,62.0,28.0,10.0,2.5,2,5.0,Good,Medium,Postgraduate,Low,No,88.0,67.0
Female,20.0,79.0,17.0,7.0,2.5,3,5.0,Good,Low,College,High,No,80.0,67.0
Male,20.0,76.0,19.0,7.0,2.5,2,5.0,Good,Medium,Postgraduate,High,No,76.0,66.0
Female,20.0,72.0,10.0,7.0,2.5,4,5.0,Good,Medium,College,Medium,No,89.0,63.0
Male,20.0,78.0,15.0,7.0,2.5,1,5.0,Good,Medium,High School,High,No,85.0,65.0
Male,20.0,75.0,26.0,4.0,2.5,1,5.0,Good,Medium,College,High,No,79.0,67.0
Male,20.0,77.0,30.0,8.0,2.5,3,5.0,Good,Medium,College,Low,No,83.0,69.0
Male,20.0,99.0,13.0,7.0,2.5,2,5.0,Good,Medium,High School,Low,No,58.0,67.0
Male,20.0,64.0,16.0,7.0,2.5,3,5.0,Good,High,College,High,No,51.0,66.0
Female,20.0,97.0,20.0,7.0,2.5,4,5.0,Good,Low,High School,Medium,No,97.0,74.0
Female,20.0,79.0,22.0,6.0,2.5,2,5.0,Good,Medium,College,High,No,97.0,69.0
Female,20.0,85.0,15.0,7.0,2.5,4,5.0,Good,High,College,Medium,No,89.0,66.0
Male,20.0,93.0,23.0,9.0,2.5,3,5.0,Good,Low,Postgraduate,Medium,No,69.0,69.0
Male,20.0,74.0,17.0,8.0,2.5,2,5.0,Good,Low,College,High,No,58.0,63.0
Female,20.0,77.0,20.0,7.0,2.5,3,5.0,Good,Medium,College,Medium,No,68.0,65.0
Male,20.0,76.0,23.0,7.0,2.5,4,5.0,Good,Low,College,Low,No,86.0,64.0
Male,20.0,75.0,20.0,7.0,2.5,4,5.0,Good,High,High School,Medium,No,67.0,64.0
Male,20.0,97.0,17.0,6.0,2.5,2,5.0,Good,Low,High School,Medium,No,90.0,69.0
Female,20.0,93.0,19.0,7.0,2.5,3,5.0,Good,Medium,High School,Low,No,84.0,73.0
Male,20.0,64.0,19.0,8.0,2.5,3,5.0,Good,High,High School,Medium,No,81.0,62.0
Male,20.0,64.0,18.0,7.0,2.5,4,5.0,Good,Low,College,Medium,No,97.0,62.0
Female,20.0,77.0,18.0,6.0,2.5,2,5.0,Good,High,Postgraduate,Medium,No,95.0,68.0
Female,20.0,64.0,30.0,7.0,2.5,3,5.0,Good,Low,Postgraduate,Medium,No,86.0,66.0
Female,20.0,85.0,23.0,8.0,2.5,1,5.0,Good,High,College,Medium,No,60.0,68.0
Male,20.0,66.0,18.0,5.0,2.5,4,5.0,Good,Medium,High School,Medium,No,97.0,66.0
Male,20.0,81.0,24.0,6.0,2.5,3,5.0,Good,Low,Postgraduate,Medium,No,61.0,69.0
Female,20.0,60.0,18.0,5.0,2.5,2,5.0,Good,Medium,Postgraduate,Medium,No,69.0,62.0
Female,20.0,73.0,27.0,7.0,2.5,4,5.0,Good,Medium,College,High,No,91.0,68.0
Male,20.0,87.0,22.0,8.0,2.5,2,5.0,Good,Low,College,Medium,No,60.0,67.0
Male,20.0,79.0,19.0,9.0,2.5,4,5.0,Good,Medium,High School,Low,No,82.0,65.0
Male,20.0,99.0,23.0,9.0,2.5,4,5.0,Good,Medium,College,Low,No,73.0,69.0
Male,20.0,95.0,11.0,6.0,2.5,3,5.0,Good,High,High School,Low,No,81.0,67.0
Female,20.0,74.0,13.0,7.0,2.5,3,5.0,Good,High,Postgraduate,Medium,No,98.0,64.0
Female,20.0,62.0,13.0,6.0,2.5,3,5.0,Good,Medium,Postgraduate,High,No,90.0,62.0
Male,20.0,94.0,21.0,9.0,2.5,3,5.0,Good,Low,High School,High,No,65.0,71.0
Male,20.0,96.0,30.0,9.0,2.5,3,5.0,Good,Medium,High School,Medium,No,53.0,72.0
Female,20.0,93.0,33.0,7.0,2.5,2,5.0,Good,Low,High School,Medium,No,98.0,74.0
Male,20.0,65.0,24.0,6.0,2.5,2,5.0,Good,Low,Postgraduate,Medium,No,79.0,66.0
Female,20.0,100.0,23.0,4.0,2.5,4,5.0,Good,Medium,High School,Medium,No,59.0,72.0
Female,20.0,70.0,9.0,5.0,2.5,4,5.0,Good,Medium,Postgraduate,High,No,81.0,65.0
Female,20.0,89.0,17.0,4.0,2.5,3,5.0,Good,High,College,Low,No,52.0,67.0
Male,20.0,96.0,15.0,5.0,2.5,2,5.0,Good,High,High School,Medium,No,59.0,70.0
Male,20.0,69.0,16.0,10.0,2.5,1,5.0,Good,Medium,High School,Low,No,82.0,62.0
Male,20.0,96.0,19.0,5.0,2.5,2,5.0,Good,High,High School,Low,No,70.0,66.0
Male,20.0,72.0,17.0,5.0,2.5,3,5.0,Good,Medium,College,High,No,66.0,65.0
Male,20.0,99.0,8.0,6.0,2.5,4,5.0,Good,High,Postgraduate,Medium,No,83.0,70.0
Female,20.0,71.0,24.0,10.0,2.5,2,5.0,Good,Low,College,Medium,No,93.0,69.0
Female,20.0,98.0,14.0,7.0,2.5,3,5.0,Good,Low,High School,High,No,84.0,70.0
Female,20.0,62.0,21.0,8.0,2.5,2,5.0,Good,Medium,College,High,No,73.0,66.0
Male,20.0,88.0,32.0,7.0,2.5,4,5.0,Good,Low,Postgraduate,Low,No,83.0,73.0
Female,20.0,81.0,14.0,4.0,2.5,4,5.0,Good,Low,Postgraduate,Medium,No,85.0,69.0
Female,20.0,79.0,5.0,9.0,2.5,3,5.0,Good,Low,College,Medium,No,89.0,66.0
Male,20.0,69.0,18.0,8.0,2.5,4,5.0,Good,Medium,High School,Medium,No,65.0,65.0
Female,20.0,88.0,27.0,7.0,2.5,4,5.0,Good,High,Postgraduate,Low,No,56.0,70.0
Male,20.0,68.0,32.0,10.0,2.5,2,5.0,Good,Medium,Postgraduate,Medium,No,84.0,70.0
Male,20.0,82.0,13.0,6.0,2.5,4,5.0,Good,High,Postgraduate,Low,No,56.0,67.0
Male,20.0,70.0,23.0,7.0,2.5,3,5.0,Good,High,Postgraduate,Low,No,73.0,68.0
Female,20.0,98.0,17.0,6.0,2.5,2,5.0,Good,Low,College,Medium,No,62.0,68.0
Female,20.0,61.0,19.0,9.0,2.5,2,5.0,Good,Medium,College,Low,No,67.0,61.0
Male,20.0,68.0,36.0,8.0,2.5,3,5.0,Good,High,High School,Medium,No,74.0,70.0
Male,20.0,70.0,11.0,7.0,2.5,5,5.0,Good,High,College,Low,No,95.0,65.0
Male,20.0,77.0,22.0,5.0,2.5,2,5.0,Good,Medium,High School,High,No,84.0,66.0
Male,20.0,69.0,23.0,6.0,2.5,3,5.0,Good,Medium,Postgraduate,High,No,59.0,67.0
Male,20.0,80.0,27.0,5.0,2.5,3,5.0,Good,High,High School,High,No,94.0,69.0
Male,20.0,95.0,21.0,9.0,2.5,2,5.0,Good,Medium,College,Low,No,75.0,69.0
Male,20.0,88.0,22.0,5.0,2.5,2,5.0,Good,Low,High School,Low,No,60.0,67.0
Female,20.0,83.0,18.0,9.0,2.5,4,5.0,Good,Medium,High School,Medium,No,76.0,66.0
Male,20.0,64.0,22.0,9.0,2.5,2,5.0,Good,Medium,High School,High,No,60.0,63.0
Female,20.0,88.0,18.0,6.0,2.5,4,5.0,Good,Low,High School,Medium,No,68.0,67.0
Male,20.0,67.0,24.0,6.0,2.5,1,5.0,Good,Medium,College,Low,No,90.0,64.0
Male,20.0,91.0,18.0,6.0,2.5,4,5.0,Good,Medium,High School,Low,No,83.0,68.0
Male,20.0,70.0,22.0,8.0,2.5,2,5.0,Good,Low,High School,Low,No,74.0,65.0
Male,20.0,77.0,20.0,9.0,2.5,3,5.0,Good,Medium,High School,Medium,No,61.0,65.0
Male,20.0,74.0,27.0,9.0,2.5,3,5.0,Good,High,High School,Low,No,64.0,65.0
Female,20.0,94.0,20.0,6.0,2.5,4,5.0,Good,Medium,College,Medium,No,99.0,70.0
Female,20.0,65.0,9.0,9.0,2.5,3,5.0,Good,Medium,High School,High,No,67.0,62.0
Male,20.0,83.0,28.0,9.0,2.5,4,5.0,Good,Medium,High School,Low,No,81.0,68.0
Male,20.0,66.0,15.0,7.0,2.5,3,5.0,Good,Low,College,High,No,75.0,62.0
Female,20.0,88.0,16.0,7.0,2.5,3,5.0,Good,Medium,College,Medium,No,51.0,68.0
Male,20.0,96.0,16.0,9.0,2.5,5,5.0,Good,Medium,College,Medium,No,97.0,72.0
Female,20.0,77.0,28.0,9.0,2.5,3,5.0,Good,Low,Postgraduate,High,No,54.0,70.0
Female,20.0,80.0,7.0,9.0,2.5,3,5.0,Good,Low,High School,Medium,No,83.0,62.0
Female,20.0,97.0,39.0,10.0,2.5,3,5.0,Good,Medium,High School,Low,No,91.0,79.0
Male,20.0,81.0,26.0,8.0,2.5,1,5.0,Good,Medium,Postgraduate,High,No,87.0,73.0
Male,20.0,80.0,21.0,7.0,2.5,2,5.0,Good,High,College,Low,No,90.0,68.0
Male,20.0,83.0,20.0,9.0,2.5,2,5.0,Good,Low,High School,High,No,87.0,68.0
Female,20.0,88.0,22.0,10.0,2.5,2,5.0,Good,Medium,High School,Low,No,72.0,69.0
Female,20.0,64.0,23.0,6.0,2.5,2,5.0,Good,High,College,Low,No,95.0,63.0
Female,20.0,93.0,24.0,7.0,2.5,4,5.0,Good,Medium,Postgraduate,High,No,96.0,74.0
Female,20.0,77.0,23.0,5.0,2.5,5,5.0,Good,Medium,College,High,No,72.0,69.0
Female,20.0,63.0,21.0,8.0,2.5,3,5.0,Good,Medium,High School,Low,No,74.0,61.0
Female,20.0,91.0,19.0,8.0,2.5,2,5.0,Good,Low,Postgraduate,Medium,No,74.0,69.0
Female,20.0,75.0,19.0,6.0,2.5,3,5.0,Good,High,High School,Low,No,64.0,64.0
Female,20.0,64.0,19.0,9.0,2.5,4,5.0,Good,Low,Postgraduate,Low,No,56.0,63.0
Male,20.0,85.0,27.0,6.0,2.5,2,5.0,Good,Low,College,Low,No,63.0,68.0
Male,20.0,95.0,24.0,6.0,2.5,3,5.0,Good,Medium,High School,Low,No,92.0,72.0
Female,20.0,96.0,2.0,9.0,2.5,2,5.0,Good,Medium,High School,Medium,No,77.0,65.0
Male,20.0,98.0,24.0,6.0,2.5,4,5.0,Good,Low,College,Low,No,93.0,69.0
Male,20.0,95.0,21.0,5.0,2.5,4,5.0,Good,Low,High School,Medium,No,87.0,70.0
Female,20.0,60.0,20.0,8.0,2.5,4,5.0,Good,Low,Postgraduate,Medium,No,67.0,63.0
Female,20.0,75.0,18.0,7.0,2.5,2,5.0,Good,Low,High School,Medium,No,59.0,62.0
Female,20.0,93.0,27.0,9.0,2.5,2,5.0,Good,Low,Postgraduate,Low,No,78.0,72.0
Male,20.0,75.0,26.0,8.0,2.5,4,5.0,Good,Medium,High School,Low,No,97.0,69.0
Female,20.0,84.0,15.0,4.0,2.5,3,5.0,Good,Low,High School,Medium,No,92.0,66.0
Male,20.0,84.0,22.0,9.0,2.5,4,5.0,Good,Medium,Postgraduate,Low,No,88.0,71.0
Female,20.0,75.0,14.0,10.0,2.5,3,5.0,Good,Medium,College,Low,No,88.0,62.0
Male,20.0,96.0,12.0,9.0,2.5,2,5.0,Good,Medium,High School,Medium,No,76.0,68.0
Female,20.0,80.0,16.0,9.0,2.5,2,5.0,Good,Low,High School,Medium,No,58.0,63.0
Female,20.0,79.0,25.0,7.0,2.5,3,5.0,Good,Medium,College,Low,No,64.0,66.0
Male,20.0,100.0,26.0,6.0,2.5,3,5.0,Good,High,College,Medium,No,79.0,75.0
Female,20.0,80.0,23.0,7.0,2.5,4,5.0,Good,High,College,High,No,66.0,69.0
Female,20.0,67.0,24.0,8.0,2.5,3,5.0,Good,Medium,High School,High,No,89.0,68.0
Male,20.0,81.0,23.0,8.0,2.5,2,5.0,Good,Medium,High School,Medium,No,69.0,69.0
Male,20.0,93.0,16.0,6.0,2.5,4,5.0,Good,Medium,High School,Low,No,56.0,67.0
Male,20.0,91.0,23.0,6.0,2.5,3,5.0,Good,Medium,Postgraduate,Medium,No,89.0,73.0
Male,20.0,92.0,25.0,5.0,2.5,1,5.0,Good,Low,College,Low,No,85.0,71.0
Female,20.0,88.0,25.0,8.0,2.5,3,5.0,Good,Medium,High School,High,No,63.0,71.0
Female,20.0,70.0,27.0,6.0,2.5,2,5.0,Good,High,High School,Low,No,99.0,68.0
Male,20.0,94.0,24.0,7.0,2.5,1,5.0,Good,Medium,High School,High,No,70.0,70.0
Male,20.0,96.0,22.0,10.0,2.5,3,5.0,Good,Low,High School,High,No,84.0,71.0
Male,20.0,68.0,26.0,8.0,2.5,2,5.0,Good,High,High School,Medium,No,96.0,69.0
Male,20.0,65.0,20.0,7.0,2.5,4,5.0,Good,Medium,High School,Low,No,58.0,63.0
Male,20.0,99.0,15.0,8.0,2.5,3,5.0,Good,Medium,Postgraduate,Medium,No,94.0,71.0
Male,20.0,95.0,19.0,9.0,2.5,3,5.0,Good,Medium,College,Low,No,85.0,69.0
Male,20.0,96.0,16.0,5.0,2.5,5,5.0,Good,Medium,Postgraduate,High,No,58.0,71.0
Female,20.0,95.0,16.0,6.0,2.5,3,5.0,Good,Low,High School,Low,No,83.0,68.0
Female,20.0,82.0,19.0,7.0,2.5,3,5.0,Good,Medium,High School,Medium,No,94.0,68.0
Male,20.0,86.0,15.0,6.0,2.5,3,5.0,Good,Medium,Postgraduate,Medium,No,90.0,66.0
Female,20.0,82.0,18.0,7.0,2.5,3,5.0,Good,Medium,College,Low,No,88.0,67.0
Female,20.0,62.0,9.0,5.0,2.5,5,5.0,Good,Low,College,Medium,No,58.0,59.0
Female,20.0,90.0,21.0,8.0,2.5,2,5.0,Good,Medium,College,Low,No,60.0,66.0
Male,20.0,80.0,20.0,6.0,2.5,3,5.0,Good,Low,High School,Medium,No,77.0,64.0
Female,20.0,86.0,15.0,7.0,2.5,3,5.0,Good,Medium,High School,Low,No,79.0,64.0
Female,20.0,80.0,24.0,7.0,2.5,4,5.0,Good,Medium,High School,Low,No,97.0,69.0
Male,20.0,80.0,26.0,8.0,2.5,3,5.0,Good,High,High School,Medium,No,73.0,69.0
Male,20.0,67.0,10.0,4.0,2.5,3,5.0,Good,Medium,High School,Medium,No,65.0,61.0
Female,20.0,71.0,15.0,8.0,2.5,3,5.0,Good,Medium,High School,Low,No,60.0,62.0
Female,20.0,66.0,15.0,7.0,2.5,3,5.0,Good,Medium,College,Medium,No,53.0,61.0
Female,20.0,68.0,14.0,8.0,2.5,2,5.0,Good,High,College,Medium,No,53.0,63.0
Female,20.0,99.0,25.0,5.0,2.5,4,5.0,Good,Low,College,Low,No,79.0,71.0
Female,20.0,66.0,19.0,8.0,2.5,2,5.0,Good,Medium,Postgraduate,Medium,No,59.0,65.0
Male,20.0,71.0,18.0,9.0,2.5,4,5.0,Good,Medium,College,Low,No,93.0,68.0
Male,20.0,84.0,8.0,7.0,2.5,4,5.0,Good,Medium,High School,High,No,80.0,67.0
Female,20.0,84.0,24.0,6.0,2.5,1,5.0,Good,High,High School,Low,No,93.0,70.0
Male,20.0,66.0,13.0,6.0,2.5,3,5.0,Good,Medium,High School,Medium,No,71.0,64.0
Male,20.0,92.0,20.0,8.0,2.5,3,5.0,Good,High,College,Medium,No,80.0,71.0
Female,20.0,91.0,22.0,8.0,2.5,3,5.0,Good,Low,College,Medium,No,76.0,71.0
Female,20.0,69.0,28.0,8.0,2.5,3,5.0,Good,Low,High School,High,No,99.0,67.0
Male,20.0,72.0,12.0,7.0,2.5,3,5.0,Good,Medium,Postgraduate,High,No,90.0,63.0
Male,20.0,98.0,2.0,7.0,2.5,1,5.0,Good,High,High School,Low,No,80.0,66.0
Male,20.0,93.0,21.0,7.0,2.5,1,5.0,Good,Medium,High School,High,No,80.0,70.0
Male,20.0,88.0,31.0,6.0,2.5,4,5.0,Good,Medium,High School,Low,No,62.0,70.0
Female,20.0,63.0,27.0,8.0,2.5,3,5.0,Good,Medium,High School,Low,No,87.0,67.0
Male,20.0,77.0,21.0,7.0,2.5,3,5.0,Good,High,Postgraduate,Medium,No,99.0,69.0
Female,20.0,82.0,17.0,9.0,2.5,2,5.0,Good,Low,High School,High,No,56.0,66.0
Female,20.0,67.0,25.0,9.0,2.5,3,5.0,Good,Medium,Postgraduate,Medium,No,82.0,67.0
Female,20.0,78.0,14.0,7.0,2.5,2,5.0,Good,Medium,College,High,No,76.0,65.0
Male,20.0,84.0,23.0,8.0,2.5,3,5.0,Good,Medium,Postgraduate,High,No,93.0,72.0
Male,20.0,73.0,23.0,6.0,2.5,3,5.0,Good,Medium,College,Medium,No,50.0,68.0
Male,20.0,91.0,26.0,7.0,2.5,3,5.0,Good,Low,College,Medium,No,57.0,72.0
Male,20.0,94.0,37.0,8.0,2.5,3,5.0,Good,High,Postgraduate,Low,No,52.0,76.0
Female,20.0,73.0,22.0,5.0,2.5,3,5.0,Good,Medium,College,Low,No,58.0,65.0
Male,20.0,94.0,17.0,8.0,2.5,4,5.0,Good,Medium,High School,Medium,No,85.0,68.0
Female,20.0,64.0,20.0,6.0,2.5,4,5.0,Good,Medium,College,Low,No,57.0,65.0
Male,20.0,94.0,9.0,6.0,2.5,3,5.0,Good,Low,High School,Low,No,81.0,66.0
Male,20.0,66.0,16.0,6.0,2.5,2,5.0,Good,Medium,High School,Low,No,93.0,63.0
Female,20.0,63.0,18.0,7.0,2.5,3,5.0,Good,Medium,Postgraduate,High,No,52.0,63.0
Male,20.0,86.0,17.0,5.0,2.5,2,5.0,Good,Medium,Postgraduate,Low,No,51.0,66.0
Male,20.0,79.0,21.0,8.0,2.5,4,5.0,Good,Medium,High School,Low,No,99.0,69.0
Male,20.0,96.0,15.0,7.0,2.5,1,5.0,Good,High,Postgraduate,Medium,No,84.0,72.0
Male,20.0,75.0,27.0,10.0,2.5,3,5.0,Good,Medium,High School,High,No,57.0,66.0
Female,20.0,71.0,20.0,7.0,2.5,4,5.0,Good,Medium,High School,Medium,No,65.0,64.0
Male,20.0,80.0,20.0,8.0,2.5,3,5.0,Good,Low,High School,Low,No,99.0,67.0
Male,20.0,78.0,18.0,6.0,2.5,5,5.0,Good,Low,High School,Low,No,61.0,67.0
Male,20.0,74.0,21.0,5.0,2.5,1,5.0,Good,Medium,College,Medium,No,88.0,66.0
Female,20.0,88.0,25.0,8.0,2.5,2,5.0,Good,Low,High School,Low,No,62.0,68.0
Male,20.0,90.0,15.0,5.0,2.5,2,5.0,Good,Medium,High School,Medium,No,70.0,65.0
Male,20.0,94.0,16.0,8.0,2.5,3,5.0,Good,High,High School,Low,No,94.0,71.0
Male,20.0,99.0,18.0,10.0,2.5,4,5.0,Good,Medium,Postgraduate,Medium,No,51.0,71.0
Male,20.0,71.0,12.0,8.0,2.5,2,5.0,Good,Medium,High School,Medium,No,65.0,62.0
Male,20.0,89.0,15.0,8.0,2.5,2,5.0,Good,Low,College,Medium,No,74.0,69.0
Male,20.0,76.0,17.0,7.0,2.5,2,5.0,Good,Low,High School,High,No,81.0,65.0
Male,20.0,87.0,25.0,6.0,2.5,3,5.0,Good,Low,Postgraduate,Medium,No,51.0,70.0
Male,20.0,79.0,22.0,7.0,2.5,2,5.0,Good,Medium,College,Low,No,71.0,66.0
Male,20.0,100.0,21.0,6.0,2.5,3,5.0,Good,Medium,High School,High,No,67.0,70.0
Female,20.0,89.0,25.0,5.0,2.5,2,5.0,Good,Low,Postgraduate,Medium,No,51.0,70.0
Female,20.0,98.0,19.0,7.0,2.5,4,5.0,Good,Medium,High School,Low,No,68.0,69.0
Male,20.0,93.0,22.0,9.0,2.5,3,5.0,Good,Medium,High School,Medium,No,97.0,71.0
Male,20.0,96.0,19.0,5.0,2.5,3,5.0,Good,Medium,High School,Medium,No,64.0,69.0
Female,20.0,93.0,22.0,9.0,2.5,2,5.0,Good,Medium,Postgraduate,Medium,No,79.0,73.0
Female,20.0,78.0,17.0,9.0,2.5,4,5.0,Good,Low,High School,Medium,No,65.0,65.0
Male,20.0,70.0,5.0,8.0,2.5,3,5.0,Good,Medium,High School,Low,No,55.0,62.0
Female,20.0,75.0,19.0,8.0,2.5,5,5.0,Good,Medium,Postgraduate,High,No,64.0,67.0
Male,20.0,61.0,29.0,7.0,2.5,3,5.0,Good,High,Postgraduate,Medium,No,74.0,65.0
Male,20.0,81.0,26.0,7.0,2.5,3,5.0,Good,Low,High School,Medium,No,65.0,65.0
Female,20.0,80.0,26.0,6.0,2.5,2,5.0,Good,Medium,College,Medium,No,81.0,70.0
Female,20.0,81.0,27.0,7.0,2.5,2,5.0,Good,Low,College,Medium,No,97.0,70.0
Female,20.0,99.0,21.0,7.0,2.5,4,5.0,Good,Medium,Postgraduate,Medium,No,53.0,71.0
Male,20.0,96.0,21.0,10.0,2.5,3,5.0,Good,Low,College,Low,No,86.0,71.0
Male,20.0,66.0,16.0,8.0,2.5,4,5.0,Good,Low,High School,Medium,No,50.0,62.0
Female,20.0,75.0,18.0,7.0,2.5,2,5.0,Good,Medium,Postgraduate,Low,No,50.0,65.0
Male,20.0,77.0,24.0,7.0,2.5,2,5.0,Good,Medium,College,Medium,No,57.0,84.0
Male,20.0,74.0,27.0,6.0,2.5,2,5.0,Good,Medium,College,Medium,No,74.0,68.0
Male,20.0,92.0,19.0,6.0,2.5,1,5.0,Good,Medium,High School,High,No,52.0,70.0
Male,20.0,81.0,17.0,8.0,2.5,3,5.0,Good,Medium,Postgraduate,Medium,No,86.0,68.0
Male,20.0,83.0,20.0,6.0,2.5,4,5.0,Good,Medium,Postgraduate,Low,No,51.0,67.0
Female,20.0,94.0,24.0,6.0,2.5,4,5.0,Good,Low,High School,Low,No,75.0,69.0
Female,20.0,92.0,11.0,6.0,2.5,1,5.0,Good,Medium,High School,Low,No,84.0,68.0
Male,20.0,65.0,6.0,6.0,2.5,1,5.0,Good,Medium,High School,Low,No,62.0,59.0
Female,20.0,89.0,17.0,9.0,2.5,2,5.0,Good,Medium,College,Medium,No,79.0,67.0
Male,20.0,77.0,13.0,7.0,2.5,1,5.0,Good,Low,High School,High,No,63.0,63.0
Female,20.0,72.0,17.0,7.0,2.5,4,5.0,Good,Low,High School,Medium,No,61.0,65.0
Male,20.0,62.0,19.0,7.0,2.5,3,5.0,Good,Low,College,Low,No,91.0,63.0
Female,20.0,79.0,17.0,7.0,2.5,3,5.0,Good,Low,High School,Low,No,67.0,64.0
Female,20.0,74.0,29.0,6.0,2.5,4,5.0,Good,High,College,Low,No,91.0,72.0
Male,20.0,70.0,22.0,5.0,2.5,3,5.0,Good,High,College,Low,No,61.0,63.0
Male,20.0,88.0,22.0,9.0,2.5,2,5.0,Good,Medium,High School,Medium,No,68.0,66.0
Female,20.0,91.0,24.0,8.0,2.5,2,5.0,Good,Low,College,Medium,No,55.0,67.0
Male,20.0,70.0,13.0,8.0,2.5,2,5.0,Good,High,Postgraduate,High,No,75.0,66.0
Female,20.0,62.0,26.0,8.0,2.5,3,5.0,Good,Medium,College,Medium,No,69.0,66.0
Female,20.0,94.0,20.0,10.0,2.5,4,5.0,Good,Low,Postgraduate,Low,No,50.0,68.0
Male,20.0,60.0,24.0,6.0,2.5,5,5.0,Good,Medium,Postgraduate,Low,No,73.0,66.0
Female,20.0,97.0,14.0,5.0,2.5,2,5.0,Good,Medium,College,Medium,No,54.0,68.0
Female,20.0,85.0,11.0,8.0,2.5,4,5.0,Good,Low,High School,Medium,No,92.0,65.0
Female,20.0,73.0,25.0,5.0,2.5,2,5.0,Good,Low,College,Medium,No,75.0,67.0
Male,20.0,70.0,22.0,7.0,2.5,3,5.0,Good,Medium,High School,High,No,85.0,64.0
Male,20.0,60.0,15.0,7.0,2.5,2,5.0,Good,Low,College,Low,No,91.0,59.0
Male,20.0,69.0,15.0,8.0,2.5,3,5.0,Good,Low,High School,High,No,53.0,60.0
Female,20.0,66.0,27.0,6.0,2.5,4,5.0,Good,Low,College,High,No,67.0,65.0
Female,20.0,84.0,13.0,9.0,2.5,4,5.0,Good,High,High School,Low,No,51.0,64.0
Female,20.0,67.0,30.0,6.0,2.5,1,5.0,Good,Medium,High School,Low,No,52.0,66.0
Male,20.0,81.0,15.0,8.0,2.5,2,5.0,Good,Medium,Postgraduate,Medium,No,52.0,65.0
Male,20.0,84.0,24.0,6.0,2.5,2,5.0,Good,Medium,High School,Medium,No,74.0,69.0
Female,20.0,72.0,18.0,8.0,2.5,4,5.0,Good,Medium,High School,Medium,No,73.0,66.0
Female,20.0,61.0,24.0,5.0,2.5,5,5.0,Good,Medium,College,Low,No,53.0,65.0
Female,20.0,61.0,17.0,7.0,2.5,4,5.0,Good,Low,College,Medium,No,63.0,62.0
Female,20.0,61.0,19.0,9.0,2.5,2,5.0,Good,Medium,High School,Medium,No,62.0,60.0
Female,20.0,90.0,20.0,7.0,2.5,4,5.0,Good,Low,College,Low,No,65.0,68.0
Female,20.0,73.0,14.0,9.0,2.5,3,5.0,Good,Medium,High School,Medium,No,82.0,64.0
Female,20.0,92.0,24.0,7.0,2.5,3,5.0,Good,High,College,Medium,No,85.0,73.0
Male,20.0,77.0,17.0,6.0,2.5,1,5.0,Good,Low,College,Low,No,67.0,64.0
Female,20.0,78.0,19.0,7.0,2.5,4,5.0,Good,Medium,High School,Medium,No,89.0,69.0
Female,20.0,81.0,14.0,8.0,2.5,3,5.0,Good,Low,Postgraduate,Low,No,71.0,63.0
Male,20.0,89.0,5.0,4.0,2.5,3,5.0,Good,High,College,Medium,No,76.0,65.0
Male,20.0,71.0,19.0,8.0,2.5,4,5.0,Good,Medium,High School,Medium,No,57.0,65.0
Male,20.0,65.0,34.0,6.0,2.5,3,5.0,Good,High,High School,Medium,No,62.0,67.0
Male,20.0,82.0,25.0,5.0,2.5,4,5.0,Good,Medium,High School,Low,No,86.0,67.0
Male,20.0,73.0,20.0,8.0,2.5,3,5.0,Good,Low,High School,Medium,No,99.0,66.0
Male,20.0,78.0,18.0,9.0,2.5,2,5.0,Good,High,Postgraduate,Low,No,85.0,68.0
Male,20.0,86.0,20.0,7.0,2.5,2,5.0,Good,Medium,High School,Low,No,53.0,65.0
Male,20.0,80.0,23.0,5.0,2.5,4,5.0,Good,Medium,Postgraduate,Low,No,57.0,66.0
Female,20.0,85.0,13.0,6.0,2.5,1,5.0,Good,Medium,College,Low,No,72.0,66.0
Male,20.0,82.0,27.0,6.0,2.5,2,5.0,Good,Low,High School,Low,No,87.0,69.0
Male,20.0,90.0,24.0,7.0,2.5,2,5.0,Good,Medium,Postgraduate,Low,No,58.0,70.0
Male,20.0,88.0,24.0,7.0,2.5,2,5.0,Good,Medium,Postgraduate,Medium,No,88.0,71.0
Male,20.0,81.0,23.0,8.0,2.5,3,5.0,Good,High,High School,Low,No,78.0,70.0
Male,20.0,87.0,20.0,8.0,2.5,3,5.0,Good,Low,High School,Medium,No,89.0,68.0
Female,20.0,95.0,24.0,8.0,2.5,2,5.0,Good,Medium,Postgraduate,Low,No,78.0,73.0
Female,20.0,77.0,24.0,8.0,2.5,2,5.0,Good,High,High School,Low,No,80.0,68.0
Male,20.0,77.0,18.0,7.0,2.5,4,5.0,Good,Low,College,High,No,62.0,66.0
Female,20.0,91.0,17.0,10.0,2.5,3,5.0,Good,Low,Postgraduate,Medium,No,86.0,67.0
Male,20.0,83.0,21.0,8.0,2.5,4,5.0,Good,Low,High School,Medium,No,92.0,66.0
Female,20.0,63.0,29.0,8.0,2.5,2,5.0,Good,Medium,Postgraduate,Medium,No,94.0,69.0
Female,20.0,96.0,13.0,10.0,2.5,3,5.0,Good,Medium,Postgraduate,Low,No,51.0,67.0
Male,20.0,61.0,11.0,7.0,2.5,4,5.0,Good,High,High School,Medium,No,81.0,61.0
Female,20.0,90.0,21.0,6.0,2.5,3,5.0,Good,Medium,College,Low,No,99.0,70.0
Female,20.0,90.0,20.0,9.0,2.5,2,5.0,Good,Medium,High School,Low,No,79.0,70.0
Female,20.0,98.0,21.0,9.0,2.5,3,5.0,Good,High,College,Medium,No,59.0,70.0
Female,20.0,62.0,21.0,7.0,2.5,3,5.0,Good,Low,College,Low,No,94.0,64.0
Female,20.0,84.0,19.0,10.0,2.5,3,5.0,Good,Medium,College,Low,No,63.0,65.0
Female,20.0,77.0,29.0,7.0,2.5,4,5.0,Good,Medium,College,Low,No,52.0,70.0
Female,20.0,73.0,10.0,8.0,2.5,2,5.0,Good,Low,College,Low,No,72.0,62.0
Female,20.0,64.0,15.0,9.0,2.5,3,5.0,Good,High,College,Medium,No,55.0,64.0
Female,20.0,83.0,19.0,7.0,2.5,3,5.0,Good,Medium,College,Medium,No,56.0,67.0
Female,20.0,79.0,10.0,8.0,2.5,4,5.0,Good,High,High School,Low,No,73.0,63.0
Male,20.0,64.0,19.0,9.0,2.5,3,5.0,Good,High,High School,Medium,No,81.0,62.0
Male,20.0,84.0,30.0,6.0,2.5,2,5.0,Good,Medium,College,High,No,95.0,72.0
Male,20.0,90.0,20.0,6.0,2.5,2,5.0,Good,High,College,Low,No,85.0,69.0
Male,20.0,91.0,21.0,9.0,2.5,2,5.0,Good,Medium,High School,Low,No,92.0,72.0
Male,20.0,96.0,12.0,7.0,2.5,2,5.0,Good,High,College,Medium,No,71.0,68.0
Female,20.0,76.0,16.0,6.0,2.5,3,5.0,Good,Low,Postgraduate,Medium,No,66.0,64.0
Female,20.0,98.0,18.0,7.0,2.5,1,5.0,Good,Low,College,Low,No,80.0,72.0
Female,20.0,95.0,18.0,8.0,2.5,3,5.0,Good,Low,College,Low,No,85.0,73.0
Male,20.0,72.0,28.0,5.0,2.5,2,5.0,Good,Low,College,Medium,No,78.0,67.0
Female,20.0,66.0,23.0,8.0,2.5,4,5.0,Good,Medium,College,Low,No,63.0,64.0
Female,20.0,77.0,13.0,8.0,2.5,3,5.0,Good,Low,High School,High,No,68.0,65.0
Female,20.0,76.0,21.0,9.0,2.5,3,5.0,Good,Low,High School,Low,No,72.0,67.0
Male,20.0,83.0,23.0,7.0,2.5,2,5.0,Good,Low,College,Medium,No,51.0,68.0
Male,20.0,83.0,27.0,9.0,2.5,2,5.0,Good,Medium,High School,Low,No,94.0,72.0
Female,20.0,90.0,29.0,7.0,2.5,3,5.0,Good,Low,High School,Medium,No,76.0,71.0
Male,20.0,80.0,14.0,7.0,2.5,3,5.0,Good,Medium,High School,Medium,No,88.0,66.0
Female,20.0,64.0,15.0,7.0,2.5,3,5.0,Good,Low,High School,Low,No,59.0,59.0
Female,20.0,94.0,12.0,10.0,2.5,2,5.0,Good,Medium,High School,Medium,No,78.0,68.0
Female,20.0,72.0,19.0,5.0,2.5,2,5.0,Good,Low,High School,Low,No,96.0,64.0
Female,20.0,99.0,23.0,8.0,2.5,3,5.0,Good,Low,High School,High,No,61.0,70.0
Female,20.0,65.0,26.0,7.0,2.5,3,5.0,Good,Medium,High School,High,No,67.0,65.0
Female,20.0,98.0,20.0,7.0,2.5,2,5.0,Good,High,College,High,No,69.0,72.0
Male,20.0,64.0,18.0,8.0,2.5,3,5.0,Good,Medium,College,High,No,69.0,66.0
Male,20.0,69.0,21.0,9.0,2.5,5,5.0,Good,High,College,Medium,No,80.0,68.0
Male,20.0,62.0,15.0,8.0,2.5,3,5.0,Good,Medium,College,Low,No,70.0,62.0
Male,20.0,88.0,33.0,9.0,2.5,3,5.0,Good,Medium,High School,Low,No,84.0,70.0
Male,20.0,94.0,10.0,7.0,2.5,3,5.0,Good,High,College,High,No,74.0,70.0
Male,20.0,77.0,21.0,7.0,2.5,3,5.0,Good,Medium,College,Low,No,58.0,64.0
Female,20.0,97.0,32.0,5.0,2.5,5,5.0,Good,Low,College,Low,No,97.0,76.0
Male,20.0,84.0,20.0,10.0,2.5,2,5.0,Good,High,College,Medium,No,62.0,67.0
Male,20.0,85.0,19.0,7.0,2.5,3,5.0,Good,Low,College,Low,No,78.0,69.0
Female,20.0,94.0,18.0,7.0,2.5,3,5.0,Good,Medium,High School,Medium,No,53.0,68.0
Female,20.0,72.0,19.0,8.0,2.5,2,5.0,Good,Low,Postgraduate,Medium,No,96.0,67.0
Female,20.0,74.0,28.0,9.0,2.5,3,5.0,Good,Low,High School,High,No,96.0,69.0
Female,20.0,96.0,7.0,6.0,2.5,1,5.0,Good,Medium,High School,Low,No,68.0,67.0
Male,20.0,96.0,29.0,9.0,2.5,4,5.0,Good,Low,High School,Low,No,56.0,73.0
Male,20.0,99.0,11.0,7.0,2.5,3,5.0,Good,High,College,Medium,No,88.0,71.0
Male,20.0,96.0,18.0,9.0,2.5,3,5.0,Good,Medium,Postgraduate,Low,No,63.0,70.0
Male,20.0,65.0,17.0,6.0,2.5,3,5.0,Good,Medium,High School,Low,No,85.0,65.0
Male,20.0,93.0,24.0,8.0,2.5,1,5.0,Good,Medium,Postgraduate,Medium,No,96.0,73.0
Female,20.0,76.0,10.0,7.0,2.5,4,5.0,Good,Medium,Postgraduate,Low,No,80.0,65.0
Male,20.0,100.0,23.0,5.0,2.5,3,5.0,Good,Medium,Postgraduate,Low,No,93.0,73.0
Male,20.0,79.0,32.0,5.0,2.5,3,5.0,Good,Medium,College,Low,No,61.0,70.0
Male,20.0,82.0,12.0,6.0,2.5,4,5.0,Good,High,College,Low,No,96.0,66.0
Female,20.0,81.0,21.0,8.0,2.5,5,5.0,Good,High,High School,Medium,No,61.0,66.0
Male,20.0,73.0,16.0,4.0,2.5,5,5.0,Good,Low,High School,Low,No,61.0,64.0
Male,20.0,63.0,23.0,8.0,2.5,5,5.0,Good,High,Postgraduate,Medium,No,94.0,68.0
Male,20.0,96.0,20.0,7.0,2.5,2,5.0,Good,Medium,High School,High,No,78.0,70.0
Male,20.0,92.0,16.0,4.0,2.5,3,5.0,Good,High,High School,High,No,90.0,72.0
Male,20.0,66.0,23.0,6.0,2.5,3,5.0,Good,Medium,High School,Low,No,90.0,66.0
Male,20.0,91.0,31.0,6.0,2.5,3,5.0,Good,Medium,High School,Medium,No,82.0,74.0
Male,20.0,85.0,19.0,7.0,2.5,4,5.0,Good,Low,College,Medium,No,59.0,67.0
Female,20.0,76.0,24.0,9.0,2.5,2,5.0,Good,Medium,Postgraduate,Low,No,85.0,71.0
Male,20.0,70.0,12.0,9.0,2.5,2,5.0,Good,Medium,High School,Low,No,53.0,60.0
Female,20.0,94.0,14.0,6.0,2.5,3,5.0,Good,Medium,College,High,No,60.0,68.0
Male,20.0,88.0,23.0,6.0,2.5,3,5.0,Good,Medium,College,Medium,No,82.0,69.0
Male,20.0,82.0,29.0,5.0,2.5,3,5.0,Good,Medium,College,Medium,No,95.0,74.0
Male,20.0,84.0,22.0,6.0,2.5,3,5.0,Good,Medium,High School,Medium,No,89.0,71.0
Male,20.0,64.0,18.0,6.0,2.5,4,5.0,Good,High,College,Low,No,67.0,63.0
Male,20.0,79.0,20.0,7.0,2.5,4,5.0,Good,High,College,Low,No,91.0,66.0
Male,20.0,68.0,12.0,7.0,2.5,4,5.0,Good,Medium,High School,Medium,No,98.0,65.0
Female,20.0,68.0,24.0,6.0,2.5,3,5.0,Good,High,High School,Low,No,67.0,60.0
Female,20.0,86.0,25.0,6.0,2.5,3,5.0,Good,Medium,High School,Low,No,59.0,69.0
Female,20.0,96.0,17.0,6.0,2.5,3,5.0,Good,Medium,College,Low,No,60.0,69.0
Male,20.0,76.0,17.0,6.0,2.5,4,5.0,Good,Low,Postgraduate,High,No,70.0,67.0
Female,20.0,68.0,22.0,9.0,2.5,2,5.0,Good,High,High School,Medium,No,53.0,65.0
Male,20.0,86.0,17.0,8.0,2.5,4,5.0,Good,Medium,College,Low,No,74.0,70.0
Female,20.0,95.0,20.0,8.0,2.5,3,5.0,Good,Low,Postgraduate,Low,No,87.0,71.0
Male,20.0,90.0,33.0,9.0,2.5,6,5.0,Good,Medium,Postgraduate,Medium,No,77.0,73.0
Male,20.0,95.0,19.0,8.0,2.5,2,5.0,Good,Medium,Postgraduate,Low,No,99.0,70.0
Female,20.0,81.0,18.0,9.0,2.5,2,5.0,Good,High,High School,Medium,No,73.0,67.0
Female,20.0,90.0,16.0,8.0,2.5,5,5.0,Good,Medium,High School,High,No,51.0,67.0
Male,20.0,66.0,24.0,7.0,2.5,2,5.0,Good,Medium,College,High,No,74.0,65.0
Male,20.0,74.0,19.0,6.0,2.5,3,5.0,Good,Medium,College,High,No,96.0,69.0
Male,20.0,76.0,16.0,6.0,2.5,1,5.0,Good,Medium,Postgraduate,Low,No,55.0,65.0
Female,20.0,80.0,28.0,8.0,2.5,3,5.0,Good,Low,College,Low,No,61.0,68.0
Female,20.0,97.0,29.0,7.0,2.5,3,5.0,Good,Medium,College,Medium,No,86.0,74.0
Female,20.0,95.0,16.0,5.0,2.5,3,5.0,Good,High,College,Medium,No,65.0,68.0
Male,20.0,65.0,9.0,4.0,2.5,3,5.0,Good,Low,College,Low,No,88.0,61.0
Male,20.0,67.0,26.0,10.0,2.5,3,5.0,Good,High,Postgraduate,Low,No,71.0,67.0
Female,20.0,74.0,16.0,6.0,2.5,4,5.0,Good,Medium,High School,Low,No,90.0,66.0
Male,20.0,72.0,25.0,6.0,2.5,4,5.0,Good,Low,High School,Medium,No,78.0,69.0
Male,20.0,85.0,8.0,9.0,2.5,3,5.0,Good,Low,High School,Low,No,54.0,62.0
Male,20.0,96.0,25.0,5.0,2.5,4,5.0,Good,Low,High School,Low,No,69.0,71.0
Female,20.0,98.0,13.0,8.0,2.5,4,5.0,Good,Medium,Postgraduate,Medium,No,67.0,71.0
Female,20.0,86.0,24.0,10.0,2.5,4,5.0,Good,Low,College,Low,No,91.0,72.0
Female,20.0,94.0,20.0,10.0,2.5,5,5.0,Good,Low,High School,Medium,No,81.0,69.0
Female,20.0,81.0,14.0,6.0,2.5,3,5.0,Good,Medium,College,Low,No,89.0,67.0
Female,20.0,68.0,18.0,7.0,2.5,4,5.0,Good,Medium,High School,Low,No,69.0,63.0
Male,20.0,81.0,24.0,6.0,2.5,4,5.0,Good,Medium,College,Medium,No,85.0,68.0
Male,20.0,82.0,21.0,7.0,2.5,2,5.0,Good,Low,Postgraduate,High,No,53.0,69.0
Female,20.0,90.0,24.0,9.0,2.5,3,5.0,Good,Low,College,Low,No,52.0,65.0
Female,20.0,69.0,32.0,5.0,2.5,3,5.0,Good,Medium,Postgraduate,Medium,No,64.0,70.0
Male,20.0,75.0,11.0,8.0,2.5,4,5.0,Good,Medium,College,High,No,89.0,65.0
Male,20.0,75.0,30.0,7.0,2.5,2,5.0,Good,Medium,High School,Low,No,77.0,67.0
Male,20.0,98.0,21.0,9.0,2.5,1,5.0,Good,Medium,College,Low,No,70.0,72.0
Male,20.0,78.0,15.0,9.0,2.5,3,5.0,Good,High,High School,High,No,95.0,69.0
Male,20.0,90.0,12.0,6.0,2.5,3,5.0,Good,Low,Postgraduate,Medium,No,75.0,69.0
Female,20.0,90.0,19.0,7.0,2.5,4,5.0,Good,Medium,College,High,No,81.0,71.0
Male,20.0,71.0,26.0,8.0,2.5,3,5.0,Good,Medium,High School,Medium,No,99.0,67.0
Female,20.0,83.0,19.0,8.0,2.5,3,5.0,Good,Low,Postgraduate,Low,No,76.0,65.0
Female,20.0,96.0,29.0,4.0,2.5,2,5.0,Good,Medium,High School,Low,No,89.0,70.0
Female,20.0,79.0,11.0,8.0,2.5,2,5.0,Good,Low,College,Medium,No,71.0,63.0
Male,20.0,98.0,20.0,9.0,2.5,3,5.0,Good,Medium,College,Medium,No,52.0,71.0
Female,20.0,69.0,12.0,7.0,2.5,3,5.0,Good,Low,College,Medium,No,92.0,64.0
Male,20.0,63.0,22.0,8.0,2.5,3,5.0,Good,High,High School,Medium,No,97.0,69.0
Male,20.0,96.0,25.0,9.0,2.5,3,5.0,Good,Low,High School,Low,No,72.0,69.0
Male,20.0,94.0,17.0,7.0,2.5,3,5.0,Good,Medium,Postgraduate,Low,No,75.0,70.0
Female,20.0,100.0,4.0,8.0,2.5,4,5.0,Good,Low,High School,Low,No,71.0,64.0
Male,20.0,87.0,21.0,7.0,2.5,3,5.0,Good,Low,High School,Low,No,100.0,70.0
Female,20.0,97.0,23.0,7.0,2.5,4,5.0,Good,Medium,Postgraduate,Medium,No,95.0,74.0
Female,20.0,93.0,22.0,6.0,2.5,3,5.0,Good,Medium,College,Low,No,52.0,69.0
Female,20.0,94.0,27.0,7.0,2.5,2,5.0,Good,Medium,College,Low,No,89.0,73.0
Female,20.0,83.0,14.0,10.0,2.5,3,5.0,Good,Medium,College,Medium,No,80.0,66.0
Male,20.0,75.0,24.0,6.0,2.5,3,5.0,Good,High,High School,Medium,No,51.0,67.0
Female,20.0,97.0,27.0,8.0,2.5,2,5.0,Good,Medium,College,Low,No,72.0,76.0
Male,20.0,77.0,9.0,7.0,2.5,3,5.0,Good,Low,High School,Medium,No,57.0,61.0
Female,20.0,82.0,22.0,9.0,2.5,4,5.0,Good,High,High School,Medium,No,94.0,68.0
Male,20.0,78.0,17.0,9.0,2.5,3,5.0,Good,High,High School,Low,No,51.0,63.0
Male,20.0,83.0,20.0,6.0,2.5,2,5.0,Good,Medium,High School,Low,No,94.0,67.0
Male,20.0,79.0,22.0,6.0,2.5,3,5.0,Good,Low,High School,High,No,97.0,66.0
Male,20.0,62.0,17.0,6.0,2.5,3,5.0,Good,Low,College,Medium,No,54.0,62.0
Male,20.0,95.0,16.0,6.0,2.5,3,5.0,Good,Medium,High School,Low,No,86.0,69.0
Male,20.0,78.0,20.0,6.0,2.5,3,5.0,Good,Medium,High School,Medium,No,77.0,67.0
Female,20.0,84.0,13.0,8.0,2.5,2,5.0,Good,Low,College,Medium,No,98.0,66.0
Male,20.0,66.0,13.0,6.0,2.5,3,5.0,Good,Medium,High School,Low,No,90.0,63.0
Male,20.0,60.0,24.0,6.0,2.5,2,5.0,Good,Low,Postgraduate,High,No,85.0,64.0
Male,20.0,70.0,13.0,6.0,2.5,5,5.0,Good,High,Postgraduate,Medium,No,96.0,64.0
Male,20.0,88.0,24.0,8.0,2.5,3,5.0,Good,Medium,High School,Low,No,58.0,67.0
Male,20.0,64.0,23.0,7.0,2.5,3,5.0,Good,High,High School,High,No,69.0,66.0
Female,20.0,96.0,10.0,7.0,2.5,1,5.0,Good,Medium,High School,Low,No,92.0,68.0
Male,20.0,69.0,16.0,6.0,2.5,1,5.0,Good,Medium,High School,Medium,No,55.0,62.0
Male,20.0,68.0,27.0,5.0,2.5,4,5.0,Good,Low,College,Medium,No,97.0,68.0
Male,20.0,67.0,14.0,9.0,2.5,3,5.0,Good,Medium,High School,Medium,No,87.0,63.0
Male,20.0,61.0,17.0,7.0,2.5,2,5.0,Good,Low,High School,Medium,No,72.0,62.0
Male,20.0,91.0,23.0,10.0,2.5,2,5.0,Good,High,College,Low,No,67.0,72.0
Female,20.0,95.0,25.0,8.0,2.5,3,5.0,Good,Low,High School,Low,No,57.0,69.0
Male,20.0,85.0,18.0,10.0,2.5,3,5.0,Good,High,High School,Medium,No,55.0,67.0
Male,20.0,68.0,16.0,8.0,2.5,3,5.0,Good,Medium,High School,High,No,71.0,65.0
Female,20.0,71.0,29.0,7.0,2.5,3,5.0,Good,Low,High School,Low,No,92.0,69.0
Male,20.0,79.0,30.0,6.0,2.5,2,5.0,Good,Medium,High School,Low,No,77.0,72.0
Female,20.0,98.0,26.0,6.0,2.5,3,5.0,Good,Medium,High School,Low,No,73.0,70.0
Male,20.0,70.0,21.0,9.0,2.5,4,5.0,Good,Medium,College,Medium,No,66.0,91.0
Male,20.0,89.0,15.0,7.0,2.5,3,5.0,Good,Low,High School,Low,No,58.0,65.0
Female,20.0,78.0,15.0,8.0,2.5,3,5.0,Good,Low,High School,Low,No,100.0,62.0
Male,20.0,72.0,23.0,8.0,2.5,3,5.0,Good,Medium,College,Low,No,51.0,65.0
Female,20.0,78.0,23.0,8.0,2.5,1,5.0,Good,Medium,College,Medium,No,66.0,67.0
Male,20.0,63.0,28.0,6.0,2.5,4,5.0,Good,High,High School,Medium,No,88.0,67.0
Female,20.0,92.0,24.0,9.0,2.5,2,5.0,Good,Medium,High School,High,No,76.0,72.0
Female,20.0,70.0,11.0,7.0,2.5,3,5.0,Good,Low,High School,Medium,No,66.0,60.0
Female,20.0,89.0,26.0,7.0,2.5,3,5.0,Good,Low,High School,Medium,No,100.0,69.0
Female,20.0,63.0,14.0,8.0,2.5,5,5.0,Good,Low,High School,Medium,No,81.0,61.0
Female,20.0,98.0,18.0,7.0,2.5,4,5.0,Good,Medium,Postgraduate,High,No,65.0,70.0
Male,20.0,68.0,22.0,4.0,2.5,3,5.0,Good,High,High School,High,No,92.0,68.0
Male,20.0,95.0,32.0,9.0,2.5,4,5.0,Good,Medium,High School,Medium,No,58.0,75.0
Male,20.0,92.0,39.0,9.0,2.5,4,5.0,Good,Medium,Postgraduate,Medium,No,73.0,75.0
Male,20.0,99.0,24.0,4.0,2.5,3,5.0,Good,Low,High School,High,No,92.0,72.0
Female,20.0,79.0,19.0,5.0,2.5,4,5.0,Good,High,College,Low,No,99.0,66.0
Male,20.0,89.0,23.0,10.0,2.5,4,5.0,Good,Low,High School,Medium,No,69.0,71.0
Male,20.0,75.0,25.0,7.0,2.5,5,5.0,Good,High,College,Low,No,57.0,70.0
Female,20.0,67.0,18.0,7.0,2.5,3,5.0,Good,Low,High School,Medium,No,78.0,63.0
Male,20.0,78.0,31.0,6.0,2.5,3,5.0,Good,Low,High School,Medium,No,97.0,72.0
Male,20.0,67.0,21.0,5.0,2.5,5,5.0,Good,Medium,High School,Low,No,83.0,65.0
Male,20.0,99.0,23.0,7.0,2.5,2,5.0,Good,Low,High School,Low,No,80.0,71.0
Female,20.0,64.0,24.0,8.0,2.5,3,5.0,Good,Medium,College,Medium,No,65.0,65.0
Female,20.0,84.0,23.0,7.0,2.5,3,5.0,Good,Medium,College,Medium,No,80.0,69.0
Male,20.0,85.0,25.0,8.0,2.5,3,5.0,Good,Medium,High School,Medium,No,94.0,71.0
Male,20.0,82.0,16.0,10.0,2.5,4,5.0,Good,Medium,College,Low,No,69.0,68.0
Female,20.0,86.0,17.0,6.0,2.5,4,5.0,Good,Low,High School,Medium,No,62.0,66.0
Male,20.0,65.0,13.0,7.0,2.5,2,5.0,Good,Low,High School,High,No,74.0,60.0
Female,20.0,82.0,23.0,9.0,2.5,3,5.0,Good,Medium,High School,High,No,69.0,68.0
Female,20.0,71.0,25.0,6.0,2.5,4,5.0,Good,Medium,High School,Low,No,73.0,67.0
Male,20.0,98.0,23.0,7.0,2.5,4,5.0,Good,Medium,High School,High,No,55.0,71.0
Male,20.0,90.0,30.0,10.0,2.5,6,5.0,Good,High,High School,Medium,No,67.0,74.0
Male,20.0,99.0,20.0,6.0,2.5,4,5.0,Good,Medium,High School,Medium,No,91.0,70.0
Female,20.0,62.0,24.0,9.0,2.5,2,5.0,Good,Low,College,Low,No,70.0,63.0
Male,20.0,71.0,13.0,7.0,2.5,3,5.0,Good,Medium,College,Medium,No,98.0,64.0
Male,20.0,68.0,18.0,10.0,2.5,3,5.0,Good,High,High School,Low,No,85.0,66.0
Female,20.0,60.0,24.0,5.0,2.5,3,5.0,Good,Medium,Postgraduate,Medium,No,68.0,64.0
Male,20.0,70.0,25.0,7.0,2.5,3,5.0,Good,Medium,College,Medium,No,63.0,69.0
Male,20.0,87.0,18.0,5.0,2.5,4,5.0,Good,Medium,Postgraduate,Medium,No,84.0,71.0
Female,20.0,69.0,20.0,6.0,2.5,2,5.0,Good,Medium,High School,Low,No,65.0,64.0
Male,20.0,80.0,11.0,6.0,2.5,3,5.0,Good,Low,High School,Low,No,96.0,65.0
Female,20.0,96.0,18.0,7.0,2.5,1,5.0,Good,Low,College,Medium,No,56.0,69.0
Female,20.0,88.0,25.0,5.0,2.5,1,5.0,Good,Medium,High School,Medium,No,51.0,68.0
Male,20.0,76.0,23.0,7.0,2.5,4,5.0,Good,Medium,High School,Medium,No,61.0,68.0
Female,20.0,75.0,23.0,8.0,2.5,4,5.0,Good,High,High School,Low,No,80.0,68.0
Male,20.0,78.0,20.0,5.0,2.5,3,5.0,Good,Low,High School,Medium,No,92.0,65.0
Female,20.0,67.0,20.0,6.0,2.5,4,5.0,Good,Low,College,Medium,No,59.0,65.0
Male,20.0,85.0,16.0,10.0,2.5,3,5.0,Good,Low,College,High,No,79.0,66.0
Male,20.0,75.0,24.0,7.0,2.5,1,5.0,Good,Medium,Postgraduate,Medium,No,57.0,66.0
Male,20.0,94.0,23.0,4.0,2.5,4,5.0,Good,Medium,High School,High,No,78.0,71.0
Male,20.0,90.0,23.0,5.0,2.5,1,5.0,Good,Medium,High School,Low,No,51.0,68.0
Female,20.0,84.0,17.0,7.0,2.5,5,5.0,Good,Low,College,High,No,78.0,65.0
Female,20.0,75.0,7.0,7.0,2.5,4,5.0,Good,Medium,College,Medium,No,76.0,63.0
Female,20.0,68.0,27.0,6.0,2.5,5,5.0,Good,Medium,Postgraduate,Medium,No,52.0,66.0
Male,20.0,91.0,17.0,10.0,2.5,4,5.0,Good,Medium,College,Low,No,84.0,71.0
Male,20.0,79.0,15.0,10.0,2.5,4,5.0,Good,Medium,College,Low,No,79.0,65.0
Female,20.0,69.0,24.0,7.0,2.5,4,5.0,Good,Low,High School,Medium,No,81.0,68.0
Male,20.0,68.0,18.0,8.0,2.5,3,5.0,Good,High,Postgraduate,High,No,76.0,66.0
Female,20.0,67.0,26.0,8.0,2.5,2,5.0,Good,Medium,High School,Low,No,86.0,64.0
Female,20.0,91.0,24.0,9.0,2.5,4,5.0,Good,High,College,Low,No,76.0,70.0
Male,20.0,69.0,24.0,6.0,2.5,4,5.0,Good,Medium,College,High,No,96.0,70.0
Female,20.0,81.0,12.0,10.0,2.5,5,5.0,Good,Low,High School,Low,No,97.0,66.0
Female,20.0,78.0,27.0,7.0,2.5,2,5.0,Good,Medium,High School,Medium,No,86.0,70.0
Female,20.0,83.0,22.0,8.0,2.5,0,5.0,Good,Medium,College,Medium,No,96.0,71.0
Male,20.0,95.0,18.0,7.0,2.5,4,5.0,Good,Medium,High School,Medium,No,96.0,70.0
Male,20.0,95.0,21.0,7.0,2.5,4,5.0,Good,Medium,Postgraduate,Low,No,63.0,70.0
Male,20.0,78.0,9.0,7.0,2.5,2,5.0,Good,Low,High School,Medium,No,100.0,66.0
Male,20.0,61.0,22.0,5.0,2.5,3,5.0,Good,Low,Postgraduate,Low,No,63.0,64.0
Male,20.0,77.0,14.0,4.0,2.5,3,5.0,Good,Low,College,Low,No,51.0,66.0
Female,20.0,84.0,12.0,7.0,2.5,3,5.0,Good,High,High School,Low,No,98.0,68.0
Female,20.0,82.0,11.0,6.0,2.5,2,5.0,Good,Low,High School,Medium,No,61.0,61.0
Male,20.0,86.0,27.0,8.0,2.5,4,5.0,Good,Medium,College,Low,No,79.0,72.0
Male,20.0,66.0,16.0,8.0,2.5,3,5.0,Good,Medium,High School,Low,No,99.0,66.0
Female,20.0,86.0,29.0,7.0,2.5,3,5.0,Good,Medium,College,Low,No,52.0,68.0
Male,20.0,67.0,17.0,9.0,2.5,4,5.0,Good,High,College,Low,No,63.0,61.0
Female,20.0,90.0,10.0,7.0,2.5,5,5.0,Good,Low,High School,Medium,No,80.0,67.0
Female,20.0,74.0,13.0,5.0,2.5,3,5.0,Good,Low,College,Low,No,88.0,66.0
Female,20.0,88.0,27.0,7.0,2.5,4,5.0,Good,Medium,Postgraduate,Medium,No,90.0,74.0
Female,20.0,62.0,19.0,9.0,2.5,4,5.0,Good,Medium,Postgraduate,High,No,94.0,66.0
Female,20.0,76.0,17.0,4.0,2.5,2,5.0,Good,Medium,Postgraduate,Medium,No,58.0,67.0
Male,20.0,88.0,21.0,7.0,2.5,3,5.0,Good,Medium,College,Medium,No,69.0,71.0
Male,20.0,69.0,23.0,8.0,2.5,4,5.0,Good,High,College,Medium,No,86.0,66.0
Male,20.0,92.0,27.0,10.0,2.5,3,5.0,Good,High,High School,Low,No,86.0,71.0
Male,20.0,85.0,29.0,9.0,2.5,4,5.0,Good,High,Postgraduate,Low,No,65.0,72.0
Female,20.0,84.0,18.0,7.0,2.5,3,5.0,Good,Medium,High School,Medium,No,65.0,66.0
Male,20.0,74.0,12.0,8.0,2.5,2,5.0,Good,Low,High School,Low,No,66.0,62.0
Female,20.0,79.0,18.0,4.0,2.5,2,5.0,Good,Low,High School,Low,No,95.0,66.0
Male,20.0,84.0,22.0,5.0,2.5,3,5.0,Good,Medium,High School,Low,No,95.0,69.0
Male,20.0,79.0,14.0,8.0,2.5,4,5.0,Good,Medium,High School,Medium,No,51.0,64.0
Female,20.0,88.0,14.0,7.0,2.5,3,5.0,Good,Medium,High School,Medium,No,66.0,69.0
Male,20.0,77.0,22.0,7.0,2.5,4,5.0,Good,Medium,Postgraduate,Medium,No,70.0,69.0
Female,20.0,68.0,20.0,7.0,2.5,2,5.0,Good,High,College,Low,No,99.0,64.0
Female,20.0,69.0,20.0,7.0,2.5,3,5.0,Good,Medium,College,Medium,No,97.0,68.0
Male,20.0,60.0,15.0,7.0,2.5,2,5.0,Good,Low,High School,Low,No,81.0,63.0
Male,20.0,72.0,19.0,5.0,2.5,2,5.0,Good,Low,High School,Low,No,52.0,64.0
Male,20.0,90.0,14.0,7.0,2.5,4,5.0,Good,Medium,Postgraduate,Medium,No,60.0,69.0
Female,20.0,92.0,25.0,5.0,2.5,4,5.0,Good,Medium,High School,Medium,No,72.0,71.0
Female,20.0,68.0,26.0,6.0,2.5,3,5.0,Good,Low,College,Medium,No,98.0,67.0
Male,20.0,98.0,9.0,9.0,2.5,2,5.0,Good,Low,High School,Low,No,55.0,67.0
Female,20.0,80.0,14.0,7.0,2.5,2,5.0,Good,High,College,Low,No,90.0,66.0
Male,20.0,97.0,11.0,8.0,2.5,3,5.0,Good,Medium,High School,Medium,No,60.0,67.0
Female,20.0,88.0,16.0,7.0,2.5,4,5.0,Good,Low,Postgraduate,Medium,No,75.0,68.0
Female,20.0,89.0,19.0,6.0,2.5,2,5.0,Good,Low,High School,Medium,No,88.0,69.0
Female,20.0,63.0,11.0,5.0,2.5,4,5.0,Good,High,High School,Low,No,85.0,62.0
Female,20.0,69.0,14.0,6.0,2.5,5,5.0,Good,High,High School,High,No,89.0,66.0
Male,20.0,60.0,14.0,7.0,2.5,3,5.0,Good,Medium,Postgraduate,Low,No,91.0,63.0
Female,20.0,89.0,21.0,8.0,2.5,3,5.0,Good,Medium,College,Low,No,65.0,67.0
Male,20.0,74.0,20.0,7.0,2.5,4,5.0,Good,High,High School,Medium,No,68.0,68.0
Female,20.0,91.0,16.0,8.0,2.5,2,5.0,Good,Low,High School,Medium,No,91.0,66.0
Male,20.0,74.0,21.0,5.0,2.5,1,5.0,Good,Medium,High School,Medium,No,52.0,66.0
Female,20.0,93.0,17.0,8.0,2.5,3,5.0,Good,Low,High School,Low,No,76.0,67.0
Female,20.0,65.0,18.0,5.0,2.5,2,5.0,Good,Medium,High School,High,No,96.0,66.0
Female,20.0,67.0,30.0,8.0,2.5,2,5.0,Good,Medium,College,Medium,No,94.0,69.0
Male,20.0,74.0,28.0,8.0,2.5,3,5.0,Good,High,Postgraduate,Medium,No,90.0,72.0
Female,20.0,76.0,12.0,4.0,2.5,1,5.0,Good,Medium,High School,Low,No,51.0,60.0
Female,20.0,74.0,25.0,8.0,2.5,4,5.0,Good,High,High School,Low,No,94.0,68.0
Female,20.0,91.0,25.0,8.0,2.5,3,5.0,Good,Medium,High School,Medium,No,96.0,72.0
Male,20.0,64.0,13.0,9.0,2.5,4,5.0,Good,Low,High School,High,No,83.0,64.0
Male,20.0,74.0,25.0,6.0,2.5,1,5.0,Good,High,High School,High,No,65.0,65.0
Male,20.0,93.0,29.0,7.0,2.5,3,5.0,Good,Medium,High School,Medium,No,74.0,76.0
Male,20.0,63.0,13.0,8.0,2.5,2,5.0,Good,Medium,High School,Low,No,88.0,59.0
Male,20.0,98.0,14.0,8.0,2.5,4,5.0,Good,Low,High School,Low,No,91.0,67.0
Male,20.0,99.0,26.0,8.0,2.5,4,5.0,Good,Medium,High School,Medium,No,67.0,73.0
Male,20.0,64.0,22.0,6.0,2.5,4,5.0,Good,Low,College,Medium,No,66.0,64.0
Male,20.0,72.0,23.0,8.0,2.5,3,5.0,Good,Low,High School,Medium,No,87.0,67.0
Male,20.0,75.0,22.0,8.0,2.5,3,5.0,Good,Low,College,High,No,84.0,69.0
Female,20.0,91.0,22.0,7.0,2.5,3,5.0,Good,Medium,College,Low,No,76.0,69.0
Male,20.0,84.0,12.0,6.0,2.5,3,5.0,Good,Medium,College,Medium,No,71.0,67.0
Male,20.0,86.0,26.0,6.0,2.5,4,5.0,Good,Medium,High School,Low,No,83.0,72.0
Male,20.0,90.0,27.0,9.0,2.5,2,5.0,Good,Low,College,Low,No,52.0,86.0
Female,20.0,65.0,19.0,8.0,2.5,3,5.0,Good,Medium,High School,Low,No,54.0,62.0
Female,20.0,93.0,20.0,7.0,2.5,3,5.0,Good,Medium,Postgraduate,Medium,No,79.0,69.0
Male,20.0,88.0,11.0,7.0,2.5,3,5.0,Good,Low,Postgraduate,Medium,No,61.0,68.0
Male,20.0,83.0,23.0,4.0,2.5,3,5.0,Good,Low,High School,Medium,No,89.0,99.0
Female,20.0,96.0,23.0,7.0,2.5,3,5.0,Good,Medium,College,Low,No,89.0,70.0
Male,20.0,88.0,20.0,5.0,2.5,3,5.0,Good,Medium,High School,Medium,No,85.0,68.0
Male,20.0,68.0,27.0,7.0,2.5,4,5.0,Good,Low,High School,Medium,No,95.0,67.0
Male,20.0,77.0,18.0,9.0,2.5,2,5.0,Good,Low,Postgraduate,Low,No,57.0,66.0
Male,20.0,80.0,23.0,6.0,2.5,2,5.0,Good,Low,High School,High,No,63.0,66.0
Female,20.0,62.0,14.0,7.0,2.5,2,5.0,Good,Medium,College,Low,No,63.0,62.0
Male,20.0,98.0,20.0,8.0,2.5,2,5.0,Good,High,College,High,No,89.0,72.0
Female,20.0,65.0,19.0,7.0,2.5,3,5.0,Good,Medium,Postgraduate,Medium,No,76.0,64.0
Female,20.0,88.0,21.0,6.0,2.5,3,5.0,Good,Low,High School,Medium,No,63.0,68.0
Female,20.0,80.0,18.0,7.0,2.5,3,5.0,Good,Medium,Postgraduate,Low,No,57.0,66.0
Male,20.0,61.0,19.0,8.0,2.5,3,5.0,Good,High,College,Medium,No,95.0,68.0
Male,20.0,97.0,25.0,7.0,2.5,1,5.0,Good,High,Postgraduate,High,No,85.0,75.0
Male,20.0,94.0,17.0,7.0,2.5,3,5.0,Good,High,College,Low,No,76.0,67.0
Male,20.0,81.0,10.0,9.0,2.5,2,5.0,Good,Medium,College,Low,No,98.0,65.0
Female,20.0,69.0,30.0,8.0,2.5,3,5.0,Good,Medium,High School,Medium,No,92.0,68.0
Male,20.0,65.0,28.0,5.0,2.5,5,5.0,Good,High,High School,Low,No,59.0,67.0
Female,20.0,75.0,12.0,8.0,2.5,2,5.0,Good,High,College,Low,No,75.0,63.0
Male,20.0,70.0,24.0,8.0,2.5,3,5.0,Good,Low,High School,Medium,No,74.0,67.0
Female,20.0,80.0,17.0,5.0,2.5,4,5.0,Good,Medium,Postgraduate,Low,No,92.0,67.0
Female,20.0,99.0,22.0,4.0,2.5,3,5.0,Good,High,College,Medium,No,57.0,73.0
Male,20.0,83.0,22.0,5.0,2.5,3,5.0,Good,High,High School,Low,No,73.0,67.0
Male,20.0,96.0,19.0,7.0,2.5,4,5.0,Good,Medium,Postgraduate,High,No,82.0,71.0
Male,20.0,86.0,15.0,9.0,2.5,4,5.0,Good,Medium,High School,Medium,No,97.0,67.0
Male,20.0,79.0,16.0,6.0,2.5,5,5.0,Good,Medium,College,High,No,95.0,68.0
Male,20.0,94.0,15.0,8.0,2.5,1,5.0,Good,Medium,College,High,No,77.0,68.0
Male,20.0,79.0,15.0,4.0,2.5,4,5.0,Good,Medium,High School,High,No,80.0,66.0
Male,20.0,95.0,20.0,7.0,2.5,2,5.0,Good,Low,High School,Low,No,93.0,68.0
Female,20.0,72.0,16.0,6.0,2.5,4,5.0,Good,Medium,High School,Medium,No,87.0,63.0
Male,20.0,65.0,24.0,10.0,2.5,2,5.0,Good,Medium,Postgraduate,Medium,No,94.0,68.0
Male,20.0,94.0,29.0,4.0,2.5,5,5.0,Good,Medium,High School,Medium,No,95.0,74.0
Male,20.0,83.0,17.0,7.0,2.5,2,5.0,Good,Low,High School,Low,No,92.0,65.0
Male,20.0,96.0,21.0,4.0,2.5,2,5.0,Good,Medium,Postgraduate,Low,No,50.0,69.0
Male,20.0,98.0,23.0,6.0,2.5,1,5.0,Good,Medium,High School,Low,No,66.0,70.0
Female,20.0,62.0,23.0,4.0,2.5,2,5.0,Good,High,College,Medium,No,70.0,65.0
Male,20.0,80.0,20.0,10.0,2.5,4,5.0,Good,Medium,College,Medium,No,84.0,68.0
Male,20.0,75.0,24.0,6.0,2.5,5,5.0,Good,Medium,College,Medium,No,65.0,65.0
Male,20.0,85.0,23.0,7.0,2.5,2,5.0,Good,Low,College,High,No,66.0,68.0
Male,20.0,92.0,13.0,7.0,2.5,3,5.0,Good,Low,High School,Low,No,70.0,68.0
Male,20.0,71.0,25.0,5.0,2.5,1,5.0,Good,Low,Postgraduate,Low,No,98.0,66.0
Female,20.0,82.0,25.0,9.0,2.5,0,5.0,Good,High,College,High,No,72.0,70.0
Male,20.0,88.0,15.0,8.0,2.5,2,5.0,Good,Medium,High School,High,No,57.0,66.0
Male,20.0,65.0,20.0,8.0,2.5,5,5.0,Good,Medium,High School,Low,No,50.0,64.0
Female,20.0,93.0,24.0,5.0,2.5,1,5.0,Good,Medium,College,Low,No,62.0,70.0
Male,20.0,84.0,19.0,9.0,2.5,3,5.0,Good,Low,High School,High,No,97.0,68.0
Male,20.0,98.0,26.0,9.0,2.5,2,5.0,Good,Low,College,Low,No,98.0,74.0
Female,20.0,74.0,34.0,7.0,2.5,2,5.0,Good,Medium,College,Low,No,76.0,71.0
Male,20.0,64.0,15.0,8.0,2.5,3,5.0,Good,Low,High School,Low,No,82.0,61.0
Female,20.0,80.0,12.0,7.0,2.5,3,5.0,Good,Medium,High School,Low,No,90.0,64.0
Male,20.0,63.0,22.0,5.0,2.5,1,5.0,Good,High,Postgraduate,High,No,53.0,64.0
Male,20.0,99.0,24.0,7.0,2.5,3,5.0,Good,Medium,High School,Medium,No,69.0,73.0
Male,20.0,62.0,19.0,6.0,2.5,3,5.0,Good,Medium,College,Low,No,82.0,62.0
Male,20.0,90.0,29.0,7.0,2.5,2,5.0,Good,Medium,High School,High,No,95.0,71.0
Male,20.0,81.0,12.0,9.0,2.5,2,5.0,Good,Medium,Postgraduate,Medium,No,86.0,68.0
Male,20.0,75.0,24.0,5.0,2.5,2,5.0,Good,High,Postgraduate,Medium,No,68.0,67.0
Female,20.0,63.0,16.0,6.0,2.5,4,5.0,Good,High,College,Medium,No,95.0,63.0
Female,20.0,85.0,30.0,6.0,2.5,3,5.0,Good,Medium,College,Medium,No,83.0,71.0
Male,20.0,83.0,32.0,6.0,2.5,3,5.0,Good,Low,High School,High,No,92.0,72.0
Female,20.0,71.0,15.0,6.0,2.5,3,5.0,Good,High,Postgraduate,Medium,No,69.0,66.0
Female,20.0,96.0,17.0,7.0,2.5,4,5.0,Good,Low,High School,Medium,No,50.0,67.0
Female,20.0,72.0,25.0,8.0,2.5,4,5.0,Good,Medium,College,Low,No,58.0,66.0
Male,20.0,78.0,18.0,8.0,2.5,4,5.0,Good,Medium,College,High,No,96.0,68.0
Female,20.0,82.0,20.0,7.0,2.5,3,5.0,Good,Low,College,Medium,No,52.0,64.0
Male,20.0,64.0,20.0,8.0,2.5,3,5.0,Good,High,High School,Medium,No,80.0,65.0
Male,20.0,97.0,8.0,10.0,2.5,1,5.0,Good,High,High School,Low,No,70.0,66.0
Male,20.0,75.0,20.0,7.0,2.5,4,5.0,Good,High,College,Medium,No,71.0,69.0
Female,20.0,63.0,16.0,9.0,2.5,5,5.0,Good,Low,College,Medium,No,70.0,64.0
Female,20.0,75.0,17.0,8.0,2.5,3,5.0,Good,Medium,College,Low,No,53.0,65.0
Female,20.0,84.0,29.0,10.0,2.5,4,5.0,Good,High,Postgraduate,Low,No,56.0,72.0
Male,20.0,81.0,12.0,8.0,2.5,3,5.0,Good,Low,College,Medium,No,53.0,65.0
Female,20.0,88.0,25.0,6.0,2.5,4,5.0,Good,Medium,College,Medium,No,53.0,70.0
Male,20.0,62.0,18.0,7.0,2.5,3,5.0,Good,Medium,Postgraduate,Medium,No,54.0,64.0
Male,20.0,71.0,18.0,7.0,2.5,2,5.0,Good,Low,High School,Low,No,85.0,62.0
Male,20.0,93.0,25.0,8.0,2.5,3,5.0,Good,High,High School,Low,No,56.0,69.0
Male,20.0,63.0,22.0,6.0,2.5,2,5.0,Good,Low,Postgraduate,Medium,No,63.0,62.0
Female,20.0,94.0,23.0,9.0,2.5,2,5.0,Good,Medium,High School,Low,No,83.0,69.0
Male,20.0,64.0,26.0,7.0,2.5,3,5.0,Good,Medium,High School,Medium,No,56.0,66.0
Female,20.0,93.0,18.0,8.0,2.5,2,5.0,Good,Medium,High School,Medium,No,96.0,71.0
Male,20.0,74.0,16.0,7.0,2.5,3,5.0,Good,Low,High School,Low,No,74.0,66.0
Male,20.0,84.0,13.0,7.0,2.5,4,5.0,Good,Medium,High School,Low,No,98.0,64.0
Female,20.0,66.0,15.0,7.0,2.5,3,5.0,Good,High,High School,High,No,60.0,63.0
Male,20.0,63.0,38.0,8.0,2.5,3,5.0,Good,High,College,Medium,No,52.0,69.0
Female,20.0,69.0,27.0,10.0,2.5,4,5.0,Good,Medium,High School,Medium,No,80.0,68.0
Female,20.0,65.0,12.0,4.0,2.5,2,5.0,Good,Medium,High School,Medium,No,66.0,63.0
Male,20.0,72.0,12.0,8.0,2.5,3,5.0,Good,High,College,High,No,79.0,64.0
Female,20.0,81.0,23.0,7.0,2.5,0,5.0,Good,Medium,Postgraduate,Low,No,74.0,66.0
Male,20.0,84.0,23.0,7.0,2.5,4,5.0,Good,Medium,High School,High,No,73.0,71.0
Female,20.0,92.0,23.0,4.0,2.5,4,5.0,Good,High,High School,High,No,93.0,72.0
Male,20.0,86.0,18.0,8.0,2.5,1,5.0,Good,Medium,College,Low,No,60.0,88.0
Male,20.0,84.0,19.0,7.0,2.5,2,5.0,Good,Low,College,Low,No,75.0,66.0
Male,20.0,76.0,22.0,6.0,2.5,2,5.0,Good,Medium,High School,Low,No,71.0,65.0
Male,20.0,79.0,21.0,7.0,2.5,3,5.0,Good,Low,High School,Medium,No,84.0,66.0
Female,20.0,77.0,7.0,7.0,2.5,2,5.0,Good,High,College,Low,No,53.0,62.0
Female,20.0,94.0,19.0,4.0,2.5,3,5.0,Good,Medium,High School,Low,No,76.0,68.0
Female,20.0,69.0,15.0,7.0,2.5,5,5.0,Good,High,Postgraduate,Low,No,74.0,65.0
Male,20.0,60.0,21.0,8.0,2.5,3,5.0,Good,Low,High School,Low,No,99.0,62.0
Female,20.0,86.0,38.0,6.0,2.5,4,5.0,Good,High,High School,Low,No,88.0,74.0
Male,20.0,68.0,22.0,7.0,2.5,3,5.0,Good,Medium,Postgraduate,Medium,No,58.0,64.0
Male,20.0,96.0,18.0,7.0,2.5,2,5.0,Good,High,High School,Medium,No,75.0,72.0
Female,20.0,94.0,26.0,9.0,2.5,3,5.0,Good,Medium,High School,Low,No,89.0,70.0
Male,20.0,63.0,23.0,7.0,2.5,1,5.0,Good,Medium,High School,Medium,No,76.0,65.0
Female,20.0,64.0,23.0,8.0,2.5,3,5.0,Good,Low,High School,Low,No,68.0,66.0
Male,20.0,80.0,24.0,7.0,2.5,3,5.0,Good,Low,College,Medium,No,69.0,67.0
Male,20.0,84.0,32.0,10.0,2.5,5,5.0,Good,Medium,High School,Low,No,68.0,73.0
Female,20.0,71.0,13.0,6.0,2.5,4,5.0,Good,Low,College,High,No,51.0,65.0
Female,20.0,89.0,23.0,6.0,2.5,3,5.0,Good,Medium,College,Medium,No,87.0,74.0
Female,20.0,84.0,14.0,7.0,2.5,2,5.0,Good,Medium,College,High,No,81.0,66.0
Male,20.0,73.0,23.0,6.0,2.5,3,5.0,Good,Medium,High School,High,No,63.0,67.0
Female,20.0,61.0,14.0,5.0,2.5,0,5.0,Good,Low,High School,Low,No,82.0,58.0
Male,20.0,90.0,17.0,8.0,2.5,3,5.0,Good,Medium,Postgraduate,Low,No,65.0,71.0
Male,20.0,69.0,18.0,4.0,2.5,3,5.0,Good,High,High School,Medium,No,62.0,63.0
Female,20.0,93.0,26.0,6.0,2.5,3,5.0,Good,Medium,College,Medium,No,87.0,73.0
Female,20.0,77.0,26.0,5.0,2.5,2,5.0,Good,Medium,High School,Medium,No,90.0,68.0
Female,20.0,83.0,13.0,7.0,2.5,5,5.0,Good,Medium,College,Low,No,81.0,66.0
Male,20.0,95.0,20.0,4.0,2.5,3,5.0,Good,Medium,High School,Low,No,89.0,68.0
Female,20.0,95.0,16.0,8.0,2.5,4,5.0,Good,Low,High School,Medium,No,68.0,66.0
Female,20.0,75.0,12.0,8.0,2.5,3,5.0,Good,Low,High School,Medium,No,54.0,62.0
Male,20.0,68.0,19.0,5.0,2.5,3,5.0,Good,Medium,High School,Medium,No,80.0,78.0
Male,20.0,91.0,18.0,7.0,2.5,4,5.0,Good,Medium,College,Medium,No,63.0,68.0
Female,20.0,77.0,35.0,8.0,2.5,4,5.0,Good,Medium,College,High,No,89.0,77.0
Male,20.0,68.0,23.0,8.0,2.5,2,5.0,Good,Medium,College,Medium,No,68.0,65.0
Female,20.0,96.0,12.0,5.0,2.5,4,5.0,Good,Low,Postgraduate,High,No,84.0,73.0
Male,20.0,68.0,17.0,5.0,2.5,2,5.0,Good,Medium,College,Low,No,78.0,64.0
Female,20.0,61.0,26.0,9.0,2.5,4,5.0,Good,Medium,College,High,No,91.0,67.0
Female,20.0,61.0,33.0,6.0,2.5,4,5.0,Good,Medium,High School,Medium,No,92.0,69.0
Male,20.0,85.0,10.0,6.0,2.5,3,5.0,Good,High,High School,Low,No,53.0,60.0
Female,20.0,86.0,9.0,8.0,2.5,3,5.0,Good,High,College,Medium,No,65.0,66.0
Male,20.0,72.0,31.0,5.0,2.5,2,5.0,Good,High,High School,Low,No,94.0,70.0
Male,20.0,73.0,22.0,7.0,2.5,3,5.0,Good,Low,College,Low,No,70.0,66.0
Male,20.0,74.0,15.0,8.0,2.5,4,5.0,Good,Medium,High School,Medium,No,76.0,64.0
Male,20.0,87.0,23.0,5.0,2.5,4,5.0,Good,Medium,College,High,No,59.0,70.0
Female,20.0,62.0,4.0,6.0,2.5,2,5.0,Good,High,High School,High,No,78.0,58.0
Female,20.0,97.0,20.0,5.0,2.5,3,5.0,Good,Medium,College,Low,No,63.0,69.0
Male,20.0,69.0,22.0,6.0,2.5,1,5.0,Good,Low,High School,High,No,91.0,64.0
Male,20.0,100.0,26.0,9.0,2.5,4,5.0,Good,Medium,High School,Medium,No,60.0,72.0
Male,20.0,67.0,14.0,9.0,2.5,3,5.0,Good,Low,High School,Low,No,68.0,60.0
Female,20.0,91.0,21.0,7.0,2.5,3,5.0,Good,High,High School,High,No,55.0,70.0
Female,20.0,69.0,14.0,8.0,2.5,1,5.0,Good,Medium,Postgraduate,High,No,79.0,62.0
Female,20.0,63.0,22.0,8.0,2.5,3,5.0,Good,Medium,High School,High,No,97.0,66.0
Female,20.0,95.0,15.0,6.0,2.5,5,5.0,Good,Low,High School,Medium,No,59.0,66.0
Male,20.0,94.0,18.0,7.0,2.5,3,5.0,Good,Medium,College,Low,No,51.0,65.0
Male,20.0,76.0,14.0,5.0,2.5,3,5.0,Good,Medium,High School,Low,No,71.0,64.0
Female,20.0,88.0,24.0,6.0,2.5,3,5.0,Good,Medium,High School,High,No,87.0,72.0
Female,20.0,82.0,25.0,7.0,2.5,2,5.0,Good,High,High School,Low,No,99.0,71.0
Female,20.0,94.0,19.0,5.0,2.5,3,5.0,Good,Medium,High School,Medium,No,53.0,68.0
Female,20.0,73.0,20.0,5.0,2.5,5,5.0,Good,Medium,High School,Medium,No,89.0,68.0
Female,20.0,81.0,11.0,6.0,2.5,3,5.0,Good,High,Postgraduate,High,No,68.0,64.0
Female,20.0,79.0,18.0,9.0,2.5,3,5.0,Good,Medium,High School,Medium,No,58.0,65.0
Female,20.0,74.0,20.0,9.0,2.5,3,5.0,Good,Medium,High School,Low,No,60.0,64.0
Female,20.0,96.0,36.0,7.0,2.5,3,5.0,Good,Medium,College,Low,No,96.0,75.0
Male,20.0,67.0,13.0,8.0,2.5,2,5.0,Good,Medium,High School,Low,No,90.0,61.0
Male,20.0,66.0,29.0,6.0,2.5,3,5.0,Good,Medium,Postgraduate,Medium,No,66.0,68.0
Male,20.0,83.0,26.0,4.0,2.5,4,5.0,Good,Low,College,Low,No,97.0,70.0
Female,20.0,86.0,22.0,6.0,2.5,3,5.0,Good,Medium,Postgraduate,High,No,55.0,71.0
Male,20.0,68.0,31.0,7.0,2.5,3,5.0,Good,Low,High School,Low,No,66.0,66.0
Male,20.0,76.0,22.0,7.0,2.5,1,5.0,Good,Low,College,Low,No,83.0,66.0
Male,20.0,98.0,22.0,7.0,2.5,3,5.0,Good,Low,High School,Low,No,100.0,70.0
Female,20.0,70.0,20.0,7.0,2.5,5,5.0,Good,Medium,High School,Low,No,73.0,62.0
Male,20.0,87.0,27.0,6.0,2.5,4,5.0,Good,Low,High School,High,No,91.0,72.0
Male,20.0,90.0,27.0,8.0,2.5,4,5.0,Good,High,High School,Medium,No,96.0,72.0
Male,20.0,78.0,16.0,5.0,2.5,2,5.0,Good,Medium,College,Low,No,50.0,63.0
Female,20.0,98.0,12.0,8.0,2.5,5,5.0,Good,Medium,College,Low,No,64.0,69.0
Male,20.0,89.0,19.0,6.0,2.5,2,5.0,Good,Medium,Postgraduate,Medium,No,55.0,68.0
Male,20.0,78.0,15.0,10.0,2.5,3,5.0,Good,Low,High School,Medium,No,89.0,67.0
Female,20.0,83.0,20.0,7.0,2.5,2,5.0,Good,High,College,Low,No,78.0,71.0
Male,20.0,88.0,27.0,6.0,2.5,5,5.0,Good,Low,High School,Low,No,55.0,67.0
Male,20.0,84.0,17.0,6.0,2.5,4,5.0,Good,Low,High School,Medium,No,71.0,62.0
Female,20.0,95.0,20.0,6.0,2.5,4,5.0,Good,Medium,High School,Low,No,76.0,69.0
Male,20.0,74.0,20.0,8.0,2.5,0,5.0,Good,Medium,High School,Low,No,85.0,67.0
Female,20.0,72.0,25.0,7.0,2.5,3,5.0,Good,Medium,Postgraduate,Low,No,89.0,71.0
Male,20.0,69.0,7.0,8.0,2.5,2,5.0,Good,High,High School,Medium,No,54.0,87.0
Male,20.0,62.0,16.0,8.0,2.5,3,5.0,Good,Medium,High School,High,No,74.0,62.0
Female,20.0,62.0,21.0,7.0,2.5,1,5.0,Good,Medium,College,Low,No,58.0,64.0
Female,20.0,95.0,27.0,8.0,2.5,2,5.0,Good,High,High School,Medium,No,88.0,74.0
Male,20.0,87.0,17.0,9.0,2.5,2,5.0,Good,Medium,College,Low,No,83.0,69.0
Male,20.0,86.0,9.0,8.0,2.5,1,5.0,Good,Medium,High School,Low,No,86.0,65.0
Female,20.0,85.0,24.0,7.0,2.5,3,5.0,Good,Medium,College,Medium,No,54.0,66.0
Female,20.0,94.0,16.0,8.0,2.5,4,5.0,Good,Low,Postgraduate,Medium,No,76.0,70.0
Male,20.0,79.0,13.0,5.0,2.5,3,5.0,Good,Medium,High School,Medium,No,92.0,68.0
Female,20.0,95.0,16.0,10.0,2.5,2,5.0,Good,Medium,College,High,No,86.0,70.0
Male,20.0,74.0,19.0,8.0,2.5,3,5.0,Good,High,High School,Medium,No,93.0,68.0
Male,20.0,97.0,16.0,8.0,2.5,3,5.0,Good,Medium,High School,Low,No,60.0,69.0
Male,20.0,88.0,7.0,7.0,2.5,4,5.0,Good,Low,Postgraduate,Medium,No,64.0,66.0
Male,20.0,70.0,25.0,4.0,2.5,4,5.0,Good,Medium,College,Low,No,72.0,65.0
Male,20.0,83.0,28.0,7.0,2.5,3,5.0,Good,Medium,College,Medium,No,76.0,71.0
Male,20.0,81.0,24.0,7.0,2.5,3,5.0,Good,Medium,High School,Low,No,63.0,66.0
Male,20.0,66.0,13.0,6.0,2.5,4,5.0,Good,Low,High School,Low,No,69.0,61.0
Male,20.0,84.0,19.0,6.0,2.5,2,5.0,Good,Medium,Postgraduate,Medium,No,84.0,69.0
Male,20.0,73.0,20.0,6.0,2.5,3,5.0,Good,Low,College,Medium,No,82.0,65.0
Male,20.0,62.0,24.0,8.0,2.5,2,5.0,Good,Medium,College,Medium,No,56.0,63.0
Female,20.0,98.0,24.0,9.0,2.5,2,5.0,Good,High,Postgraduate,Low,No,99.0,73.0
Male,20.0,86.0,16.0,7.0,2.5,4,5.0,Good,Low,Postgraduate,Low,No,78.0,68.0
Female,20.0,95.0,20.0,6.0,2.5,4,5.0,Good,Medium,High School,High,No,74.0,70.0
Male,20.0,87.0,23.0,6.0,2.5,3,5.0,Good,Medium,College,Medium,No,98.0,72.0
Male,20.0,74.0,29.0,7.0,2.5,2,5.0,Good,Medium,High School,Medium,No,57.0,68.0
Male,20.0,81.0,24.0,7.0,2.5,3,5.0,Good,Medium,High School,High,No,77.0,68.0
Female,20.0,87.0,25.0,8.0,2.5,4,5.0,Good,Medium,High School,Low,No,90.0,71.0
Male,20.0,98.0,21.0,6.0,2.5,3,5.0,Good,Medium,High School,Medium,No,70.0,68.0
Male,20.0,70.0,28.0,8.0,2.5,3,5.0,Good,High,Postgraduate,Low,No,87.0,70.0
Female,20.0,95.0,22.0,8.0,2.5,4,5.0,Good,Medium,High School,Low,No,95.0,70.0
Female,20.0,97.0,15.0,6.0,2.5,3,5.0,Good,Low,High School,Medium,No,63.0,69.0
Female,20.0,87.0,28.0,4.0,2.5,4,5.0,Good,High,High School,Low,No,62.0,73.0
Male,20.0,97.0,24.0,6.0,2.5,4,5.0,Good,Low,College,Medium,No,68.0,72.0
Male,20.0,76.0,17.0,9.0,2.5,3,5.0,Good,Medium,Postgraduate,Medium,No,71.0,67.0
Female,20.0,98.0,17.0,4.0,2.5,3,5.0,Good,Medium,High School,Low,No,56.0,69.0
Male,20.0,88.0,22.0,9.0,2.5,3,5.0,Good,Medium,College,High,No,62.0,68.0
Female,20.0,62.0,23.0,4.0,2.5,3,5.0,Good,Medium,Postgraduate,Medium,No,94.0,64.0
Female,20.0,96.0,21.0,6.0,2.5,3,5.0,Good,Low,High School,Medium,No,78.0,71.0
Female,20.0,79.0,22.0,6.0,2.5,4,5.0,Good,Medium,High School,Medium,No,63.0,68.0
Male,20.0,78.0,30.0,10.0,2.5,2,5.0,Good,Medium,High School,Low,No,97.0,70.0
Male,20.0,83.0,26.0,7.0,2.5,3,5.0,Good,Medium,High School,Low,No,89.0,72.0
Female,20.0,66.0,21.0,7.0,2.5,1,5.0,Good,High,High School,Low,No,68.0,65.0
Male,20.0,79.0,26.0,6.0,2.5,3,5.0,Good,Medium,College,Low,No,88.0,70.0
Male,20.0,93.0,14.0,8.0,2.5,4,5.0,Good,Low,Postgraduate,Low,No,80.0,69.0
Male,20.0,61.0,22.0,6.0,2.5,2,5.0,Good,Low,Postgraduate,Medium,No,84.0,64.0
Male,20.0,71.0,31.0,7.0,2.5,1,5.0,Good,Medium,High School,Low,No,66.0,67.0
Male,20.0,60.0,19.0,6.0,2.5,2,5.0,Good,High,College,Low,No,60.0,65.0
Female,20.0,77.0,15.0,8.0,2.5,1,5.0,Good,Medium,High School,Medium,No,63.0,62.0
Male,20.0,89.0,16.0,8.0,2.5,2,5.0,Good,Medium,College,Low,No,54.0,68.0
Male,20.0,92.0,13.0,6.0,2.5,2,5.0,Good,High,College,Low,No,74.0,68.0
Male,20.0,98.0,15.0,6.0,2.5,3,5.0,Good,Low,High School,Medium,No,70.0,68.0
Male,20.0,84.0,18.0,6.0,2.5,3,5.0,Good,Medium,Postgraduate,High,No,50.0,68.0
Female,20.0,70.0,12.0,7.0,2.5,4,5.0,Good,Medium,High School,Low,No,93.0,62.0
Female,20.0,97.0,20.0,8.0,2.5,5,5.0,Good,Low,High School,Medium,No,84.0,72.0
Male,20.0,91.0,25.0,7.0,2.5,3,5.0,Good,Medium,College,Medium,No,72.0,69.0
Female,20.0,83.0,15.0,4.0,2.5,3,5.0,Good,Low,High School,Low,No,98.0,68.0
Male,20.0,88.0,29.0,8.0,2.5,3,5.0,Good,Medium,College,Low,No,97.0,71.0
Female,20.0,97.0,23.0,5.0,2.5,3,5.0,Good,Medium,High School,Medium,No,55.0,69.0
Male,20.0,88.0,26.0,6.0,2.5,2,5.0,Good,Medium,High School,High,No,81.0,71.0
Male,20.0,75.0,16.0,7.0,2.5,5,5.0,Good,Low,High School,Low,No,91.0,65.0
Male,20.0,89.0,25.0,7.0,2.5,4,5.0,Good,Medium,High School,Low,No,59.0,68.0
Female,20.0,62.0,13.0,8.0,2.5,4,5.0,Good,Low,High School,Low,No,56.0,60.0
Male,20.0,75.0,25.0,6.0,2.5,4,5.0,Good,Low,High School,High,No,63.0,68.0
Female,20.0,76.0,21.0,6.0,2.5,4,5.0,Good,Medium,High School,Medium,No,64.0,66.0
Male,20.0,67.0,23.0,7.0,2.5,3,5.0,Good,Low,High School,Low,No,98.0,66.0
Female,20.0,61.0,13.0,8.0,2.5,4,5.0,Good,Low,High School,Low,No,89.0,62.0
Male,20.0,65.0,15.0,8.0,2.5,3,5.0,Good,Medium,College,Low,No,53.0,61.0
Female,20.0,86.0,24.0,7.0,2.5,3,5.0,Good,Low,Postgraduate,Low,No,89.0,69.0
Male,20.0,92.0,14.0,9.0,2.5,2,5.0,Good,High,High School,High,No,58.0,69.0
Male,20.0,100.0,23.0,9.0,2.5,3,5.0,Good,Medium,Postgraduate,High,No,68.0,74.0
Female,20.0,74.0,12.0,8.0,2.5,4,5.0,Good,Low,High School,Low,No,66.0,62.0
Female,20.0,84.0,25.0,5.0,2.5,3,5.0,Good,Medium,College,Low,No,64.0,67.0
Female,20.0,97.0,13.0,8.0,2.5,2,5.0,Good,High,High School,Low,No,65.0,69.0
Male,20.0,67.0,23.0,7.0,2.5,4,5.0,Good,Medium,High School,Low,No,88.0,66.0
Male,20.0,89.0,24.0,6.0,2.5,3,5.0,Good,Medium,College,High,No,63.0,72.0
Male,20.0,90.0,16.0,6.0,2.5,3,5.0,Good,Medium,High School,High,No,90.0,69.0
Male,20.0,64.0,23.0,7.0,2.5,4,5.0,Good,Medium,High School,Medium,No,55.0,65.0
Male,20.0,94.0,22.0,6.0,2.5,2,5.0,Good,Low,Postgraduate,High,No,80.0,72.0
Male,20.0,93.0,17.0,7.0,2.5,4,5.0,Good,Low,High School,Medium,No,93.0,69.0
Female,20.0,61.0,14.0,7.0,2.5,2,5.0,Good,Medium,High School,Low,No,54.0,60.0
Female,20.0,64.0,8.0,7.0,2.5,1,5.0,Good,High,Postgraduate,High,No,82.0,61.0
Male,20.0,62.0,22.0,8.0,2.5,3,5.0,Good,Medium,High School,Medium,No,76.0,63.0
Male,20.0,73.0,11.0,7.0,2.5,5,5.0,Good,Medium,Postgraduate,Medium,No,67.0,63.0
Male,20.0,80.0,21.0,6.0,2.5,3,5.0,Good,High,Postgraduate,High,No,55.0,68.0
Female,20.0,81.0,18.0,4.0,2.5,4,5.0,Good,Low,College,Medium,No,84.0,68.0
Male,20.0,71.0,24.0,8.0,2.5,2,5.0,Good,Medium,High School,Low,No,65.0,65.0
Female,20.0,96.0,18.0,7.0,2.5,2,5.0,Good,Medium,High School,High,No,67.0,71.0
Male,20.0,75.0,18.0,7.0,2.5,3,5.0,Good,Low,High School,Low,No,86.0,64.0
Male,20.0,62.0,24.0,9.0,2.5,2,5.0,Good,Medium,Postgraduate,Medium,No,97.0,65.0
Female,20.0,72.0,22.0,5.0,2.5,4,5.0,Good,Low,College,Medium,No,67.0,67.0
Female,20.0,81.0,22.0,7.0,2.5,2,5.0,Good,Low,High School,Low,No,87.0,67.0
Male,20.0,76.0,23.0,6.0,2.5,3,5.0,Good,Medium,College,Low,No,98.0,67.0
Female,20.0,71.0,11.0,8.0,2.5,3,5.0,Good,Medium,College,Low,No,55.0,87.0
Female,20.0,65.0,25.0,4.0,2.5,1,5.0,Good,High,High School,High,No,76.0,67.0
Male,20.0,93.0,24.0,8.0,2.5,2,5.0,Good,High,High School,Medium,No,51.0,72.0
Female,20.0,100.0,14.0,8.0,2.5,3,5.0,Good,High,High School,Low,No,91.0,69.0
Female,20.0,73.0,19.0,6.0,2.5,3,5.0,Good,Low,College,High,No,64.0,65.0
Female,20.0,75.0,20.0,7.0,2.5,4,5.0,Good,Low,High School,Low,No,67.0,66.0
Male,20.0,85.0,19.0,6.0,2.5,3,5.0,Good,Low,Postgraduate,Medium,No,84.0,70.0
Male,20.0,89.0,22.0,8.0,2.5,3,5.0,Good,Medium,High School,Medium,No,89.0,71.0
Female,20.0,76.0,29.0,8.0,2.5,4,5.0,Good,Low,College,Low,No,70.0,67.0
Male,20.0,96.0,26.0,5.0,2.5,2,5.0,Good,Medium,High School,Medium,No,83.0,72.0
Male,20.0,82.0,12.0,5.0,2.5,1,5.0,Good,Medium,High School,Low,No,98.0,63.0
Female,20.0,78.0,24.0,9.0,2.5,4,5.0,Good,Low,High School,Low,No,94.0,67.0
Male,20.0,86.0,28.0,10.0,2.5,2,5.0,Good,Medium,High School,Low,No,85.0,72.0
Female,20.0,98.0,22.0,8.0,2.5,1,5.0,Good,Low,Postgraduate,High,No,97.0,72.0
Female,20.0,92.0,27.0,8.0,2.5,4,5.0,Good,Medium,College,Low,No,94.0,70.0
Female,20.0,62.0,32.0,7.0,2.5,2,5.0,Good,Low,High School,Low,No,86.0,67.0
Female,20.0,73.0,26.0,7.0,2.5,3,5.0,Good,High,High School,Medium,No,96.0,68.0
Male,20.0,79.0,21.0,8.0,2.5,3,5.0,Good,High,High School,Low,No,91.0,67.0
Male,20.0,73.0,26.0,7.0,2.5,5,5.0,Good,Low,College,Low,No,75.0,70.0
Female,20.0,88.0,21.0,9.0,2.5,2,5.0,Good,High,Postgraduate,Medium,No,75.0,67.0
Male,20.0,93.0,20.0,7.0,2.5,4,5.0,Good,Medium,College,High,No,50.0,71.0
Female,20.0,89.0,18.0,7.0,2.5,3,5.0,Good,Medium,Postgraduate,High,No,52.0,69.0
Female,20.0,100.0,29.0,7.0,2.5,5,5.0,Good,Medium,College,Low,No,87.0,74.0
Male,20.0,71.0,15.0,7.0,2.5,3,5.0,Good,Medium,High School,Medium,No,78.0,63.0
Female,20.0,95.0,29.0,9.0,2.5,2,5.0,Good,Medium,High School,Medium,No,88.0,72.0
Male,20.0,91.0,23.0,7.0,2.5,3,5.0,Good,Low,College,Low,No,97.0,71.0
Male,20.0,74.0,12.0,7.0,2.5,5,5.0,Good,Medium,High School,Low,No,73.0,64.0
Female,20.0,89.0,22.0,7.0,2.5,3,5.0,Good,Medium,High School,High,No,54.0,69.0
Female,20.0,64.0,7.0,6.0,2.5,3,5.0,Good,Medium,Postgraduate,Low,No,81.0,62.0
Male,20.0,92.0,24.0,5.0,2.5,4,5.0,Good,Medium,College,Medium,No,55.0,69.0
Male,20.0,81.0,25.0,9.0,2.5,3,5.0,Good,Low,High School,Low,No,81.0,68.0
Male,20.0,72.0,16.0,9.0,2.5,3,5.0,Good,High,High School,Low,No,76.0,67.0
Male,20.0,86.0,21.0,9.0,2.5,3,5.0,Good,High,Postgraduate,Medium,No,86.0,71.0
Male,20.0,86.0,32.0,5.0,2.5,4,5.0,Good,Low,High School,Medium,No,68.0,70.0
Male,20.0,68.0,17.0,9.0,2.5,3,5.0,Good,Medium,High School,Medium,No,57.0,63.0
Female,20.0,61.0,14.0,10.0,2.5,4,5.0,Good,Medium,College,High,No,62.0,60.0
Female,20.0,77.0,29.0,9.0,2.5,3,5.0,Good,Medium,College,Low,No,84.0,69.0
Male,20.0,83.0,32.0,9.0,2.5,3,5.0,Good,Medium,College,Low,No,74.0,71.0
Male,20.0,95.0,20.0,8.0,2.5,2,5.0,Good,Medium,High School,High,No,77.0,69.0
Female,20.0,97.0,26.0,6.0,2.5,1,5.0,Good,Medium,College,Medium,No,66.0,73.0
Female,20.0,81.0,28.0,8.0,2.5,3,5.0,Good,Medium,College,High,No,92.0,73.0
Female,20.0,90.0,16.0,5.0,2.5,3,5.0,Good,Medium,High School,Low,No,100.0,68.0
Male,20.0,78.0,17.0,6.0,2.5,4,5.0,Good,Medium,College,Low,No,66.0,67.0
Male,20.0,90.0,27.0,7.0,2.5,3,5.0,Good,High,College,Medium,No,86.0,74.0
Male,20.0,68.0,30.0,7.0,2.5,3,5.0,Good,Medium,College,Low,No,59.0,68.0
Female,20.0,75.0,23.0,8.0,2.5,2,5.0,Good,Low,College,Medium,No,87.0,69.0
Male,20.0,85.0,15.0,4.0,2.5,4,5.0,Good,Medium,College,Low,No,72.0,69.0
Female,20.0,61.0,32.0,7.0,2.5,4,5.0,Good,Medium,College,Low,No,80.0,68.0
Male,20.0,89.0,17.0,8.0,2.5,1,5.0,Good,Medium,High School,Low,No,62.0,66.0
Male,20.0,93.0,18.0,8.0,2.5,3,5.0,Good,Medium,Postgraduate,Low,No,93.0,69.0
Female,20.0,76.0,22.0,8.0,2.5,2,5.0,Good,Medium,College,Low,No,59.0,66.0
Male,20.0,78.0,29.0,7.0,2.5,4,5.0,Good,High,College,Low,No,96.0,72.0
Female,20.0,94.0,25.0,6.0,2.5,3,5.0,Good,Low,High School,Medium,No,53.0,69.0
Male,20.0,91.0,22.0,8.0,2.5,3,5.0,Good,Medium,High School,Low,No,64.0,68.0
Male,20.0,72.0,23.0,7.0,2.5,3,5.0,Good,Medium,High School,Low,No,78.0,66.0
Male,20.0,73.0,20.0,8.0,2.5,4,5.0,Good,High,High School,Low,No,93.0,65.0
Male,20.0,87.0,23.0,8.0,2.5,2,5.0,Good,High,Postgraduate,Low,No,79.0,71.0
Male,20.0,83.0,5.0,7.0,2.5,4,5.0,Good,Medium,High School,Low,No,61.0,61.0
Female,20.0,66.0,18.0,6.0,2.5,3,5.0,Good,Medium,College,Low,No,93.0,63.0
Female,20.0,72.0,21.0,9.0,2.5,3,5.0,Good,Low,High School,Medium,No,80.0,66.0
Male,20.0,96.0,13.0,8.0,2.5,2,5.0,Good,Medium,Postgraduate,High,No,62.0,69.0
Male,20.0,88.0,22.0,10.0,2.5,2,5.0,Good,Medium,High School,Medium,No,78.0,71.0
Female,20.0,99.0,19.0,8.0,2.5,4,5.0,Good,High,High School,High,No,84.0,73.0
Male,20.0,91.0,31.0,8.0,2.5,2,5.0,Good,Low,High School,Low,No,84.0,72.0
Male,20.0,98.0,29.0,5.0,2.5,4,5.0,Good,Low,High School,Medium,No,86.0,73.0
Male,20.0,69.0,17.0,7.0,2.5,2,5.0,Good,Medium,High School,Low,No,95.0,65.0
Female,20.0,91.0,19.0,7.0,2.5,3,5.0,Good,Medium,High School,High,No,91.0,71.0
Male,20.0,61.0,20.0,8.0,2.5,3,5.0,Good,Medium,High School,Low,No,80.0,65.0
Male,20.0,87.0,17.0,8.0,2.5,5,5.0,Good,Low,College,Medium,No,52.0,67.0
Male,20.0,79.0,21.0,8.0,2.5,2,5.0,Good,Medium,Postgraduate,Low,No,87.0,69.0
Male,20.0,74.0,15.0,10.0,2.5,3,5.0,Good,Low,College,Low,No,99.0,63.0
Male,20.0,94.0,13.0,6.0,2.5,2,5.0,Good,High,Postgraduate,Medium,No,65.0,68.0
Female,20.0,94.0,24.0,8.0,2.5,4,5.0,Good,High,High School,Low,No,80.0,70.0
Female,20.0,61.0,24.0,8.0,2.5,4,5.0,Good,Low,High School,Low,No,88.0,64.0
Male,20.0,84.0,15.0,10.0,2.5,2,5.0,Good,Medium,High School,High,No,82.0,64.0
Male,20.0,75.0,25.0,8.0,2.5,0,5.0,Good,High,College,Low,No,96.0,68.0
Female,20.0,77.0,16.0,8.0,2.5,2,5.0,Good,Medium,College,High,No,74.0,65.0
Female,20.0,93.0,22.0,8.0,2.5,1,5.0,Good,Medium,High School,High,No,77.0,70.0
Male,20.0,72.0,25.0,8.0,2.5,2,5.0,Good,Low,Postgraduate,Medium,No,52.0,66.0
Female,20.0,98.0,20.0,9.0,2.5,2,5.0,Good,Low,High School,Low,No,95.0,70.0
Male,20.0,67.0,23.0,6.0,2.5,3,5.0,Good,High,High School,Low,No,63.0,66.0
Male,20.0,87.0,17.0,6.0,2.5,2,5.0,Good,Medium,Postgraduate,Low,No,99.0,69.0
Male,20.0,87.0,19.0,10.0,2.5,3,5.0,Good,High,High School,Medium,No,60.0,69.0
Female,20.0,70.0,19.0,4.0,2.5,3,5.0,Good,Medium,College,Low,No,63.0,64.0
Male,20.0,73.0,16.0,7.0,2.5,3,5.0,Good,Low,High School,Low,No,74.0,64.0
Female,20.0,93.0,19.0,7.0,2.5,3,5.0,Good,Medium,High School,Medium,No,83.0,69.0
Female,20.0,90.0,11.0,7.0,2.5,3,5.0,Good,High,High School,Medium,No,72.0,67.0
Female,20.0,73.0,17.0,9.0,2.5,3,5.0,Good,Low,College,Medium,No,68.0,63.0
Male,20.0,81.0,18.0,8.0,2.5,3,5.0,Good,Low,College,Medium,No,77.0,67.0
Male,20.0,62.0,18.0,6.0,2.5,1,5.0,Good,Low,College,Medium,No,98.0,65.0
Female,20.0,68.0,19.0,6.0,2.5,1,5.0,Good,Low,High School,Low,No,98.0,64.0
Female,20.0,79.0,20.0,7.0,2.5,3,5.0,Good,Low,College,High,No,66.0,68.0
Female,20.0,63.0,23.0,9.0,2.5,3,5.0,Good,High,High School,High,No,84.0,64.0
Male,20.0,94.0,25.0,7.0,2.5,4,5.0,Good,Low,College,Low,No,86.0,70.0
Male,20.0,89.0,16.0,7.0,2.5,4,5.0,Good,High,Postgraduate,Low,No,83.0,70.0
Female,20.0,98.0,13.0,6.0,2.5,3,5.0,Good,Medium,College,High,No,56.0,67.0
Male,20.0,88.0,14.0,8.0,2.5,3,5.0,Good,Medium,College,Medium,No,77.0,69.0
Male,20.0,98.0,17.0,7.0,2.5,4,5.0,Good,Medium,High School,Low,No,88.0,70.0
Male,20.0,82.0,18.0,6.0,2.5,3,5.0,Good,Medium,College,Medium,No,60.0,69.0
Male,20.0,84.0,15.0,9.0,2.5,3,5.0,Good,Medium,College,Medium,No,67.0,65.0
Male,20.0,99.0,12.0,10.0,2.5,1,5.0,Good,Medium,High School,Low,No,60.0,66.0
Male,20.0,86.0,17.0,7.0,2.5,3,5.0,Good,Medium,High School,Medium,No,94.0,70.0
Male,20.0,61.0,21.0,7.0,2.5,5,5.0,Good,Low,High School,Low,No,93.0,63.0
Female,20.0,89.0,24.0,5.0,2.5,3,5.0,Good,Medium,High School,High,No,58.0,69.0
Male,20.0,96.0,17.0,8.0,2.5,4,5.0,Good,Medium,Postgraduate,Low,No,88.0,74.0
Male,20.0,92.0,18.0,8.0,2.5,3,5.0,Good,Low,High School,High,No,68.0,70.0
Female,20.0,83.0,14.0,7.0,2.5,3,5.0,Good,Medium,High School,Low,No,84.0,66.0
Male,20.0,87.0,20.0,6.0,2.5,3,5.0,Good,Medium,Postgraduate,Low,No,75.0,68.0
Male,20.0,100.0,15.0,10.0,2.5,5,5.0,Good,Medium,High School,Medium,No,74.0,67.0
Female,20.0,64.0,23.0,8.0,2.5,5,5.0,Good,Low,High School,Medium,No,94.0,66.0
Female,20.0,87.0,9.0,6.0,2.5,3,5.0,Good,Medium,College,Low,No,82.0,65.0
Male,20.0,71.0,18.0,8.0,2.5,2,5.0,Good,Medium,College,High,No,62.0,66.0
Male,20.0,86.0,22.0,7.0,2.5,4,5.0,Good,Medium,High School,High,No,56.0,69.0
Female,20.0,84.0,21.0,7.0,2.5,4,5.0,Good,Medium,High School,Low,No,97.0,67.0
Male,20.0,66.0,36.0,8.0,2.5,3,5.0,Good,High,College,Medium,No,58.0,69.0
Female,20.0,68.0,22.0,4.0,2.5,3,5.0,Good,High,Postgraduate,Medium,No,87.0,66.0
Female,20.0,85.0,14.0,4.0,2.5,1,5.0,Good,High,High School,High,No,75.0,64.0
Female,20.0,65.0,19.0,9.0,2.5,2,5.0,Good,Low,High School,Medium,No,57.0,61.0
Male,20.0,71.0,9.0,7.0,2.5,2,5.0,Good,Medium,High School,Low,No,89.0,61.0
Male,20.0,93.0,20.0,6.0,2.5,4,5.0,Good,Low,College,Medium,No,95.0,70.0
Female,20.0,73.0,15.0,5.0,2.5,2,5.0,Good,Medium,Postgraduate,Medium,No,56.0,65.0
Male,20.0,80.0,25.0,7.0,2.5,3,5.0,Good,Medium,College,Medium,No,53.0,67.0
Male,20.0,98.0,17.0,7.0,2.5,0,5.0,Good,Medium,College,High,No,92.0,69.0
Female,20.0,69.0,19.0,9.0,2.5,5,5.0,Good,Medium,High School,Medium,No,75.0,63.0
Male,20.0,76.0,16.0,8.0,2.5,4,5.0,Good,High,High School,High,No,84.0,66.0
Male,20.0,84.0,30.0,7.0,2.5,2,5.0,Good,Medium,High School,Medium,No,72.0,73.0
Female,20.0,90.0,18.0,8.0,2.5,3,5.0,Good,High,High School,Low,No,71.0,68.0
Male,20.0,96.0,31.0,9.0,2.5,2,5.0,Good,High,High School,Low,No,65.0,74.0
Male,20.0,97.0,25.0,8.0,2.5,3,5.0,Good,Medium,High School,Medium,No,78.0,70.0
Male,20.0,91.0,23.0,8.0,2.5,2,5.0,Good,Medium,High School,Medium,No,58.0,68.0
Female,20.0,69.0,22.0,7.0,2.5,4,5.0,Good,Low,High School,High,No,86.0,67.0
Male,20.0,61.0,22.0,6.0,2.5,4,5.0,Good,Low,Postgraduate,Medium,No,77.0,65.0
Male,20.0,75.0,8.0,5.0,2.5,4,5.0,Good,Medium,High School,High,No,92.0,66.0
Female,20.0,66.0,18.0,5.0,2.5,5,5.0,Good,Medium,High School,Low,No,96.0,64.0
Female,20.0,88.0,25.0,8.0,2.5,4,5.0,Good,Low,High School,High,No,95.0,72.0
Male,20.0,86.0,20.0,8.0,2.5,2,5.0,Good,High,College,Medium,No,80.0,70.0
Female,20.0,62.0,12.0,9.0,2.5,2,5.0,Good,Medium,College,Low,No,66.0,60.0
Male,20.0,93.0,20.0,8.0,2.5,3,5.0,Good,Medium,High School,Low,No,68.0,68.0
Female,20.0,70.0,30.0,9.0,2.5,2,5.0,Good,Medium,Postgraduate,High,No,83.0,71.0
Male,20.0,77.0,27.0,7.0,2.5,3,5.0,Good,Low,High School,High,No,86.0,68.0
Male,20.0,87.0,20.0,8.0,2.5,2,5.0,Good,Low,Postgraduate,Low,No,58.0,67.0
Female,20.0,77.0,26.0,5.0,2.5,5,5.0,Good,Low,High School,Low,No,100.0,70.0
Male,20.0,78.0,18.0,7.0,2.5,3,5.0,Good,High,High School,High,No,55.0,65.0
Male,20.0,63.0,10.0,4.0,2.5,3,5.0,Good,Medium,College,Low,No,80.0,60.0
Male,20.0,76.0,14.0,7.0,2.5,4,5.0,Good,Low,College,High,No,77.0,65.0
Female,20.0,91.0,29.0,9.0,2.5,4,5.0,Good,Low,High School,Low,No,80.0,70.0
Male,20.0,97.0,18.0,7.0,2.5,4,5.0,Good,Medium,Postgraduate,Low,No,77.0,69.0
Male,20.0,77.0,19.0,8.0,2.5,3,5.0,Good,Medium,High School,Low,No,53.0,64.0
Male,20.0,77.0,18.0,7.0,2.5,3,5.0,Good,Medium,High School,High,No,100.0,67.0
Male,20.0,88.0,31.0,6.0,2.5,3,5.0,Good,Low,Postgraduate,High,No,99.0,73.0
Male,20.0,98.0,30.0,7.0,2.5,3,5.0,Good,High,College,Low,No,76.0,74.0
Male,20.0,71.0,33.0,9.0,2.5,4,5.0,Good,Medium,High School,Medium,No,60.0,67.0
Male,20.0,78.0,19.0,8.0,2.5,1,5.0,Good,Medium,High School,High,No,59.0,66.0
Male,20.0,92.0,22.0,6.0,2.5,4,5.0,Good,Medium,High School,High,No,53.0,69.0
Female,20.0,84.0,11.0,5.0,2.5,3,5.0,Good,Low,High School,Low,No,81.0,64.0
Female,20.0,64.0,29.0,7.0,2.5,2,5.0,Good,Medium,Postgraduate,High,No,74.0,69.0
Female,20.0,85.0,13.0,6.0,2.5,3,5.0,Good,Medium,High School,Low,No,71.0,66.0
Male,20.0,67.0,21.0,7.0,2.5,2,5.0,Good,Medium,High School,Medium,No,76.0,65.0
Female,20.0,80.0,13.0,5.0,2.5,3,5.0,Good,High,High School,Medium,No,94.0,67.0
Male,20.0,81.0,16.0,9.0,2.5,3,5.0,Good,Medium,Postgraduate,Medium,No,54.0,67.0
Female,20.0,95.0,15.0,7.0,2.5,3,5.0,Good,High,High School,Low,No,77.0,68.0
Male,20.0,78.0,16.0,7.0,2.5,2,5.0,Good,Medium,High School,Medium,No,85.0,65.0
Male,20.0,71.0,17.0,6.0,2.5,3,5.0,Good,Low,Postgraduate,Medium,No,99.0,66.0
Male,20.0,69.0,17.0,7.0,2.5,3,5.0,Good,Low,College,Low,No,87.0,65.0
Male,20.0,95.0,25.0,7.0,2.5,3,5.0,Good,High,Postgraduate,Low,No,77.0,71.0
Female,20.0,67.0,13.0,6.0,2.5,3,5.0,Good,Medium,College,Low,No,88.0,63.0
Female,20.0,77.0,21.0,7.0,2.5,4,5.0,Good,Low,College,High,No,100.0,70.0
Female,20.0,67.0,27.0,9.0,2.5,2,5.0,Good,High,College,High,No,94.0,70.0
Female,20.0,91.0,17.0,4.0,2.5,4,5.0,Good,High,College,Low,No,54.0,67.0
Male,20.0,79.0,16.0,7.0,2.5,2,5.0,Good,High,High School,High,No,79.0,68.0
Male,20.0,74.0,19.0,6.0,2.5,2,5.0,Good,Medium,High School,High,No,89.0,63.0
Female,20.0,74.0,27.0,9.0,2.5,3,5.0,Good,Low,College,High,No,84.0,70.0
Male,20.0,94.0,21.0,7.0,2.5,2,5.0,Good,Low,Postgraduate,Low,No,71.0,69.0
Female,20.0,82.0,17.0,5.0,2.5,3,5.0,Good,Medium,High School,Medium,No,66.0,66.0
Male,20.0,89.0,23.0,7.0,2.5,2,5.0,Good,Medium,Postgraduate,Low,No,81.0,70.0
Male,20.0,96.0,13.0,8.0,2.5,3,5.0,Good,Low,High School,Medium,No,71.0,68.0
Female,20.0,96.0,24.0,10.0,2.5,4,5.0,Good,Medium,High School,High,No,70.0,70.0
Male,20.0,73.0,22.0,4.0,2.5,4,5.0,Good,Medium,Postgraduate,Low,No,92.0,67.0
Male,20.0,98.0,18.0,5.0,2.5,0,5.0,Good,Medium,Postgraduate,Medium,No,66.0,69.0
Male,20.0,61.0,15.0,9.0,2.5,2,5.0,Good,Medium,Postgraduate,Medium,No,82.0,64.0
Female,20.0,75.0,15.0,5.0,2.5,3,5.0,Good,Low,High School,Low,No,94.0,62.0
Male,20.0,96.0,23.0,7.0,2.5,2,5.0,Good,Medium,Postgraduate,Low,No,81.0,71.0
Male,20.0,71.0,27.0,6.0,2.5,4,5.0,Good,Medium,High School,Medium,No,75.0,69.0
Male,20.0,71.0,16.0,6.0,2.5,1,5.0,Good,Low,High School,High,No,52.0,62.0
Male,20.0,72.0,23.0,7.0,2.5,4,5.0,Good,High,High School,Medium,No,84.0,66.0
Male,20.0,84.0,7.0,7.0,2.5,4,5.0,Good,Low,High School,Low,No,100.0,64.0
Male,20.0,78.0,16.0,9.0,2.5,3,5.0,Good,Medium,Postgraduate,Low,No,90.0,66.0
Female,20.0,89.0,20.0,9.0,2.5,3,5.0,Good,Medium,College,High,No,82.0,72.0
Female,20.0,96.0,15.0,8.0,2.5,3,5.0,Good,Medium,College,Medium,No,73.0,71.0
Male,20.0,87.0,14.0,7.0,2.5,3,5.0,Good,Medium,High School,Low,No,61.0,65.0
Female,20.0,68.0,16.0,7.0,2.5,2,5.0,Good,Medium,College,Medium,No,85.0,65.0
Male,20.0,97.0,22.0,8.0,2.5,3,5.0,Good,Medium,High School,Low,No,59.0,70.0
Male,20.0,71.0,19.0,9.0,2.5,4,5.0,Good,High,High School,High,No,94.0,68.0
Male,20.0,66.0,7.0,8.0,2.5,2,5.0,Good,High,College,Low,No,68.0,57.0
Male,20.0,64.0,7.0,9.0,2.5,4,5.0,Good,High,High School,Low,No,70.0,59.0
Male,20.0,83.0,16.0,6.0,2.5,4,5.0,Good,Medium,College,Medium,No,61.0,64.0
Male,20.0,65.0,23.0,9.0,2.5,3,5.0,Good,Medium,College,Medium,No,74.0,67.0
Female,20.0,66.0,4.0,8.0,2.5,3,5.0,Good,Low,Postgraduate,Low,No,84.0,60.0
Male,20.0,72.0,17.0,6.0,2.5,2,5.0,Good,Low,Postgraduate,Low,No,65.0,67.0
Female,20.0,71.0,17.0,7.0,2.5,2,5.0,Good,Low,College,Low,No,85.0,65.0
Male,20.0,84.0,28.0,7.0,2.5,3,5.0,Good,Medium,College,Medium,No,81.0,71.0
Male,20.0,93.0,18.0,7.0,2.5,2,5.0,Good,Medium,College,Low,No,69.0,67.0
Male,20.0,90.0,22.0,7.0,2.5,1,5.0,Good,Low,Postgraduate,Low,No,66.0,69.0
Male,20.0,70.0,21.0,5.0,2.5,3,5.0,Good,High,College,Low,No,93.0,68.0
Female,20.0,70.0,7.0,6.0,2.5,1,5.0,Good,Medium,High School,High,No,51.0,59.0
Female,20.0,99.0,25.0,7.0,2.5,3,5.0,Good,Low,College,Medium,No,86.0,75.0
Male,20.0,60.0,21.0,6.0,2.5,4,5.0,Good,Low,High School,Medium,No,71.0,59.0
Female,20.0,95.0,23.0,6.0,2.5,3,5.0,Good,Low,High School,Medium,No,86.0,71.0
Female,20.0,68.0,44.0,9.0,2.5,2,5.0,Good,Low,High School,Medium,No,75.0,71.0
Female,20.0,98.0,7.0,7.0,2.5,2,5.0,Good,High,High School,Medium,No,54.0,66.0
Male,20.0,74.0,30.0,10.0,2.5,2,5.0,Good,Medium,High School,High,No,99.0,69.0
Female,20.0,78.0,18.0,7.0,2.5,4,5.0,Good,Low,College,Low,No,54.0,65.0
Male,20.0,88.0,22.0,9.0,2.5,2,5.0,Good,Low,College,Low,No,58.0,68.0
Female,20.0,84.0,20.0,7.0,2.5,2,5.0,Good,Medium,High School,Low,No,71.0,68.0
Male,20.0,73.0,17.0,6.0,2.5,3,5.0,Good,High,High School,Medium,No,97.0,67.0
Male,20.0,82.0,17.0,7.0,2.5,5,5.0,Good,Medium,High School,Medium,No,65.0,68.0
Male,20.0,89.0,22.0,9.0,2.5,3,5.0,Good,Medium,High School,Medium,No,78.0,68.0
Male,20.0,62.0,11.0,7.0,2.5,3,5.0,Good,High,High School,High,No,76.0,88.0
Female,20.0,60.0,25.0,8.0,2.5,2,5.0,Good,Medium,College,Medium,No,67.0,66.0
Male,20.0,78.0,18.0,7.0,2.5,2,5.0,Good,High,College,Low,No,85.0,67.0
Male,20.0,65.0,13.0,7.0,2.5,4,5.0,Good,Low,High School,Medium,No,75.0,63.0
Female,20.0,87.0,17.0,7.0,2.5,4,5.0,Good,Medium,High School,Low,No,79.0,68.0
Male,20.0,69.0,28.0,6.0,2.5,1,5.0,Good,Low,High School,Medium,No,61.0,65.0
Male,20.0,77.0,17.0,7.0,2.5,3,5.0,Good,Medium,College,Low,No,96.0,67.0
Male,20.0,68.0,22.0,8.0,2.5,1,5.0,Good,Medium,Postgraduate,Medium,No,56.0,67.0
Male,20.0,82.0,16.0,7.0,2.5,4,5.0,Good,Medium,High School,High,No,85.0,67.0
Male,20.0,65.0,25.0,7.0,2.5,3,5.0,Good,Low,High School,Low,No,94.0,64.0
Male,20.0,61.0,24.0,8.0,2.5,2,5.0,Good,Medium,High School,Low,No,54.0,61.0
Female,20.0,62.0,31.0,7.0,2.5,1,5.0,Good,Medium,College,Medium,No,51.0,65.0
Female,20.0,98.0,19.0,7.0,2.5,4,5.0,Good,High,High School,Medium,No,67.0,70.0
Male,20.0,66.0,24.0,8.0,2.5,2,5.0,Good,Medium,College,Medium,No,89.0,67.0
Male,20.0,88.0,21.0,7.0,2.5,2,5.0,Good,Medium,High School,Low,No,86.0,68.0
Male,20.0,63.0,28.0,7.0,2.5,1,5.0,Good,Medium,High School,Low,No,91.0,65.0
Female,20.0,64.0,16.0,8.0,2.5,3,5.0,Good,Low,High School,High,No,70.0,63.0
Male,20.0,80.0,24.0,7.0,2.5,3,5.0,Good,Medium,Postgraduate,High,No,100.0,72.0
Female,20.0,79.0,19.0,7.0,2.5,1,5.0,Good,Medium,College,High,No,68.0,68.0
Male,20.0,98.0,20.0,7.0,2.5,4,5.0,Good,Medium,High School,Medium,No,90.0,73.0
Female,20.0,98.0,21.0,7.0,2.5,3,5.0,Good,High,College,Medium,No,68.0,71.0
Male,20.0,91.0,22.0,5.0,2.5,2,5.0,Good,Medium,Postgraduate,Low,No,61.0,70.0
Female,20.0,84.0,19.0,7.0,2.5,3,5.0,Good,Low,Postgraduate,Medium,No,67.0,68.0
Male,20.0,78.0,21.0,10.0,2.5,5,5.0,Good,Medium,High School,High,No,60.0,68.0
Female,20.0,74.0,29.0,6.0,2.5,3,5.0,Good,Low,Postgraduate,Low,No,56.0,68.0
Male,20.0,98.0,26.0,6.0,2.5,1,5.0,Good,Medium,Postgraduate,Low,No,68.0,71.0
Male,20.0,84.0,25.0,10.0,2.5,2,5.0,Good,Low,College,Medium,No,57.0,70.0
Male,20.0,83.0,17.0,6.0,2.5,3,5.0,Good,Medium,High School,Medium,No,75.0,67.0
Female,20.0,69.0,15.0,9.0,2.5,3,5.0,Good,Medium,College,High,No,52.0,61.0
Female,20.0,62.0,26.0,7.0,2.5,3,5.0,Good,Low,College,Medium,No,72.0,64.0
Male,20.0,98.0,25.0,7.0,2.5,4,5.0,Good,Medium,Postgraduate,Medium,No,98.0,72.0
Male,20.0,73.0,29.0,7.0,2.5,4,5.0,Good,Low,High School,Low,No,68.0,67.0
Male,20.0,78.0,16.0,8.0,2.5,3,5.0,Good,High,College,Medium,No,57.0,65.0
Female,20.0,65.0,19.0,5.0,2.5,6,5.0,Good,High,College,High,No,65.0,64.0
Female,20.0,93.0,10.0,7.0,2.5,2,5.0,Good,Medium,High School,Low,No,90.0,66.0
Female,20.0,61.0,18.0,6.0,2.5,2,5.0,Good,Medium,High School,Medium,No,66.0,62.0
Male,20.0,93.0,26.0,4.0,2.5,3,5.0,Good,Medium,High School,Low,No,69.0,70.0
Female,20.0,66.0,17.0,9.0,2.5,4,5.0,Good,Medium,High School,Medium,No,89.0,64.0
Female,20.0,95.0,24.0,4.0,2.5,3,5.0,Good,Low,High School,Low,No,63.0,70.0
Female,20.0,89.0,19.0,10.0,2.5,2,5.0,Good,Medium,High School,Low,No,74.0,66.0
Male,20.0,67.0,22.0,8.0,2.5,3,5.0,Good,Medium,High School,Medium,No,53.0,62.0
Female,20.0,83.0,13.0,5.0,2.5,2,5.0,Good,High,High School,Low,No,59.0,63.0
Male,20.0,73.0,21.0,9.0,2.5,3,5.0,Good,High,College,Medium,No,60.0,66.0
Male,20.0,67.0,2.0,6.0,2.5,2,5.0,Good,Low,College,Low,No,73.0,58.0
Male,20.0,94.0,19.0,6.0,2.5,3,5.0,Good,Medium,High School,Low,No,91.0,70.0
Male,20.0,76.0,10.0,4.0,2.5,6,5.0,Good,Medium,College,High,No,68.0,63.0
Male,20.0,76.0,27.0,6.0,2.5,1,5.0,Good,High,High School,Medium,No,69.0,70.0
Male,20.0,67.0,25.0,6.0,2.5,3,5.0,Good,Medium,High School,Low,No,65.0,65.0
Male,20.0,75.0,23.0,8.0,2.5,3,5.0,Good,Medium,High School,Medium,No,66.0,67.0
Female,20.0,95.0,29.0,9.0,2.5,2,5.0,Good,Medium,Postgraduate,Low,No,70.0,73.0
Male,20.0,75.0,14.0,5.0,2.5,3,5.0,Good,Medium,College,Medium,No,95.0,82.0
Male,20.0,98.0,30.0,7.0,2.5,2,5.0,Good,High,High School,Low,No,51.0,71.0
Male,20.0,98.0,26.0,4.0,2.5,4,5.0,Good,Low,Postgraduate,Low,No,81.0,73.0
Female,20.0,66.0,19.0,7.0,2.5,4,5.0,Good,Low,High School,High,No,94.0,65.0
Female,20.0,67.0,27.0,10.0,2.5,3,5.0,Good,Medium,High School,Low,No,71.0,67.0
Male,20.0,95.0,13.0,4.0,2.5,4,5.0,Good,Low,College,Low,No,83.0,67.0
Female,20.0,76.0,15.0,5.0,2.5,4,5.0,Good,Medium,Postgraduate,Medium,No,79.0,69.0
Male,20.0,60.0,16.0,8.0,2.5,3,5.0,Good,Low,High School,Low,No,67.0,61.0
Female,20.0,71.0,17.0,8.0,2.5,4,5.0,Good,Medium,High School,Medium,No,57.0,64.0
Male,20.0,84.0,14.0,6.0,2.5,2,5.0,Good,Low,College,High,No,61.0,64.0
Male,20.0,92.0,27.0,9.0,2.5,2,5.0,Good,Low,College,Low,No,53.0,68.0
Male,20.0,65.0,18.0,6.0,2.5,1,5.0,Good,Medium,College,Medium,No,88.0,62.0
Male,20.0,64.0,22.0,10.0,2.5,3,5.0,Good,High,High School,Medium,No,77.0,66.0
Male,20.0,97.0,17.0,8.0,2.5,4,5.0,Good,Medium,College,Low,No,89.0,70.0
Female,20.0,90.0,9.0,9.0,2.5,3,5.0,Good,Low,High School,Medium,No,65.0,67.0
Female,20.0,84.0,22.0,8.0,2.5,2,5.0,Good,Medium,College,Medium,No,90.0,70.0
Male,20.0,91.0,9.0,8.0,2.5,4,5.0,Good,High,High School,Medium,No,65.0,65.0
Male,20.0,77.0,20.0,8.0,2.5,4,5.0,Good,Medium,College,Medium,No,56.0,65.0
Male,20.0,90.0,12.0,9.0,2.5,3,5.0,Good,Medium,Postgraduate,Medium,No,77.0,70.0
Male,20.0,75.0,32.0,7.0,2.5,3,5.0,Good,High,College,Medium,No,97.0,72.0
Female,20.0,70.0,25.0,6.0,2.5,2,5.0,Good,Low,College,Low,No,71.0,65.0
Male,20.0,89.0,21.0,7.0,2.5,2,5.0,Good,Medium,High School,Medium,No,76.0,71.0
Female,20.0,77.0,28.0,6.0,2.5,3,5.0,Good,Low,College,Medium,No,73.0,71.0
Male,20.0,99.0,15.0,6.0,2.5,5,5.0,Good,High,Postgraduate,High,No,73.0,72.0
Male,20.0,74.0,23.0,9.0,2.5,4,5.0,Good,Low,Postgraduate,Medium,No,61.0,64.0
Male,20.0,97.0,21.0,8.0,2.5,1,5.0,Good,High,College,High,No,71.0,72.0
Male,20.0,97.0,22.0,8.0,2.5,4,5.0,Good,Medium,Postgraduate,Medium,No,75.0,71.0
Male,20.0,70.0,28.0,9.0,2.5,3,5.0,Good,Low,High School,Low,No,87.0,66.0
Female,20.0,92.0,24.0,8.0,2.5,3,5.0,Good,Medium,College,Medium,No,57.0,71.0
Male,20.0,77.0,22.0,10.0,2.5,2,5.0,Good,High,High School,Medium,No,79.0,67.0
Male,20.0,97.0,10.0,4.0,2.5,2,5.0,Good,Low,Postgraduate,Low,No,83.0,69.0
Female,20.0,78.0,14.0,6.0,2.5,5,5.0,Good,High,College,Medium,No,69.0,67.0
Male,20.0,90.0,19.0,6.0,2.5,4,5.0,Good,Medium,Postgraduate,High,No,77.0,71.0
Female,20.0,79.0,21.0,5.0,2.5,2,5.0,Good,Low,High School,High,No,86.0,66.0
Male,20.0,69.0,13.0,7.0,2.5,2,5.0,Good,Low,High School,Medium,No,73.0,62.0
Male,20.0,68.0,34.0,7.0,2.5,2,5.0,Good,High,High School,Medium,No,67.0,67.0
Female,20.0,77.0,29.0,10.0,2.5,4,5.0,Good,High,Postgraduate,Low,No,91.0,70.0
Female,20.0,90.0,24.0,8.0,2.5,3,5.0,Good,High,College,Low,No,99.0,72.0
Male,20.0,84.0,20.0,6.0,2.5,2,5.0,Good,Medium,High School,Medium,No,61.0,69.0
Male,20.0,88.0,19.0,8.0,2.5,3,5.0,Good,High,High School,Medium,No,94.0,70.0
Female,20.0,71.0,14.0,4.0,2.5,3,5.0,Good,Medium,High School,Medium,No,77.0,64.0
Male,20.0,79.0,20.0,7.0,2.5,3,5.0,Good,Low,High School,Medium,No,72.0,65.0
Male,20.0,62.0,22.0,7.0,2.5,2,5.0,Good,Medium,High School,Medium,No,95.0,66.0
Female,20.0,93.0,13.0,6.0,2.5,3,5.0,Good,High,High School,High,No,96.0,68.0
Female,20.0,100.0,22.0,7.0,2.5,3,5.0,Good,Medium,College,Low,No,64.0,72.0
Female,20.0,76.0,19.0,6.0,2.5,3,5.0,Good,Medium,High School,High,No,68.0,65.0
Female,20.0,60.0,9.0,6.0,2.5,2,5.0,Good,Medium,High School,Low,No,93.0,60.0
Female,20.0,67.0,15.0,8.0,2.5,4,5.0,Good,Medium,Postgraduate,High,No,75.0,63.0
Female,20.0,86.0,18.0,9.0,2.5,3,5.0,Good,Low,High School,Low,No,64.0,66.0
Female,20.0,84.0,31.0,8.0,2.5,4,5.0,Good,Low,Postgraduate,Medium,No,98.0,73.0
Male,20.0,92.0,23.0,6.0,2.5,4,5.0,Good,Low,College,Low,No,61.0,71.0
Male,20.0,70.0,12.0,6.0,2.5,2,5.0,Good,Low,High School,Low,No,81.0,59.0
Female,20.0,91.0,23.0,6.0,2.5,3,5.0,Good,Medium,High School,Low,No,71.0,70.0
Female,20.0,88.0,11.0,7.0,2.5,3,5.0,Good,Low,College,Medium,No,73.0,63.0
Male,20.0,73.0,26.0,6.0,2.5,4,5.0,Good,Medium,Postgraduate,Medium,No,55.0,67.0
Male,20.0,82.0,17.0,9.0,2.5,2,5.0,Good,Medium,College,Low,No,63.0,65.0
Female,20.0,66.0,19.0,7.0,2.5,4,5.0,Good,Medium,College,Medium,No,58.0,64.0
Male,20.0,78.0,28.0,8.0,2.5,2,5.0,Good,Low,Postgraduate,Low,No,87.0,71.0
Male,20.0,95.0,12.0,5.0,2.5,2,5.0,Good,Medium,College,High,No,85.0,70.0
Female,20.0,77.0,12.0,6.0,2.5,2,5.0,Good,Medium,High School,Medium,No,90.0,63.0
Female,20.0,94.0,16.0,8.0,2.5,2,5.0,Good,Medium,High School,Low,No,85.0,68.0
Female,20.0,84.0,26.0,8.0,2.5,2,5.0,Good,Medium,College,Medium,No,56.0,67.0
Female,20.0,68.0,11.0,5.0,2.5,4,5.0,Good,Medium,Postgraduate,High,No,99.0,66.0
Male,20.0,83.0,3.0,7.0,2.5,5,5.0,Good,Low,High School,Medium,No,59.0,63.0
Female,20.0,80.0,17.0,7.0,2.5,5,5.0,Good,Medium,College,Medium,No,68.0,65.0
Male,20.0,76.0,23.0,6.0,2.5,3,5.0,Good,Low,High School,Low,No,85.0,66.0
Female,20.0,65.0,27.0,8.0,2.5,4,5.0,Good,Medium,Postgraduate,Low,No,57.0,65.0
Male,20.0,77.0,17.0,5.0,2.5,4,5.0,Good,Medium,High School,Medium,No,59.0,65.0
Male,20.0,63.0,18.0,6.0,2.5,2,5.0,Good,Medium,High School,Medium,No,94.0,63.0
Male,20.0,64.0,27.0,8.0,2.5,3,5.0,Good,Medium,High School,Low,No,67.0,65.0
Male,20.0,77.0,9.0,7.0,2.5,4,5.0,Good,Medium,High School,Low,No,83.0,62.0
Female,20.0,72.0,18.0,7.0,2.5,3,5.0,Good,Medium,College,Medium,No,93.0,66.0
Female,20.0,97.0,21.0,7.0,2.5,3,5.0,Good,Medium,Postgraduate,High,No,99.0,71.0
Female,20.0,75.0,23.0,8.0,2.5,2,5.0,Good,High,High School,Low,No,61.0,64.0
Female,20.0,90.0,17.0,8.0,2.5,4,5.0,Good,Low,College,Medium,No,56.0,67.0
Male,20.0,81.0,20.0,8.0,2.5,3,5.0,Good,Medium,High School,High,No,87.0,68.0
Female,20.0,88.0,5.0,7.0,2.5,3,5.0,Good,Medium,College,Low,No,59.0,63.0
Female,20.0,70.0,16.0,6.0,2.5,3,5.0,Good,High,College,High,No,79.0,64.0
Female,20.0,98.0,23.0,6.0,2.5,1,5.0,Good,Medium,Postgraduate,Low,No,77.0,74.0
Male,20.0,81.0,14.0,5.0,2.5,4,5.0,Good,Medium,Postgraduate,High,No,78.0,68.0
Female,20.0,93.0,20.0,6.0,2.5,3,5.0,Good,Low,High School,Medium,No,82.0,68.0
Female,20.0,75.0,23.0,6.0,2.5,3,5.0,Good,Medium,Postgraduate,Medium,No,93.0,69.0
Male,20.0,64.0,18.0,9.0,2.5,4,5.0,Good,Medium,High School,Low,No,64.0,61.0
Female,20.0,87.0,21.0,5.0,2.5,2,5.0,Good,High,High School,Low,No,78.0,69.0
Female,20.0,60.0,14.0,9.0,2.5,3,5.0,Good,Low,High School,High,No,67.0,61.0
Male,20.0,79.0,19.0,7.0,2.5,3,5.0,Good,Low,High School,High,No,66.0,67.0
Female,20.0,68.0,24.0,7.0,2.5,4,5.0,Good,Medium,High School,Low,No,51.0,63.0
Female,20.0,85.0,21.0,8.0,2.5,3,5.0,Good,Medium,College,Low,No,80.0,68.0
Female,20.0,99.0,16.0,5.0,2.5,5,5.0,Good,Low,College,Low,No,99.0,68.0
Male,20.0,79.0,21.0,6.0,2.5,1,5.0,Good,Low,High School,High,No,88.0,67.0
Female,20.0,93.0,24.0,5.0,2.5,3,5.0,Good,High,College,High,No,62.0,69.0
Male,20.0,80.0,8.0,6.0,2.5,3,5.0,Good,Medium,High School,Low,No,86.0,64.0
Male,20.0,80.0,27.0,6.0,2.5,4,5.0,Good,Low,Postgraduate,Low,No,65.0,67.0
Female,20.0,97.0,18.0,9.0,2.5,3,5.0,Good,Low,High School,High,No,88.0,70.0
Female,20.0,96.0,23.0,6.0,2.5,4,5.0,Good,Low,High School,Low,No,93.0,72.0
Female,20.0,91.0,27.0,4.0,2.5,2,5.0,Good,Medium,High School,High,No,67.0,71.0
Male,20.0,72.0,12.0,6.0,2.5,3,5.0,Good,High,College,Low,No,50.0,62.0
Male,20.0,82.0,16.0,8.0,2.5,5,5.0,Good,High,Postgraduate,Low,No,65.0,67.0
Female,20.0,69.0,18.0,9.0,2.5,2,5.0,Good,Medium,College,Low,No,60.0,64.0
Male,20.0,78.0,15.0,7.0,2.5,2,5.0,Good,Medium,High School,Medium,No,81.0,64.0
Female,20.0,79.0,30.0,6.0,2.5,4,5.0,Good,Medium,Postgraduate,Low,No,65.0,70.0
Female,20.0,93.0,15.0,7.0,2.5,5,5.0,Good,Medium,College,Low,No,52.0,68.0
Female,20.0,96.0,17.0,8.0,2.5,3,5.0,Good,Medium,Postgraduate,Medium,No,77.0,70.0
Male,20.0,77.0,21.0,5.0,2.5,3,5.0,Good,Low,High School,Medium,No,94.0,65.0
Female,20.0,61.0,13.0,7.0,2.5,2,5.0,Good,Low,High School,High,No,73.0,59.0
Female,20.0,94.0,18.0,7.0,2.5,2,5.0,Good,Medium,High School,Medium,No,69.0,69.0
Male,20.0,67.0,22.0,7.0,2.5,3,5.0,Good,High,Postgraduate,Low,No,59.0,67.0
Male,20.0,85.0,18.0,7.0,2.5,4,5.0,Good,Medium,High School,Low,No,69.0,68.0
Male,20.0,61.0,19.0,6.0,2.5,1,5.0,Good,Low,College,Medium,No,67.0,62.0
Male,20.0,76.0,17.0,8.0,2.5,4,5.0,Good,Low,High School,High,No,100.0,65.0
Female,20.0,99.0,11.0,7.0,2.5,5,5.0,Good,Medium,College,High,No,52.0,69.0
Female,20.0,64.0,22.0,7.0,2.5,4,5.0,Good,Medium,Postgraduate,Low,No,62.0,65.0
Female,20.0,77.0,31.0,5.0,2.5,2,5.0,Good,High,High School,Medium,No,53.0,68.0
Male,20.0,72.0,20.0,8.0,2.5,2,5.0,Good,Medium,High School,Low,No,93.0,68.0
Female,20.0,96.0,21.0,6.0,2.5,3,5.0,Good,High,High School,Medium,No,71.0,71.0
Male,20.0,95.0,24.0,9.0,2.5,4,5.0,Good,Medium,High School,Low,No,90.0,71.0
Female,20.0,70.0,12.0,5.0,2.5,3,5.0,Good,High,Postgraduate,High,No,85.0,66.0
Female,20.0,63.0,30.0,8.0,2.5,3,5.0,Good,Medium,Postgraduate,Low,No,96.0,71.0
Female,20.0,85.0,21.0,4.0,2.5,3,5.0,Good,Low,College,Low,No,51.0,66.0
Female,20.0,73.0,30.0,4.0,2.5,4,5.0,Good,Medium,High School,Low,No,60.0,66.0
Female,20.0,87.0,16.0,6.0,2.5,1,5.0,Good,Medium,High School,Medium,No,85.0,69.0
Female,20.0,61.0,31.0,4.0,2.5,3,5.0,Good,Medium,High School,Low,No,79.0,65.0
Female,20.0,65.0,25.0,8.0,2.5,3,5.0,Good,Medium,Postgraduate,Low,No,85.0,66.0
Male,20.0,87.0,23.0,7.0,2.5,2,5.0,Good,Medium,High School,Medium,No,79.0,67.0
Female,20.0,68.0,21.0,9.0,2.5,4,5.0,Good,Low,Postgraduate,High,No,79.0,66.0
Female,20.0,94.0,19.0,7.0,2.5,3,5.0,Good,Medium,High School,Medium,No,97.0,69.0
Male,20.0,62.0,27.0,7.0,2.5,4,5.0,Good,Medium,High School,Low,No,96.0,66.0
Male,20.0,69.0,21.0,7.0,2.5,3,5.0,Good,Low,Postgraduate,Low,No,52.0,64.0
Female,20.0,100.0,8.0,6.0,2.5,2,5.0,Good,Medium,Postgraduate,Low,No,71.0,70.0
Male,20.0,77.0,13.0,6.0,2.5,4,5.0,Good,Low,College,Medium,No,76.0,62.0
Male,20.0,88.0,19.0,5.0,2.5,5,5.0,Good,High,High School,Low,No,68.0,67.0
Female,20.0,67.0,22.0,8.0,2.5,2,5.0,Good,Medium,College,Medium,No,52.0,60.0
Female,20.0,84.0,20.0,7.0,2.5,3,5.0,Good,Low,Postgraduate,High,No,74.0,66.0
Female,20.0,89.0,27.0,7.0,2.5,2,5.0,Good,Medium,High School,Medium,No,99.0,72.0
Male,20.0,73.0,8.0,10.0,2.5,3,5.0,Good,Medium,High School,Medium,No,54.0,63.0
Male,20.0,93.0,21.0,6.0,2.5,3,5.0,Good,Low,Postgraduate,High,No,91.0,69.0
Male,20.0,84.0,9.0,7.0,2.5,3,5.0,Good,High,College,Low,No,60.0,66.0
Male,20.0,76.0,25.0,7.0,2.5,2,5.0,Good,Medium,College,Medium,No,79.0,69.0
Male,20.0,82.0,19.0,9.0,2.5,3,5.0,Good,Low,College,Medium,No,69.0,68.0
Female,20.0,83.0,23.0,7.0,2.5,4,5.0,Good,Medium,High School,Low,No,67.0,66.0
Male,20.0,67.0,15.0,7.0,2.5,2,5.0,Good,Low,Postgraduate,High,No,94.0,63.0
Male,20.0,76.0,28.0,10.0,2.5,3,5.0,Good,High,High School,Medium,No,99.0,70.0
Male,20.0,74.0,26.0,6.0,2.5,4,5.0,Good,Medium,Postgraduate,Low,No,69.0,68.0
Male,20.0,76.0,24.0,7.0,2.5,4,5.0,Good,Medium,College,Medium,No,82.0,68.0
Male,20.0,90.0,19.0,8.0,2.5,3,5.0,Good,Medium,High School,Low,No,78.0,67.0
Male,20.0,79.0,23.0,6.0,2.5,1,5.0,Good,Low,High School,Low,No,54.0,67.0
Female,20.0,98.0,16.0,8.0,2.5,3,5.0,Good,Medium,College,Low,No,52.0,69.0
Male,20.0,72.0,25.0,6.0,2.5,5,5.0,Good,Low,High School,Low,No,89.0,68.0
Male,20.0,77.0,30.0,9.0,2.5,1,5.0,Good,Medium,High School,Medium,No,70.0,67.0
Male,20.0,91.0,26.0,8.0,2.5,2,5.0,Good,Low,High School,Medium,No,65.0,70.0
Male,20.0,82.0,16.0,7.0,2.5,3,5.0,Good,Low,Postgraduate,Medium,No,99.0,70.0
Male,20.0,82.0,22.0,5.0,2.5,2,5.0,Good,Medium,College,Medium,No,54.0,66.0
Male,20.0,62.0,12.0,6.0,2.5,2,5.0,Good,High,High School,Low,No,63.0,61.0
Male,20.0,76.0,23.0,7.0,2.5,2,5.0,Good,Medium,College,Low,No,93.0,68.0
Female,20.0,71.0,23.0,8.0,2.5,2,5.0,Good,Low,Postgraduate,Low,No,71.0,64.0
Male,20.0,100.0,9.0,7.0,2.5,2,5.0,Good,Medium,Postgraduate,Low,No,79.0,66.0
Male,20.0,72.0,13.0,8.0,2.5,4,5.0,Good,Medium,High School,High,No,52.0,65.0
Male,20.0,95.0,18.0,8.0,2.5,6,5.0,Good,Medium,Postgraduate,Medium,No,96.0,73.0
Male,20.0,87.0,18.0,8.0,2.5,4,5.0,Good,Medium,High School,High,No,57.0,66.0
Male,20.0,74.0,13.0,7.0,2.5,3,5.0,Good,Medium,High School,Low,No,61.0,65.0
Male,20.0,82.0,22.0,7.0,2.5,4,5.0,Good,Medium,College,Medium,No,58.0,68.0
Male,20.0,94.0,22.0,7.0,2.5,3,5.0,Good,Low,High School,Low,No,75.0,69.0
Male,20.0,95.0,19.0,6.0,2.5,4,5.0,Good,High,College,Medium,No,91.0,72.0
Male,20.0,66.0,15.0,9.0,2.5,3,5.0,Good,Medium,High School,Medium,No,63.0,63.0
Male,20.0,74.0,26.0,8.0,2.5,1,5.0,Good,Medium,High School,Medium,No,57.0,65.0
Male,20.0,73.0,30.0,9.0,2.5,4,5.0,Good,Low,College,Medium,No,70.0,69.0
Female,20.0,62.0,17.0,6.0,2.5,3,5.0,Good,Medium,High School,Medium,No,99.0,62.0
Female,20.0,84.0,16.0,8.0,2.5,3,5.0,Good,Low,Postgraduate,Medium,No,51.0,66.0
Female,20.0,94.0,23.0,9.0,2.5,2,5.0,Good,Medium,Postgraduate,Low,No,75.0,69.0
Female,20.0,75.0,18.0,9.0,2.5,4,5.0,Good,Medium,Postgraduate,Low,No,83.0,67.0
Female,20.0,90.0,19.0,5.0,2.5,2,5.0,Good,Low,College,Low,No,90.0,94.0
Female,20.0,85.0,24.0,7.0,2.5,2,5.0,Good,High,High School,Medium,No,87.0,71.0
Female,20.0,75.0,9.0,7.0,2.5,4,5.0,Good,Low,High School,Low,No,54.0,61.0
Male,20.0,66.0,28.0,9.0,2.5,2,5.0,Good,Medium,College,Low,No,73.0,68.0
Male,20.0,88.0,20.0,4.0,2.5,4,5.0,Good,Low,High School,High,No,54.0,66.0
Female,20.0,94.0,18.0,5.0,2.5,5,5.0,Good,Medium,High School,High,No,81.0,71.0
Female,20.0,87.0,19.0,9.0,2.5,4,5.0,Good,Low,High School,Low,No,54.0,66.0
Male,20.0,61.0,20.0,6.0,2.5,2,5.0,Good,Medium,Postgraduate,Low,No,52.0,60.0
Female,20.0,69.0,10.0,5.0,2.5,3,5.0,Good,Low,High School,Medium,No,65.0,60.0
Male,20.0,63.0,29.0,9.0,2.5,3,5.0,Good,High,High School,Medium,No,97.0,66.0
Male,20.0,83.0,20.0,5.0,2.5,2,5.0,Good,Medium,College,High,No,85.0,67.0
Male,20.0,90.0,23.0,9.0,2.5,3,5.0,Good,Low,High School,Medium,No,50.0,67.0
Male,20.0,64.0,26.0,5.0,2.5,1,5.0,Good,Medium,High School,High,No,64.0,64.0
Male,20.0,94.0,14.0,5.0,2.5,3,5.0,Good,Medium,College,Medium,No,51.0,66.0
Female,20.0,82.0,23.0,7.0,2.5,3,5.0,Good,High,High School,Medium,No,65.0,68.0
Female,20.0,88.0,18.0,6.0,2.5,3,5.0,Good,Medium,Postgraduate,Medium,No,84.0,70.0
Female,20.0,99.0,25.0,7.0,2.5,4,5.0,Good,Medium,College,Low,No,88.0,75.0
Male,20.0,63.0,7.0,10.0,2.5,2,5.0,Good,Medium,High School,Low,No,90.0,86.0
Female,20.0,96.0,19.0,7.0,2.5,3,5.0,Good,High,College,Medium,No,95.0,73.0
Male,20.0,65.0,16.0,9.0,2.5,3,5.0,Good,Medium,High School,High,No,68.0,61.0
Male,20.0,76.0,23.0,7.0,2.5,6,5.0,Good,Medium,High School,Medium,No,93.0,68.0
Female,20.0,94.0,23.0,8.0,2.5,0,5.0,Good,Medium,College,Low,No,86.0,70.0
Male,20.0,96.0,16.0,4.0,2.5,2,5.0,Good,High,High School,High,No,77.0,71.0
Male,20.0,80.0,16.0,8.0,2.5,4,5.0,Good,High,Postgraduate,Medium,No,98.0,71.0
Male,20.0,84.0,19.0,8.0,2.5,1,5.0,Good,High,College,Medium,No,97.0,68.0
Female,20.0,88.0,15.0,6.0,2.5,4,5.0,Good,Medium,High School,Low,No,95.0,70.0
Male,20.0,93.0,25.0,10.0,2.5,3,5.0,Good,Low,College,Medium,No,60.0,70.0
Female,20.0,65.0,18.0,6.0,2.5,3,5.0,Good,Low,High School,Medium,No,60.0,62.0
Female,20.0,92.0,3.0,5.0,2.5,1,5.0,Good,High,Postgraduate,Medium,No,95.0,67.0
Female,20.0,79.0,18.0,8.0,2.5,3,5.0,Good,High,College,Medium,No,70.0,68.0
Female,20.0,78.0,14.0,5.0,2.5,3,5.0,Good,Medium,Postgraduate,Medium,No,90.0,68.0
Male,20.0,77.0,10.0,7.0,2.5,1,5.0,Good,Low,High School,Low,No,84.0,64.0
Male,20.0,80.0,13.0,9.0,2.5,3,5.0,Good,Medium,Postgraduate,High,No,88.0,68.0
Male,20.0,98.0,21.0,8.0,2.5,3,5.0,Good,Medium,High School,Medium,No,51.0,69.0
Male,20.0,82.0,28.0,7.0,2.5,3,5.0,Good,Low,High School,Medium,No,71.0,70.0
Female,20.0,98.0,22.0,6.0,2.5,4,5.0,Good,Medium,High School,Low,No,93.0,73.0
Male,20.0,67.0,16.0,9.0,2.5,3,5.0,Good,Medium,Postgraduate,High,No,74.0,66.0
Male,20.0,89.0,23.0,5.0,2.5,3,5.0,Good,Low,Postgraduate,Low,No,85.0,68.0
Female,20.0,92.0,17.0,8.0,2.5,3,5.0,Good,High,High School,High,No,88.0,68.0
Female,20.0,87.0,16.0,10.0,2.5,0,5.0,Good,Low,Postgraduate,Medium,No,56.0,65.0
Female,20.0,84.0,13.0,8.0,2.5,3,5.0,Good,High,Postgraduate,Low,No,58.0,66.0
Female,20.0,83.0,9.0,7.0,2.5,1,5.0,Good,Medium,College,Low,No,86.0,62.0
Female,20.0,94.0,18.0,7.0,2.5,2,5.0,Good,Low,High School,Medium,No,53.0,67.0
Female,20.0,93.0,21.0,6.0,2.5,3,5.0,Good,High,Postgraduate,Medium,No,67.0,73.0
Male,20.0,65.0,19.0,6.0,2.5,2,5.0,Good,Medium,Postgraduate,Medium,No,96.0,65.0
Female,20.0,94.0,18.0,7.0,2.5,4,5.0,Good,High,High School,High,No,79.0,70.0
Male,20.0,77.0,14.0,8.0,2.5,2,5.0,Good,Medium,Postgraduate,Medium,No,96.0,68.0
Male,20.0,70.0,24.0,9.0,2.5,3,5.0,Good,Medium,High School,Medium,No,65.0,67.0
Male,20.0,95.0,12.0,4.0,2.5,3,5.0,Good,High,High School,Low,No,82.0,66.0
Female,20.0,77.0,25.0,4.0,2.5,4,5.0,Good,Low,College,Low,No,64.0,65.0
Female,20.0,92.0,14.0,9.0,2.5,4,5.0,Good,Low,High School,Medium,No,56.0,66.0
Male,20.0,71.0,15.0,7.0,2.5,4,5.0,Good,Low,High School,Low,No,100.0,66.0
Male,20.0,60.0,11.0,7.0,2.5,1,5.0,Good,High,College,Low,No,59.0,60.0
Female,20.0,80.0,17.0,8.0,2.5,4,5.0,Good,Medium,College,High,No,59.0,66.0
Female,20.0,64.0,26.0,7.0,2.5,4,5.0,Good,Low,College,Low,No,92.0,68.0
Male,20.0,90.0,23.0,10.0,2.5,5,5.0,Good,Low,High School,Low,No,90.0,72.0
Male,20.0,71.0,26.0,8.0,2.5,3,5.0,Good,Medium,College,Medium,No,99.0,68.0
Female,20.0,78.0,23.0,6.0,2.5,3,5.0,Good,High,Postgraduate,Low,No,54.0,67.0
Male,20.0,63.0,13.0,6.0,2.5,4,5.0,Good,High,Postgraduate,Medium,No,55.0,62.0
Female,20.0,71.0,18.0,7.0,2.5,5,5.0,Good,High,College,High,No,72.0,66.0
Male,20.0,91.0,15.0,6.0,2.5,3,5.0,Good,Medium,Postgraduate,Low,No,80.0,69.0
Male,20.0,66.0,28.0,10.0,2.5,3,5.0,Good,Low,High School,Low,No,52.0,64.0
Male,20.0,86.0,13.0,7.0,2.5,3,5.0,Good,Medium,High School,Medium,No,58.0,63.0
Male,20.0,97.0,25.0,5.0,2.5,2,5.0,Good,Medium,High School,High,No,85.0,74.0
Male,20.0,87.0,25.0,8.0,2.5,4,5.0,Good,Medium,College,Medium,No,83.0,72.0
Male,20.0,92.0,31.0,9.0,2.5,3,5.0,Good,Medium,College,Low,No,54.0,71.0
Female,20.0,64.0,18.0,9.0,2.5,3,5.0,Good,Medium,High School,Medium,No,97.0,64.0
Male,20.0,70.0,24.0,6.0,2.5,3,5.0,Good,Low,High School,Low,No,63.0,65.0
Female,20.0,96.0,34.0,5.0,2.5,5,5.0,Good,High,High School,Medium,No,94.0,75.0
Male,20.0,89.0,16.0,9.0,2.5,3,5.0,Good,Medium,College,Medium,No,96.0,69.0
Female,20.0,86.0,11.0,5.0,2.5,4,5.0,Good,Medium,Postgraduate,Medium,No,75.0,65.0
Male,20.0,87.0,9.0,8.0,2.5,1,5.0,Good,Low,College,Low,No,71.0,60.0
Male,20.0,77.0,24.0,6.0,2.5,4,5.0,Good,Medium,High School,High,No,64.0,69.0
Male,20.0,62.0,9.0,9.0,2.5,4,5.0,Good,High,College,High,No,90.0,65.0
Male,20.0,91.0,18.0,5.0,2.5,4,5.0,Good,Low,High School,High,No,60.0,67.0
Female,20.0,87.0,23.0,6.0,2.5,2,5.0,Good,Low,High School,Medium,No,81.0,70.0
Female,20.0,79.0,21.0,8.0,2.5,4,5.0,Good,Low,College,Low,No,78.0,66.0
Female,20.0,96.0,23.0,8.0,2.5,4,5.0,Good,Medium,High School,Low,No,62.0,69.0
Male,20.0,73.0,21.0,9.0,2.5,3,5.0,Good,Medium,Postgraduate,Medium,No,99.0,69.0
Female,20.0,72.0,28.0,8.0,2.5,2,5.0,Good,Low,High School,Medium,No,92.0,68.0
Female,20.0,95.0,14.0,8.0,2.5,4,5.0,Good,Medium,College,Medium,No,51.0,70.0
Female,20.0,92.0,16.0,9.0,2.5,2,5.0,Good,High,High School,Low,No,71.0,66.0
Female,20.0,81.0,15.0,5.0,2.5,3,5.0,Good,Low,High School,Medium,No,68.0,65.0
Male,20.0,65.0,25.0,6.0,2.5,4,5.0,Good,Medium,College,Low,No,94.0,65.0
Male,20.0,69.0,25.0,5.0,2.5,2,5.0,Good,Medium,High School,High,No,63.0,65.0
Male,20.0,86.0,23.0,4.0,2.5,3,5.0,Good,Medium,Postgraduate,Low,No,100.0,69.0
Female,20.0,75.0,27.0,8.0,2.5,2,5.0,Good,Medium,Postgraduate,Medium,No,60.0,69.0
Male,20.0,93.0,13.0,9.0,2.5,3,5.0,Good,Low,High School,Low,No,62.0,65.0
Female,20.0,98.0,30.0,8.0,2.5,3,5.0,Good,High,High School,Low,No,83.0,76.0
Male,20.0,92.0,29.0,8.0,2.5,3,5.0,Good,Low,College,Medium,No,58.0,72.0
Male,20.0,75.0,24.0,7.0,2.5,4,5.0,Good,Medium,High School,Medium,No,94.0,67.0
Male,20.0,92.0,31.0,7.0,2.5,3,5.0,Good,Medium,High School,Low,No,55.0,74.0
Male,20.0,74.0,10.0,10.0,2.5,3,5.0,Good,High,College,Medium,No,99.0,66.0
Female,20.0,67.0,17.0,9.0,2.5,3,5.0,Good,Medium,High School,Low,No,94.0,66.0
Male,20.0,61.0,16.0,6.0,2.5,3,5.0,Good,High,High School,High,No,92.0,66.0
Female,20.0,75.0,24.0,9.0,2.5,5,5.0,Good,High,College,High,No,70.0,71.0
Male,20.0,96.0,14.0,9.0,2.5,3,5.0,Good,Medium,High School,Low,No,76.0,66.0
Male,20.0,70.0,25.0,8.0,2.5,2,5.0,Good,High,Postgraduate,Low,No,73.0,65.0
Female,20.0,68.0,28.0,8.0,2.5,3,5.0,Good,Medium,High School,High,No,99.0,69.0
Male,20.0,99.0,24.0,8.0,2.5,2,5.0,Good,Low,High School,Low,No,52.0,69.0
Female,20.0,61.0,22.0,5.0,2.5,2,5.0,Good,Low,High School,Low,No,69.0,63.0
Female,20.0,91.0,14.0,5.0,2.5,3,5.0,Good,High,High School,High,No,98.0,68.0
Female,20.0,73.0,15.0,8.0,2.5,3,5.0,Good,Medium,High School,High,No,68.0,64.0
Male,20.0,61.0,27.0,5.0,2.5,2,5.0,Good,Medium,College,Low,No,70.0,64.0
Male,20.0,97.0,25.0,5.0,2.5,5,5.0,Good,High,College,Low,No,82.0,73.0
Female,20.0,66.0,20.0,4.0,2.5,2,5.0,Good,High,High School,High,No,95.0,66.0
Female,20.0,82.0,17.0,6.0,2.5,3,5.0,Good,Low,High School,Low,No,65.0,67.0
Female,20.0,71.0,8.0,8.0,2.5,1,5.0,Good,Medium,High School,Medium,No,97.0,63.0
Male,20.0,63.0,14.0,8.0,2.5,3,5.0,Good,High,High School,Low,No,64.0,61.0
Male,20.0,62.0,31.0,8.0,2.5,4,5.0,Good,High,High School,High,No,91.0,71.0
Female,20.0,65.0,12.0,6.0,2.5,3,5.0,Good,Medium,College,Medium,No,64.0,61.0
Female,20.0,63.0,21.0,7.0,2.5,3,5.0,Good,Low,College,Medium,No,54.0,62.0
Male,20.0,90.0,26.0,8.0,2.5,4,5.0,Good,Medium,High School,High,No,91.0,74.0
Male,20.0,79.0,12.0,8.0,2.5,4,5.0,Good,Medium,High School,Medium,No,73.0,65.0
Female,20.0,74.0,21.0,6.0,2.5,3,5.0,Good,Low,High School,Low,No,70.0,64.0
Male,20.0,77.0,26.0,7.0,2.5,4,5.0,Good,Medium,Postgraduate,Medium,No,71.0,66.0
Male,20.0,97.0,20.0,4.0,2.5,2,5.0,Good,Medium,High School,Medium,No,81.0,72.0
Male,20.0,96.0,37.0,7.0,2.5,4,5.0,Good,Medium,High School,Medium,No,63.0,76.0
Male,20.0,89.0,10.0,6.0,2.5,3,5.0,Good,Medium,Postgraduate,Low,No,62.0,67.0
Female,20.0,95.0,26.0,9.0,2.5,3,5.0,Good,Low,High School,Low,No,74.0,71.0
Male,20.0,73.0,19.0,6.0,2.5,3,5.0,Good,Medium,High School,Medium,No,52.0,65.0
Male,20.0,75.0,25.0,7.0,2.5,4,5.0,Good,Medium,Postgraduate,Medium,No,82.0,68.0
Male,20.0,85.0,23.0,6.0,2.5,3,5.0,Good,Low,High School,Low,No,91.0,68.0
Male,20.0,85.0,16.0,6.0,2.5,2,5.0,Good,Low,High School,High,No,86.0,67.0
Female,20.0,79.0,21.0,8.0,2.5,2,5.0,Good,Medium,High School,Low,No,73.0,64.0
Male,20.0,76.0,9.0,6.0,2.5,4,5.0,Good,Low,Postgraduate,Medium,No,78.0,60.0
Male,20.0,99.0,24.0,10.0,2.5,3,5.0,Good,Low,High School,Low,No,51.0,70.0
Male,20.0,93.0,22.0,4.0,2.5,2,5.0,Good,High,College,High,No,96.0,73.0
Male,20.0,77.0,24.0,8.0,2.5,3,5.0,Good,Low,High School,High,No,78.0,69.0
Male,20.0,89.0,26.0,7.0,2.5,5,5.0,Good,Medium,College,Low,No,66.0,70.0
Male,20.0,71.0,22.0,7.0,2.5,3,5.0,Good,Low,College,Low,No,65.0,64.0
Female,20.0,64.0,21.0,7.0,2.5,3,5.0,Good,High,High School,Low,No,83.0,64.0
Male,20.0,74.0,15.0,8.0,2.5,3,5.0,Good,Medium,College,High,No,79.0,65.0
Female,20.0,76.0,16.0,7.0,2.5,2,5.0,Good,Low,College,Low,No,59.0,62.0
Male,20.0,61.0,27.0,9.0,2.5,2,5.0,Good,Medium,High School,Medium,No,70.0,64.0
Male,20.0,93.0,29.0,7.0,2.5,3,5.0,Good,Medium,College,High,No,84.0,72.0
Male,20.0,74.0,19.0,5.0,2.5,3,5.0,Good,High,High School,Low,No,65.0,64.0
Female,20.0,83.0,20.0,7.0,2.5,4,5.0,Good,Medium,High School,Medium,No,75.0,67.0
Male,20.0,63.0,15.0,9.0,2.5,3,5.0,Good,Low,College,High,No,63.0,64.0
Male,20.0,67.0,27.0,6.0,2.5,2,5.0,Good,Medium,High School,Medium,No,54.0,61.0
Male,20.0,96.0,24.0,5.0,2.5,4,5.0,Good,Medium,High School,Low,No,69.0,72.0
Male,20.0,84.0,32.0,8.0,2.5,1,5.0,Good,Medium,High School,Medium,No,87.0,70.0
Female,20.0,98.0,15.0,8.0,2.5,2,5.0,Good,Medium,High School,Low,No,61.0,70.0
Male,20.0,100.0,18.0,6.0,2.5,2,5.0,Good,Medium,College,Medium,No,88.0,71.0
Female,20.0,75.0,21.0,7.0,2.5,2,5.0,Good,Low,College,Medium,No,83.0,68.0
Female,20.0,72.0,24.0,7.0,2.5,2,5.0,Good,Medium,College,High,No,75.0,68.0
Male,20.0,94.0,19.0,7.0,2.5,1,5.0,Good,Medium,High School,Low,No,99.0,70.0
Male,20.0,100.0,15.0,8.0,2.5,3,5.0,Good,High,College,Medium,No,94.0,73.0
Female,20.0,85.0,25.0,6.0,2.5,1,5.0,Good,Low,High School,Medium,No,78.0,69.0
Male,20.0,92.0,24.0,8.0,2.5,3,5.0,Good,High,High School,Medium,No,78.0,71.0
Male,20.0,91.0,15.0,6.0,2.5,3,5.0,Good,Low,High School,Low,No,64.0,64.0
Female,20.0,74.0,28.0,9.0,2.5,3,5.0,Good,Low,High School,Medium,No,96.0,68.0
Female,20.0,83.0,27.0,10.0,2.5,4,5.0,Good,Medium,High School,High,No,95.0,69.0
Female,20.0,93.0,21.0,6.0,2.5,2,5.0,Good,Medium,High School,Low,No,87.0,70.0
Female,20.0,88.0,20.0,5.0,2.5,4,5.0,Good,Medium,High School,Low,No,56.0,67.0
Male,20.0,61.0,23.0,8.0,2.5,0,5.0,Good,Medium,High School,Medium,No,85.0,66.0
Male,20.0,73.0,15.0,7.0,2.5,5,5.0,Good,Medium,Postgraduate,Medium,No,63.0,65.0
Male,20.0,66.0,20.0,8.0,2.5,3,5.0,Good,Low,College,Medium,No,59.0,66.0
Female,20.0,69.0,7.0,6.0,2.5,4,5.0,Good,Medium,Postgraduate,Low,No,88.0,61.0
Female,20.0,96.0,25.0,7.0,2.5,2,5.0,Good,Medium,High School,Low,No,98.0,71.0
Male,20.0,61.0,11.0,6.0,2.5,3,5.0,Good,Medium,High School,High,No,55.0,60.0
Male,20.0,69.0,29.0,7.0,2.5,2,5.0,Good,Medium,College,Low,No,58.0,66.0
Male,20.0,72.0,18.0,5.0,2.5,4,5.0,Good,Low,College,Medium,No,61.0,61.0
Female,20.0,85.0,19.0,7.0,2.5,3,5.0,Good,High,High School,Medium,No,98.0,68.0
Male,20.0,81.0,16.0,5.0,2.5,3,5.0,Good,High,College,Low,No,85.0,68.0
Male,20.0,69.0,18.0,6.0,2.5,4,5.0,Good,Medium,High School,Low,No,84.0,65.0
Female,20.0,67.0,29.0,7.0,2.5,1,5.0,Good,Medium,High School,Low,No,75.0,65.0
Female,20.0,69.0,5.0,8.0,2.5,2,5.0,Good,Medium,College,Low,No,77.0,60.0
Male,20.0,80.0,28.0,8.0,2.5,2,5.0,Good,Low,College,Low,No,65.0,67.0
Female,20.0,71.0,22.0,8.0,2.5,4,5.0,Good,Medium,College,Low,No,58.0,65.0
Male,20.0,98.0,13.0,5.0,2.5,3,5.0,Good,High,High School,High,No,89.0,70.0
Male,20.0,79.0,14.0,9.0,2.5,4,5.0,Good,Medium,High School,Medium,No,74.0,64.0
Male,20.0,62.0,30.0,6.0,2.5,4,5.0,Good,Medium,High School,Low,No,63.0,68.0
Female,20.0,89.0,14.0,6.0,2.5,4,5.0,Good,High,College,Medium,No,82.0,69.0
Female,20.0,73.0,13.0,7.0,2.5,3,5.0,Good,High,College,High,No,60.0,65.0
Male,20.0,86.0,27.0,6.0,2.5,3,5.0,Good,Medium,High School,High,No,74.0,71.0
Female,20.0,71.0,22.0,8.0,2.5,4,5.0,Good,Low,High School,Medium,No,60.0,65.0
Male,20.0,83.0,14.0,8.0,2.5,2,5.0,Good,Low,High School,High,No,88.0,65.0
Female,20.0,91.0,21.0,6.0,2.5,2,5.0,Good,High,College,Medium,No,66.0,68.0
Female,20.0,97.0,14.0,7.0,2.5,3,5.0,Good,High,High School,Low,No,72.0,66.0
Male,20.0,70.0,27.0,7.0,2.5,3,5.0,Good,Medium,High School,High,No,88.0,65.0
Male,20.0,73.0,26.0,8.0,2.5,4,5.0,Good,Low,College,Medium,No,83.0,71.0
Female,20.0,79.0,23.0,6.0,2.5,4,5.0,Good,Medium,Postgraduate,Medium,No,70.0,68.0
Male,20.0,97.0,22.0,6.0,2.5,2,5.0,Good,Medium,College,High,No,54.0,70.0
Female,20.0,96.0,31.0,5.0,2.5,2,5.0,Good,Low,College,Low,No,96.0,74.0
Male,20.0,64.0,20.0,6.0,2.5,2,5.0,Good,High,High School,Low,No,50.0,62.0
Female,20.0,65.0,13.0,5.0,2.5,2,5.0,Good,Low,High School,Medium,No,87.0,61.0
Male,20.0,80.0,23.0,6.0,2.5,3,5.0,Good,Medium,High School,Medium,No,97.0,70.0
Male,20.0,64.0,33.0,9.0,2.5,2,5.0,Good,Medium,College,Medium,No,65.0,65.0
Male,20.0,74.0,14.0,8.0,2.5,2,5.0,Good,High,High School,Low,No,54.0,62.0
Female,20.0,66.0,18.0,9.0,2.5,4,5.0,Good,Medium,High School,High,No,62.0,65.0
Male,20.0,85.0,22.0,6.0,2.5,4,5.0,Good,Low,College,Low,No,66.0,68.0
Male,20.0,98.0,20.0,4.0,2.5,1,5.0,Good,Medium,High School,Medium,No,73.0,70.0
Female,20.0,100.0,14.0,7.0,2.5,3,5.0,Good,Low,Postgraduate,Medium,No,76.0,68.0
Female,20.0,75.0,27.0,10.0,2.5,6,5.0,Good,Medium,Postgraduate,Medium,No,86.0,69.0
Male,20.0,84.0,34.0,6.0,2.5,3,5.0,Good,Medium,Postgraduate,Low,No,95.0,73.0
Female,20.0,94.0,21.0,7.0,2.5,5,5.0,Good,Medium,College,Medium,No,73.0,71.0
Female,20.0,65.0,15.0,5.0,2.5,4,5.0,Good,Medium,High School,Low,No,87.0,63.0
Male,20.0,88.0,11.0,7.0,2.5,2,5.0,Good,Low,College,Medium,No,56.0,66.0
Male,20.0,76.0,22.0,7.0,2.5,4,5.0,Good,Low,Postgraduate,Low,No,66.0,67.0
Female,20.0,68.0,27.0,4.0,2.5,1,5.0,Good,Medium,High School,Low,No,56.0,64.0
Female,20.0,76.0,23.0,5.0,2.5,3,5.0,Good,Medium,High School,Medium,No,85.0,66.0
Male,20.0,63.0,20.0,5.0,2.5,3,5.0,Good,Medium,College,High,No,95.0,69.0
Male,20.0,88.0,16.0,5.0,2.5,6,5.0,Good,High,College,Medium,No,94.0,72.0
Male,20.0,70.0,13.0,6.0,2.5,4,5.0,Good,Medium,High School,Medium,No,66.0,63.0
Female,20.0,72.0,25.0,8.0,2.5,2,5.0,Good,Medium,High School,Low,No,62.0,67.0
Male,20.0,65.0,25.0,6.0,2.5,4,5.0,Good,Medium,College,Medium,No,64.0,64.0
Male,20.0,95.0,11.0,9.0,2.5,4,5.0,Good,High,High School,Low,No,64.0,68.0
Female,20.0,80.0,30.0,6.0,2.5,3,5.0,Good,High,High School,High,No,54.0,71.0
Female,20.0,83.0,23.0,7.0,2.5,4,5.0,Good,Medium,High School,Medium,No,57.0,67.0
Male,20.0,83.0,28.0,8.0,2.5,5,5.0,Good,Medium,Postgraduate,Low,No,61.0,67.0
Male,20.0,76.0,12.0,9.0,2.5,3,5.0,Good,Medium,College,Medium,No,50.0,64.0
Male,20.0,68.0,12.0,6.0,2.5,3,5.0,Good,Low,College,High,No,52.0,63.0
Male,20.0,90.0,19.0,8.0,2.5,4,5.0,Good,Medium,College,Medium,No,85.0,72.0
Female,20.0,65.0,23.0,6.0,2.5,2,5.0,Good,Low,High School,Low,No,81.0,63.0
Female,20.0,64.0,31.0,10.0,2.5,4,5.0,Good,Low,High School,Medium,No,97.0,67.0
Male,20.0,88.0,24.0,5.0,2.5,2,5.0,Good,Medium,Postgraduate,Low,No,70.0,68.0
Male,20.0,68.0,19.0,8.0,2.5,3,5.0,Good,High,College,Low,No,72.0,64.0
Male,20.0,72.0,14.0,9.0,2.5,3,5.0,Good,Medium,Postgraduate,Medium,No,53.0,65.0
Female,20.0,79.0,27.0,5.0,2.5,1,5.0,Good,High,Postgraduate,Medium,No,58.0,68.0
Male,20.0,78.0,14.0,8.0,2.5,4,5.0,Good,Medium,High School,Low,No,85.0,66.0
Female,20.0,88.0,30.0,6.0,2.5,5,5.0,Good,High,College,Low,No,62.0,73.0
Female,20.0,85.0,18.0,10.0,2.5,3,5.0,Good,Medium,High School,High,No,89.0,68.0
Male,20.0,86.0,30.0,4.0,2.5,5,5.0,Good,High,Postgraduate,Medium,No,85.0,72.0
Female,20.0,89.0,24.0,5.0,2.5,0,5.0,Good,Medium,High School,High,No,87.0,70.0
Female,20.0,72.0,19.0,5.0,2.5,4,5.0,Good,High,College,Low,No,85.0,66.0
Female,20.0,73.0,17.0,5.0,2.5,1,5.0,Good,High,College,Medium,No,85.0,66.0
Female,20.0,78.0,18.0,8.0,2.5,4,5.0,Good,Medium,College,Medium,No,77.0,66.0
Male,20.0,72.0,23.0,10.0,2.5,2,5.0,Good,Low,High School,Low,No,84.0,65.0
Male,20.0,99.0,20.0,9.0,2.5,5,5.0,Good,High,College,Low,No,76.0,71.0
Female,20.0,93.0,16.0,7.0,2.5,1,5.0,Good,Medium,High School,Medium,No,60.0,66.0
Female,20.0,67.0,19.0,7.0,2.5,4,5.0,Good,High,College,Medium,No,61.0,63.0
Female,20.0,60.0,20.0,6.0,2.5,3,5.0,Good,Medium,Postgraduate,Low,No,70.0,63.0
Male,20.0,62.0,7.0,8.0,2.5,3,5.0,Good,Low,College,Medium,No,51.0,58.0
Female,20.0,70.0,23.0,7.0,2.5,3,5.0,Good,Low,High School,Medium,No,94.0,68.0
Male,20.0,65.0,14.0,7.0,2.5,3,5.0,Good,Medium,High School,Low,No,63.0,61.0
Male,20.0,81.0,13.0,6.0,2.5,4,5.0,Good,Low,High School,Low,No,53.0,65.0
Male,20.0,94.0,10.0,5.0,2.5,3,5.0,Good,Medium,High School,High,No,71.0,67.0
Male,20.0,89.0,9.0,7.0,2.5,3,5.0,Good,Medium,Postgraduate,High,No,91.0,67.0
Male,20.0,69.0,12.0,7.0,2.5,4,5.0,Good,Medium,High School,Medium,No,70.0,62.0
Female,20.0,76.0,16.0,6.0,2.5,1,5.0,Good,High,High School,Low,No,63.0,86.0
Male,20.0,80.0,32.0,6.0,2.5,5,5.0,Good,Low,College,Medium,No,77.0,71.0
Male,20.0,92.0,17.0,8.0,2.5,3,5.0,Good,Medium,Postgraduate,Low,No,79.0,70.0
Male,20.0,94.0,21.0,8.0,2.5,3,5.0,Good,Medium,College,Medium,No,88.0,71.0
Male,20.0,96.0,22.0,10.0,2.5,3,5.0,Good,High,College,Low,No,90.0,71.0
Female,20.0,80.0,21.0,9.0,2.5,3,5.0,Good,Low,College,High,No,85.0,70.0
Male,20.0,88.0,20.0,5.0,2.5,5,5.0,Good,Medium,High School,Low,No,50.0,67.0
Male,20.0,64.0,13.0,7.0,2.5,4,5.0,Good,High,High School,Medium,No,50.0,60.0
Female,20.0,83.0,29.0,5.0,2.5,4,5.0,Good,Medium,College,Medium,No,99.0,73.0
Female,20.0,70.0,31.0,4.0,2.5,2,5.0,Good,High,High School,Medium,No,63.0,67.0
Female,20.0,77.0,10.0,10.0,2.5,3,5.0,Good,High,College,Low,No,64.0,62.0
Female,20.0,85.0,14.0,9.0,2.5,3,5.0,Good,High,College,Medium,No,87.0,67.0
Female,20.0,70.0,18.0,6.0,2.5,2,5.0,Good,Medium,College,Medium,No,79.0,65.0
Male,20.0,62.0,14.0,9.0,2.5,6,5.0,Good,Medium,High School,Low,No,73.0,61.0
Female,20.0,60.0,23.0,9.0,2.5,4,5.0,Good,Low,High School,Low,No,56.0,61.0
Female,20.0,61.0,16.0,4.0,2.5,2,5.0,Good,Low,High School,Low,No,54.0,60.0
Male,20.0,60.0,33.0,8.0,2.5,3,5.0,Good,Low,High School,Low,No,85.0,68.0
Female,20.0,64.0,27.0,6.0,2.5,5,5.0,Good,Low,College,Low,No,56.0,65.0
Female,20.0,70.0,21.0,8.0,2.5,1,5.0,Good,Low,Postgraduate,Medium,No,72.0,67.0
Male,20.0,69.0,26.0,10.0,2.5,2,5.0,Good,Low,Postgraduate,Medium,No,87.0,67.0
Male,20.0,99.0,27.0,9.0,2.5,2,5.0,Good,Low,College,High,No,96.0,74.0
Female,20.0,72.0,17.0,7.0,2.5,2,5.0,Good,Low,High School,Medium,No,94.0,64.0
Male,20.0,65.0,15.0,9.0,2.5,3,5.0,Good,Low,College,Low,No,93.0,64.0
Male,20.0,82.0,20.0,4.0,2.5,3,5.0,Good,Medium,High School,Low,No,68.0,67.0
Female,20.0,94.0,25.0,8.0,2.5,3,5.0,Good,High,High School,Medium,No,96.0,74.0
Male,20.0,87.0,21.0,8.0,2.5,2,5.0,Good,High,College,Low,No,84.0,69.0
Male,20.0,72.0,11.0,8.0,2.5,2,5.0,Good,High,High School,Low,No,94.0,62.0
Female,20.0,82.0,15.0,6.0,2.5,2,5.0,Good,Medium,College,Medium,No,54.0,66.0
Female,20.0,89.0,20.0,8.0,2.5,3,5.0,Good,Low,College,Medium,No,52.0,69.0
Male,20.0,89.0,20.0,8.0,2.5,1,5.0,Good,Medium,Postgraduate,Medium,No,71.0,68.0
Female,20.0,87.0,32.0,4.0,2.5,2,5.0,Good,Medium,High School,High,No,91.0,74.0
Male,20.0,95.0,12.0,7.0,2.5,3,5.0,Good,Medium,High School,Medium,No,70.0,68.0
Male,20.0,95.0,23.0,6.0,2.5,3,5.0,Good,High,High School,Medium,No,94.0,73.0
Male,20.0,83.0,29.0,8.0,2.5,5,5.0,Good,Low,College,High,No,62.0,70.0
Female,20.0,77.0,34.0,9.0,2.5,4,5.0,Good,Medium,High School,Medium,No,52.0,69.0
Male,20.0,86.0,18.0,6.0,2.5,2,5.0,Good,Medium,College,Medium,No,88.0,68.0
Male,20.0,93.0,23.0,5.0,2.5,1,5.0,Good,High,College,Low,No,81.0,71.0
Female,20.0,60.0,23.0,7.0,2.5,2,5.0,Good,Low,College,High,No,72.0,64.0
Male,20.0,100.0,21.0,5.0,2.5,3,5.0,Good,Low,Postgraduate,Low,No,92.0,71.0
Female,20.0,67.0,19.0,7.0,2.5,3,5.0,Good,Medium,High School,Low,No,91.0,65.0
Male,20.0,79.0,23.0,7.0,2.5,3,5.0,Good,High,Postgraduate,High,No,66.0,68.0
Female,20.0,95.0,5.0,8.0,2.5,2,5.0,Good,Low,College,Low,No,92.0,67.0
Male,20.0,69.0,24.0,7.0,2.5,4,5.0,Good,Medium,Postgraduate,Medium,No,67.0,67.0
Male,20.0,79.0,21.0,7.0,2.5,4,5.0,Good,Low,High School,Medium,No,81.0,67.0
Male,20.0,65.0,19.0,9.0,2.5,3,5.0,Good,Low,Postgraduate,Low,No,60.0,63.0
Female,20.0,76.0,32.0,7.0,2.5,3,5.0,Good,Medium,High School,Medium,No,63.0,68.0
Female,20.0,67.0,16.0,6.0,2.5,3,5.0,Good,Medium,Postgraduate,Low,No,72.0,66.0
Male,20.0,75.0,18.0,7.0,2.5,4,5.0,Good,High,High School,High,No,66.0,67.0
Female,20.0,75.0,32.0,6.0,2.5,2,5.0,Good,Medium,College,Medium,No,56.0,68.0
Male,20.0,100.0,15.0,5.0,2.5,3,5.0,Good,Medium,Postgraduate,High,No,74.0,72.0
Female,20.0,100.0,17.0,5.0,2.5,3,5.0,Good,Low,Postgraduate,Low,No,76.0,70.0
Female,20.0,65.0,19.0,9.0,2.5,4,5.0,Good,Low,High School,Medium,No,58.0,62.0
Female,20.0,89.0,25.0,6.0,2.5,2,5.0,Good,Medium,College,Low,No,59.0,69.0
Female,20.0,62.0,21.0,7.0,2.5,4,5.0,Good,Low,High School,Low,No,51.0,61.0
Female,20.0,61.0,12.0,7.0,2.5,2,5.0,Good,Low,High School,Low,No,52.0,58.0
Male,20.0,64.0,17.0,7.0,2.5,3,5.0,Good,Medium,High School,Medium,No,68.0,63.0
Female,20.0,99.0,16.0,9.0,2.5,3,5.0,Good,High,College,Medium,No,57.0,71.0
Female,20.0,98.0,20.0,7.0,2.5,3,5.0,Good,Low,College,Low,No,96.0,70.0
Female,20.0,68.0,23.0,6.0,2.5,3,5.0,Good,Medium,High School,Low,No,60.0,64.0
Male,20.0,66.0,23.0,6.0,2.5,1,5.0,Good,Low,College,Medium,No,53.0,63.0
Male,20.0,70.0,9.0,8.0,2.5,3,5.0,Good,Low,College,Medium,No,70.0,63.0
Female,20.0,81.0,26.0,8.0,2.5,5,5.0,Good,High,Postgraduate,Low,No,60.0,71.0
Female,20.0,83.0,22.0,8.0,2.5,2,5.0,Good,Medium,Postgraduate,Low,No,53.0,65.0
Male,20.0,69.0,28.0,7.0,2.5,2,5.0,Good,Low,High School,Low,No,88.0,68.0
Male,20.0,90.0,23.0,5.0,2.5,3,5.0,Good,High,High School,Medium,No,78.0,70.0
Female,20.0,72.0,27.0,8.0,2.5,3,5.0,Good,Medium,High School,Medium,No,53.0,68.0
Male,20.0,97.0,23.0,7.0,2.5,1,5.0,Good,Medium,High School,Low,No,73.0,69.0
Male,20.0,86.0,28.0,7.0,2.5,5,5.0,Good,Medium,College,Medium,No,52.0,70.0
Male,20.0,77.0,23.0,5.0,2.5,3,5.0,Good,Low,High School,High,No,68.0,67.0
Female,20.0,92.0,19.0,6.0,2.5,2,5.0,Good,Medium,High School,Medium,No,68.0,69.0
Female,20.0,93.0,34.0,6.0,2.5,3,5.0,Good,Low,High School,High,No,91.0,73.0
Male,20.0,72.0,25.0,8.0,2.5,3,5.0,Good,Low,Postgraduate,Medium,No,87.0,68.0
Female,20.0,74.0,23.0,8.0,2.5,2,5.0,Good,Medium,College,Low,No,95.0,67.0
Female,20.0,97.0,12.0,7.0,2.5,4,5.0,Good,Low,College,Low,No,57.0,67.0
Male,20.0,67.0,12.0,8.0,2.5,3,5.0,Good,Medium,College,Low,No,77.0,64.0
Male,20.0,62.0,22.0,9.0,2.5,2,5.0,Good,Medium,High School,Low,No,51.0,63.0
Female,20.0,78.0,21.0,8.0,2.5,5,5.0,Good,Medium,Postgraduate,Medium,No,91.0,67.0
Male,20.0,92.0,16.0,8.0,2.5,2,5.0,Good,Medium,High School,Medium,No,68.0,70.0
Female,20.0,91.0,21.0,6.0,2.5,3,5.0,Good,High,Postgraduate,Medium,No,53.0,71.0
Male,20.0,97.0,30.0,6.0,2.5,2,5.0,Good,High,College,Medium,No,66.0,74.0
Male,20.0,81.0,24.0,9.0,2.5,3,5.0,Good,High,High School,High,No,64.0,70.0
Female,20.0,64.0,13.0,6.0,2.5,2,5.0,Good,Medium,College,Medium,No,88.0,59.0
Male,20.0,84.0,19.0,8.0,2.5,3,5.0,Good,Medium,High School,Low,No,56.0,64.0
Female,20.0,91.0,15.0,10.0,2.5,3,5.0,Good,Low,High School,Medium,No,78.0,67.0
Male,20.0,64.0,18.0,8.0,2.5,3,5.0,Good,Medium,High School,Low,No,90.0,63.0
Male,20.0,67.0,18.0,7.0,2.5,2,5.0,Good,Medium,College,Low,No,87.0,66.0
Male,20.0,60.0,17.0,5.0,2.5,4,5.0,Good,Medium,College,Medium,No,97.0,62.0
Male,20.0,84.0,12.0,7.0,2.5,3,5.0,Good,Medium,High School,High,No,50.0,65.0
Male,20.0,95.0,19.0,9.0,2.5,4,5.0,Good,Medium,College,High,No,68.0,73.0
Male,20.0,87.0,17.0,7.0,2.5,2,5.0,Good,High,High School,Medium,No,68.0,70.0
Male,20.0,99.0,2.0,9.0,2.5,4,5.0,Good,Low,High School,Medium,No,52.0,62.0
Female,20.0,63.0,32.0,8.0,2.5,5,5.0,Good,Medium,High School,High,No,91.0,68.0
Male,20.0,96.0,27.0,7.0,2.5,3,5.0,Good,Medium,College,High,No,84.0,74.0
Female,20.0,93.0,18.0,7.0,2.5,4,5.0,Good,Low,High School,Medium,No,76.0,96.0
Male,20.0,73.0,20.0,5.0,2.5,2,5.0,Good,High,High School,Low,No,70.0,66.0
Male,20.0,99.0,13.0,6.0,2.5,4,5.0,Good,Medium,Postgraduate,Low,No,95.0,69.0
Female,20.0,72.0,30.0,6.0,2.5,3,5.0,Good,Medium,Postgraduate,Low,No,63.0,70.0
Male,20.0,96.0,31.0,8.0,2.5,3,5.0,Good,Medium,College,Medium,No,67.0,73.0
Male,20.0,95.0,21.0,7.0,2.5,2,5.0,Good,Low,High School,Low,No,98.0,69.0
Male,20.0,90.0,26.0,9.0,2.5,4,5.0,Good,Medium,High School,Low,No,53.0,71.0
Female,20.0,83.0,21.0,7.0,2.5,2,5.0,Good,Low,College,Low,No,89.0,65.0
Female,20.0,65.0,12.0,6.0,2.5,3,5.0,Good,Medium,Postgraduate,Medium,No,86.0,62.0
Male,20.0,81.0,18.0,6.0,2.5,3,5.0,Good,Low,High School,Medium,No,95.0,69.0
Male,20.0,74.0,21.0,6.0,2.5,2,5.0,Good,High,College,Low,No,55.0,65.0
Female,20.0,92.0,17.0,7.0,2.5,2,5.0,Good,Medium,College,Medium,No,99.0,68.0
Male,20.0,90.0,19.0,6.0,2.5,3,5.0,Good,High,Postgraduate,Low,No,51.0,65.0
Male,20.0,96.0,19.0,5.0,2.5,1,5.0,Good,Medium,High School,High,No,67.0,72.0
Male,20.0,61.0,20.0,9.0,2.5,4,5.0,Good,Medium,Postgraduate,High,No,54.0,67.0
Male,20.0,92.0,20.0,7.0,2.5,2,5.0,Good,Medium,College,Medium,No,53.0,68.0
Male,20.0,98.0,14.0,7.0,2.5,3,5.0,Good,Medium,High School,Medium,No,98.0,68.0
Female,20.0,92.0,16.0,6.0,2.5,3,5.0,Good,Low,College,Medium,No,86.0,66.0
Male,20.0,65.0,12.0,5.0,2.5,2,5.0,Good,High,High School,High,No,75.0,62.0
Male,20.0,63.0,26.0,7.0,2.5,4,5.0,Good,Medium,High School,Medium,No,55.0,65.0
Female,20.0,61.0,7.0,4.0,2.5,5,5.0,Good,High,High School,Medium,No,76.0,60.0
Male,20.0,85.0,27.0,8.0,2.5,4,5.0,Good,Medium,High School,Low,No,66.0,70.0
Male,20.0,85.0,28.0,6.0,2.5,1,5.0,Good,Low,High School,Low,No,64.0,68.0
Male,20.0,99.0,18.0,7.0,2.5,3,5.0,Good,Low,Postgraduate,Medium,No,81.0,72.0
Female,20.0,76.0,4.0,8.0,2.5,2,5.0,Good,Medium,High School,High,No,90.0,63.0
Male,20.0,73.0,18.0,7.0,2.5,1,5.0,Good,Low,High School,Medium,No,72.0,63.0
Male,20.0,85.0,20.0,5.0,2.5,2,5.0,Good,Low,College,Medium,No,75.0,67.0
Female,20.0,93.0,14.0,9.0,2.5,2,5.0,Good,Low,Postgraduate,Medium,No,83.0,68.0
Female,20.0,97.0,17.0,5.0,2.5,3,5.0,Good,Low,High School,High,No,56.0,69.0
Female,20.0,92.0,29.0,4.0,2.5,4,5.0,Good,Low,High School,High,No,91.0,75.0
Male,20.0,77.0,24.0,8.0,2.5,3,5.0,Good,High,High School,High,No,92.0,67.0
Male,20.0,85.0,14.0,5.0,2.5,3,5.0,Good,Medium,High School,Low,No,77.0,69.0
Male,20.0,94.0,10.0,9.0,2.5,2,5.0,Good,Low,Postgraduate,Medium,No,59.0,65.0
Male,20.0,80.0,18.0,8.0,2.5,4,5.0,Good,Medium,High School,Medium,No,75.0,65.0
Female,20.0,69.0,19.0,7.0,2.5,4,5.0,Good,Low,College,Low,No,55.0,63.0
Male,20.0,67.0,23.0,6.0,2.5,4,5.0,Good,Medium,High School,Medium,No,88.0,65.0
Female,20.0,60.0,17.0,6.0,2.5,2,5.0,Good,Medium,High School,Low,No,66.0,58.0
Male,20.0,89.0,23.0,6.0,2.5,3,5.0,Good,Low,High School,Low,No,66.0,70.0
Male,20.0,64.0,32.0,6.0,2.5,5,5.0,Good,Medium,College,Medium,No,97.0,66.0
Female,20.0,70.0,25.0,9.0,2.5,2,5.0,Good,Medium,College,Low,No,71.0,63.0
Male,20.0,72.0,20.0,6.0,2.5,3,5.0,Good,Low,High School,Low,No,89.0,62.0
Female,20.0,82.0,19.0,8.0,2.5,3,5.0,Good,High,College,Medium,No,82.0,69.0
Female,20.0,76.0,18.0,9.0,2.5,3,5.0,Good,High,High School,High,No,66.0,66.0
Male,20.0,87.0,27.0,6.0,2.5,2,5.0,Good,Medium,High School,Low,No,56.0,68.0
Male,20.0,62.0,16.0,8.0,2.5,2,5.0,Good,Low,Postgraduate,High,No,90.0,62.0
Male,20.0,65.0,20.0,6.0,2.5,4,5.0,Good,Medium,High School,Medium,No,88.0,64.0
Female,20.0,80.0,20.0,7.0,2.5,2,5.0,Good,Low,College,Medium,No,58.0,65.0
Male,20.0,73.0,17.0,6.0,2.5,3,5.0,Good,Low,College,Low,No,62.0,64.0
Female,20.0,72.0,12.0,6.0,2.5,3,5.0,Good,High,High School,High,No,88.0,65.0
Male,20.0,63.0,22.0,7.0,2.5,4,5.0,Good,Low,High School,Medium,No,99.0,65.0
Female,20.0,96.0,20.0,5.0,2.5,3,5.0,Good,Medium,College,Medium,No,92.0,70.0
Female,20.0,88.0,23.0,8.0,2.5,3,5.0,Good,High,Postgraduate,Medium,No,84.0,71.0
Male,20.0,65.0,17.0,5.0,2.5,3,5.0,Good,Low,College,Medium,No,96.0,65.0
Male,20.0,63.0,27.0,5.0,2.5,4,5.0,Good,Medium,Postgraduate,High,No,64.0,67.0
Male,20.0,99.0,15.0,7.0,2.5,2,5.0,Good,High,High School,Low,No,50.0,68.0
Male,20.0,87.0,30.0,6.0,2.5,4,5.0,Good,Low,High School,Medium,No,66.0,73.0
Male,20.0,77.0,10.0,8.0,2.5,4,5.0,Good,Medium,High School,Medium,No,99.0,64.0
Male,20.0,88.0,23.0,7.0,2.5,1,5.0,Good,Low,High School,Low,No,94.0,71.0
Female,20.0,90.0,23.0,5.0,2.5,2,5.0,Good,Medium,High School,Medium,No,53.0,70.0
Female,20.0,91.0,15.0,8.0,2.5,1,5.0,Good,Medium,High School,Medium,No,75.0,68.0
Female,20.0,79.0,23.0,7.0,2.5,4,5.0,Good,Medium,College,Low,No,54.0,68.0
Male,20.0,77.0,28.0,7.0,2.5,3,5.0,Good,Medium,High School,Low,No,89.0,68.0
Female,20.0,60.0,7.0,10.0,2.5,3,5.0,Good,Low,College,Low,No,69.0,59.0
Male,20.0,97.0,23.0,9.0,2.5,4,5.0,Good,Medium,College,Medium,No,96.0,74.0
Male,20.0,84.0,5.0,7.0,2.5,3,5.0,Good,Low,Postgraduate,Low,No,53.0,62.0
Male,20.0,68.0,14.0,5.0,2.5,3,5.0,Good,High,High School,Medium,No,87.0,64.0
Male,20.0,97.0,30.0,5.0,2.5,2,5.0,Good,Medium,Postgraduate,High,No,70.0,76.0
Male,20.0,97.0,17.0,9.0,2.5,2,5.0,Good,Medium,High School,Low,No,63.0,70.0
Male,20.0,100.0,13.0,6.0,2.5,5,5.0,Good,Medium,Postgraduate,Low,No,76.0,69.0
Female,20.0,95.0,19.0,7.0,2.5,2,5.0,Good,High,High School,Low,No,74.0,69.0
Male,20.0,100.0,32.0,5.0,2.5,3,5.0,Good,Medium,High School,Medium,No,67.0,74.0
Female,20.0,70.0,9.0,8.0,2.5,2,5.0,Good,Low,High School,High,No,82.0,62.0
Male,20.0,94.0,14.0,9.0,2.5,3,5.0,Good,High,Postgraduate,Low,No,83.0,70.0
Male,20.0,93.0,29.0,9.0,2.5,3,5.0,Good,Medium,High School,Low,No,54.0,71.0
Male,20.0,69.0,31.0,6.0,2.5,2,5.0,Good,Low,College,Medium,No,80.0,68.0
Female,20.0,64.0,19.0,8.0,2.5,3,5.0,Good,Low,Postgraduate,High,No,86.0,66.0
Male,20.0,99.0,13.0,7.0,2.5,3,5.0,Good,High,High School,High,No,54.0,67.0
Male,20.0,72.0,33.0,8.0,2.5,4,5.0,Good,Low,High School,Low,No,83.0,71.0
Male,20.0,95.0,30.0,7.0,2.5,1,5.0,Good,Medium,High School,Medium,No,90.0,74.0
Male,20.0,60.0,24.0,6.0,2.5,2,5.0,Good,Low,College,Medium,No,92.0,65.0
Female,20.0,61.0,15.0,9.0,2.5,3,5.0,Good,Medium,High School,Medium,No,52.0,60.0
Male,20.0,79.0,20.0,7.0,2.5,2,5.0,Good,Low,College,Medium,No,85.0,69.0
Male,20.0,70.0,19.0,6.0,2.5,3,5.0,Good,Low,High School,Low,No,90.0,65.0
Female,20.0,88.0,22.0,7.0,2.5,2,5.0,Good,Medium,High School,Low,No,70.0,69.0
Male,20.0,83.0,29.0,6.0,2.5,4,5.0,Good,High,High School,Medium,No,77.0,70.0
Female,20.0,63.0,25.0,8.0,2.5,1,5.0,Good,Medium,Postgraduate,Medium,No,63.0,65.0
Female,20.0,67.0,14.0,7.0,2.5,4,5.0,Good,Low,High School,Low,No,66.0,57.0
Female,20.0,76.0,28.0,6.0,2.5,2,5.0,Good,Low,High School,Medium,No,75.0,68.0
Male,20.0,67.0,22.0,10.0,2.5,3,5.0,Good,Medium,Postgraduate,High,No,58.0,67.0
Female,20.0,92.0,24.0,5.0,2.5,4,5.0,Good,Medium,High School,Medium,No,69.0,70.0
Male,20.0,77.0,29.0,8.0,2.5,3,5.0,Good,Medium,High School,Medium,No,65.0,68.0
Female,20.0,64.0,13.0,7.0,2.5,1,5.0,Good,Medium,College,Low,No,62.0,62.0
Male,20.0,79.0,20.0,5.0,2.5,5,5.0,Good,Medium,High School,Low,No,74.0,67.0
Male,20.0,64.0,17.0,6.0,2.5,1,5.0,Good,Medium,Postgraduate,Medium,No,92.0,66.0
Female,20.0,65.0,11.0,5.0,2.5,2,5.0,Good,Medium,College,Medium,No,62.0,60.0
Male,20.0,70.0,22.0,10.0,2.5,2,5.0,Good,Low,College,Medium,No,83.0,65.0
Female,20.0,94.0,35.0,7.0,2.5,2,5.0,Good,Medium,College,Low,No,63.0,75.0
Female,20.0,97.0,9.0,7.0,2.5,5,5.0,Good,Medium,High School,Medium,No,57.0,67.0
Male,20.0,93.0,20.0,10.0,2.5,2,5.0,Good,Medium,Postgraduate,Low,No,97.0,71.0
Male,20.0,73.0,24.0,6.0,2.5,2,5.0,Good,Medium,High School,Medium,No,82.0,63.0
Male,20.0,71.0,21.0,9.0,2.5,1,5.0,Good,Low,Postgraduate,High,No,55.0,67.0
Female,20.0,82.0,19.0,8.0,2.5,4,5.0,Good,Low,Postgraduate,Low,No,82.0,68.0
Male,20.0,89.0,12.0,4.0,2.5,4,5.0,Good,Low,High School,Low,No,59.0,65.0
Female,20.0,100.0,21.0,6.0,2.5,3,5.0,Good,Medium,College,High,No,94.0,72.0
Female,20.0,65.0,15.0,8.0,2.5,4,5.0,Good,Medium,High School,Medium,No,62.0,61.0
Female,20.0,62.0,7.0,7.0,2.5,5,5.0,Good,Medium,College,Medium,No,90.0,60.0
Female,20.0,88.0,27.0,7.0,2.5,2,5.0,Good,Medium,High School,Low,No,60.0,72.0
Female,20.0,93.0,26.0,6.0,2.5,3,5.0,Good,Medium,Postgraduate,Medium,No,78.0,72.0
Male,20.0,94.0,20.0,6.0,2.5,3,5.0,Good,Medium,College,Medium,No,96.0,70.0
Male,20.0,87.0,21.0,7.0,2.5,3,5.0,Good,High,College,Medium,No,65.0,67.0
Male,20.0,98.0,26.0,10.0,2.5,1,5.0,Good,Medium,Postgraduate,Low,No,54.0,71.0
Female,20.0,80.0,21.0,6.0,2.5,2,5.0,Good,Medium,Postgraduate,Medium,No,78.0,66.0
Female,20.0,97.0,25.0,6.0,2.5,2,5.0,Good,Low,High School,Low,No,59.0,72.0
Female,20.0,99.0,18.0,7.0,2.5,4,5.0,Good,Medium,High School,High,No,86.0,70.0
Female,20.0,94.0,28.0,5.0,2.5,2,5.0,Good,Medium,High School,High,No,80.0,71.0
Male,20.0,72.0,22.0,8.0,2.5,4,5.0,Good,High,College,Medium,No,67.0,64.0
Male,20.0,68.0,21.0,5.0,2.5,2,5.0,Good,Medium,College,High,No,85.0,66.0
Male,20.0,82.0,12.0,5.0,2.5,4,5.0,Good,Low,High School,Medium,No,62.0,64.0
Male,20.0,78.0,22.0,5.0,2.5,3,5.0,Good,Medium,High School,Low,No,96.0,67.0
Female,20.0,95.0,15.0,5.0,2.5,3,5.0,Good,High,High School,Medium,No,67.0,67.0
Male,20.0,64.0,16.0,9.0,2.5,3,5.0,Good,Medium,High School,Medium,No,88.0,64.0
Female,20.0,70.0,15.0,8.0,2.5,4,5.0,Good,Low,High School,Medium,No,63.0,61.0
Female,20.0,90.0,14.0,8.0,2.5,2,5.0,Good,Medium,High School,Medium,No,86.0,99.0
Male,20.0,64.0,33.0,8.0,2.5,4,5.0,Good,Low,High School,High,No,52.0,67.0
Male,20.0,73.0,28.0,7.0,2.5,3,5.0,Good,High,Postgraduate,High,No,65.0,72.0
Male,20.0,75.0,32.0,7.0,2.5,4,5.0,Good,Medium,High School,Medium,No,55.0,66.0
Male,20.0,85.0,13.0,9.0,2.5,2,5.0,Good,High,Postgraduate,Medium,No,73.0,68.0
Female,20.0,66.0,20.0,9.0,2.5,1,5.0,Good,Low,College,Medium,No,72.0,64.0
Male,20.0,94.0,12.0,5.0,2.5,2,5.0,Good,High,High School,High,No,68.0,69.0
Female,20.0,78.0,16.0,10.0,2.5,4,5.0,Good,Low,High School,Low,No,99.0,65.0
Female,20.0,97.0,14.0,5.0,2.5,4,5.0,Good,Medium,Postgraduate,Medium,No,62.0,66.0
Male,20.0,79.0,27.0,6.0,2.5,4,5.0,Good,Low,High School,Medium,No,90.0,73.0
Female,20.0,71.0,18.0,7.0,2.5,4,5.0,Good,Low,High School,Low,No,72.0,63.0
Female,20.0,66.0,26.0,7.0,2.5,4,5.0,Good,High,High School,Medium,No,67.0,66.0
Female,20.0,60.0,24.0,10.0,2.5,2,5.0,Good,Low,Postgraduate,Low,No,60.0,65.0
Male,20.0,81.0,34.0,9.0,2.5,2,5.0,Good,Low,High School,Medium,No,82.0,71.0
Male,20.0,64.0,11.0,8.0,2.5,2,5.0,Good,High,College,Medium,No,67.0,58.0
Male,20.0,76.0,28.0,9.0,2.5,3,5.0,Good,Medium,High School,Low,No,91.0,68.0
Male,20.0,84.0,27.0,8.0,2.5,4,5.0,Good,Medium,High School,Low,No,98.0,69.0
Female,20.0,71.0,14.0,6.0,2.5,3,5.0,Good,Low,Postgraduate,Low,No,61.0,63.0
Female,20.0,67.0,26.0,8.0,2.5,5,5.0,Good,Medium,College,Medium,No,56.0,66.0
Female,20.0,91.0,22.0,7.0,2.5,3,5.0,Good,Medium,College,High,No,66.0,69.0
Male,20.0,98.0,19.0,6.0,2.5,3,5.0,Good,Medium,College,Low,No,73.0,69.0
Male,20.0,64.0,15.0,9.0,2.5,2,5.0,Good,Medium,High School,Medium,No,65.0,63.0
Female,20.0,66.0,16.0,7.0,2.5,3,5.0,Good,Medium,College,Low,No,99.0,65.0
Male,20.0,98.0,32.0,5.0,2.5,3,5.0,Good,Medium,College,High,No,89.0,76.0
Male,20.0,62.0,20.0,6.0,2.5,3,5.0,Good,High,Postgraduate,High,No,98.0,67.0
Male,20.0,99.0,25.0,8.0,2.5,3,5.0,Good,Medium,Postgraduate,Low,No,69.0,70.0
Male,20.0,60.0,15.0,9.0,2.5,5,5.0,Good,Medium,College,Medium,No,65.0,60.0
Female,20.0,95.0,15.0,8.0,2.5,3,5.0,Good,Medium,High School,High,No,70.0,68.0
Male,20.0,72.0,26.0,8.0,2.5,3,5.0,Good,Medium,Postgraduate,Medium,No,76.0,68.0
Female,20.0,98.0,12.0,6.0,2.5,3,5.0,Good,Medium,Postgraduate,Low,No,87.0,70.0
Female,20.0,73.0,18.0,7.0,2.5,3,5.0,Good,High,Postgraduate,High,No,94.0,68.0
Male,20.0,86.0,20.0,7.0,2.5,3,5.0,Good,Medium,High School,Low,No,73.0,69.0
Female,20.0,63.0,21.0,7.0,2.5,3,5.0,Good,Medium,High School,Low,No,64.0,62.0
Male,20.0,70.0,19.0,7.0,2.5,4,5.0,Good,Medium,College,High,No,66.0,64.0
Female,20.0,91.0,22.0,6.0,2.5,2,5.0,Good,Low,High School,Medium,No,85.0,71.0
Male,20.0,81.0,24.0,8.0,2.5,2,5.0,Good,Medium,High School,Low,No,78.0,68.0
Female,20.0,97.0,24.0,5.0,2.5,5,5.0,Good,High,High School,Medium,No,74.0,72.0
Male,20.0,77.0,14.0,5.0,2.5,3,5.0,Good,Low,Postgraduate,High,No,60.0,64.0
Female,20.0,95.0,18.0,6.0,2.5,3,5.0,Good,Medium,High School,Low,No,94.0,73.0
Female,20.0,78.0,27.0,8.0,2.5,3,5.0,Good,Low,Postgraduate,Low,No,89.0,69.0
Male,20.0,99.0,25.0,8.0,2.5,3,5.0,Good,Medium,Postgraduate,Medium,No,57.0,70.0
Female,20.0,98.0,12.0,4.0,2.5,2,5.0,Good,Medium,High School,Low,No,68.0,69.0
Male,20.0,73.0,22.0,8.0,2.5,3,5.0,Good,Medium,High School,High,No,77.0,64.0
Male,20.0,95.0,8.0,7.0,2.5,2,5.0,Good,Low,College,Medium,No,73.0,66.0
Female,20.0,94.0,20.0,6.0,2.5,2,5.0,Good,High,High School,Medium,No,70.0,69.0
Female,20.0,68.0,31.0,7.0,2.5,3,5.0,Good,Low,High School,Low,No,86.0,68.0
Male,20.0,85.0,14.0,5.0,2.5,3,5.0,Good,Medium,High School,Medium,No,53.0,65.0
Male,20.0,63.0,15.0,7.0,2.5,2,5.0,Good,Medium,High School,Low,No,74.0,62.0
Female,20.0,93.0,25.0,5.0,2.5,2,5.0,Good,Medium,Postgraduate,High,No,63.0,75.0
Female,20.0,67.0,11.0,6.0,2.5,3,5.0,Good,Low,High School,Low,No,54.0,60.0
Male,20.0,63.0,16.0,6.0,2.5,4,5.0,Good,Medium,College,Medium,No,73.0,63.0
Male,20.0,76.0,24.0,8.0,2.5,4,5.0,Good,Medium,College,Medium,No,59.0,66.0
Female,20.0,83.0,16.0,7.0,2.5,3,5.0,Good,Medium,Postgraduate,Medium,No,63.0,67.0
Female,20.0,94.0,19.0,8.0,2.5,3,5.0,Good,Medium,College,Medium,No,75.0,68.0
Female,20.0,99.0,24.0,5.0,2.5,3,5.0,Good,Medium,High School,Low,No,99.0,72.0
Male,20.0,78.0,23.0,7.0,2.5,3,5.0,Good,High,College,Low,No,84.0,66.0
Female,20.0,62.0,22.0,8.0,2.5,3,5.0,Good,Medium,Postgraduate,Low,No,64.0,63.0
Female,20.0,90.0,18.0,9.0,2.5,3,5.0,Good,Medium,College,High,No,69.0,71.0
Male,20.0,83.0,22.0,5.0,2.5,3,5.0,Good,High,College,Low,No,70.0,67.0
Male,20.0,78.0,19.0,6.0,2.5,3,5.0,Good,Medium,Postgraduate,Low,No,58.0,66.0
Female,20.0,72.0,23.0,8.0,2.5,2,5.0,Good,Medium,College,Low,No,58.0,66.0
Male,20.0,80.0,17.0,9.0,2.5,2,5.0,Good,Medium,College,Low,No,57.0,68.0
Female,20.0,74.0,19.0,7.0,2.5,3,5.0,Good,High,College,High,No,76.0,66.0
Female,20.0,90.0,14.0,5.0,2.5,3,5.0,Good,Medium,Postgraduate,Low,No,84.0,68.0
Female,20.0,82.0,20.0,5.0,2.5,1,5.0,Good,Medium,College,Low,No,80.0,68.0
Female,20.0,95.0,15.0,7.0,2.5,2,5.0,Good,Low,High School,High,No,99.0,68.0
Male,20.0,82.0,13.0,8.0,2.5,3,5.0,Good,Low,Postgraduate,Low,No,56.0,66.0
Male,20.0,70.0,22.0,7.0,2.5,2,5.0,Good,Medium,High School,Low,No,99.0,66.0
Female,20.0,94.0,21.0,5.0,2.5,3,5.0,Good,Low,Postgraduate,Medium,No,73.0,70.0
Male,20.0,82.0,25.0,9.0,2.5,2,5.0,Good,Low,High School,High,No,61.0,68.0
Male,20.0,68.0,17.0,6.0,2.5,3,5.0,Good,High,High School,High,No,97.0,65.0
Male,20.0,85.0,22.0,8.0,2.5,3,5.0,Good,High,College,Medium,No,73.0,70.0
Male,20.0,74.0,23.0,4.0,2.5,5,5.0,Good,Medium,High School,High,No,67.0,66.0
Female,20.0,94.0,23.0,9.0,2.5,1,5.0,Good,Medium,Postgraduate,Medium,No,61.0,68.0
Male,20.0,78.0,15.0,6.0,2.5,2,5.0,Good,High,College,Medium,No,63.0,64.0
Male,20.0,89.0,21.0,9.0,2.5,3,5.0,Good,Medium,High School,Medium,No,99.0,69.0
Female,20.0,64.0,22.0,8.0,2.5,4,5.0,Good,Low,Postgraduate,Medium,No,65.0,65.0
Female,20.0,76.0,20.0,5.0,2.5,3,5.0,Good,Low,Postgraduate,Medium,No,99.0,69.0
Female,20.0,99.0,7.0,7.0,2.5,4,5.0,Good,Low,High School,High,No,67.0,66.0
Female,20.0,92.0,21.0,9.0,2.5,2,5.0,Good,Medium,High School,Medium,No,62.0,68.0
Female,20.0,66.0,33.0,6.0,2.5,2,5.0,Good,Medium,Postgraduate,High,No,59.0,70.0
Female,20.0,71.0,18.0,9.0,2.5,3,5.0,Good,Medium,High School,Medium,No,71.0,65.0
Female,20.0,73.0,16.0,8.0,2.5,2,5.0,Good,Medium,High School,High,No,62.0,65.0
Female,20.0,86.0,22.0,9.0,2.5,3,5.0,Good,Medium,Postgraduate,Medium,No,85.0,68.0
Male,20.0,90.0,22.0,7.0,2.5,3,5.0,Good,Low,College,Medium,No,62.0,67.0
Female,20.0,90.0,27.0,7.0,2.5,3,5.0,Good,Medium,High School,Low,No,92.0,72.0
Male,20.0,80.0,12.0,10.0,2.5,3,5.0,Good,High,Postgraduate,High,No,92.0,70.0
Male,20.0,92.0,24.0,8.0,2.5,3,5.0,Good,High,College,High,No,64.0,72.0
Male,20.0,77.0,24.0,7.0,2.5,5,5.0,Good,Low,College,High,No,88.0,71.0
Male,20.0,65.0,19.0,8.0,2.5,4,5.0,Good,Low,College,Medium,No,93.0,64.0
Female,20.0,83.0,22.0,6.0,2.5,5,5.0,Good,Medium,High School,Medium,No,80.0,69.0
Female,20.0,98.0,26.0,7.0,2.5,1,5.0,Good,Medium,High School,Low,No,68.0,73.0
Female,20.0,92.0,25.0,9.0,2.5,5,5.0,Good,Medium,Postgraduate,Low,No,72.0,70.0
Female,20.0,83.0,13.0,7.0,2.5,4,5.0,Good,Medium,Postgraduate,Low,No,89.0,68.0
Male,20.0,86.0,25.0,6.0,2.5,5,5.0,Good,Medium,High School,Medium,No,65.0,71.0
Female,20.0,97.0,20.0,6.0,2.5,3,5.0,Good,Low,Postgraduate,Low,No,67.0,71.0
Male,20.0,77.0,20.0,7.0,2.5,3,5.0,Good,High,High School,High,No,58.0,66.0
Female,20.0,73.0,20.0,6.0,2.5,4,5.0,Good,Low,High School,High,No,70.0,68.0
Male,20.0,99.0,19.0,5.0,2.5,2,5.0,Good,Low,Postgraduate,Medium,No,54.0,70.0
Male,20.0,95.0,27.0,5.0,2.5,4,5.0,Good,Low,High School,Medium,No,66.0,72.0
Female,20.0,73.0,19.0,9.0,2.5,4,5.0,Good,High,Postgraduate,Low,No,69.0,66.0
Female,20.0,79.0,13.0,7.0,2.5,2,5.0,Good,Low,High School,High,No,63.0,65.0
Female,20.0,77.0,18.0,7.0,2.5,3,5.0,Good,High,High School,High,No,55.0,66.0
Female,20.0,66.0,21.0,6.0,2.5,1,5.0,Good,Low,High School,Low,No,76.0,65.0
Male,20.0,98.0,27.0,6.0,2.5,4,5.0,Good,Low,High School,Low,No,93.0,72.0
Female,20.0,76.0,24.0,6.0,2.5,3,5.0,Good,Medium,College,High,No,67.0,68.0
Female,20.0,95.0,15.0,7.0,2.5,3,5.0,Good,High,College,High,No,62.0,68.0
Male,20.0,68.0,35.0,5.0,2.5,4,5.0,Good,Medium,High School,High,No,64.0,67.0
Male,20.0,82.0,22.0,9.0,2.5,2,5.0,Good,Low,High School,Low,No,93.0,68.0
Male,20.0,61.0,28.0,7.0,2.5,4,5.0,Good,High,High School,Medium,No,76.0,67.0
Female,20.0,91.0,19.0,7.0,2.5,3,5.0,Good,Low,High School,High,No,57.0,69.0
Male,20.0,83.0,23.0,8.0,2.5,2,5.0,Good,Medium,High School,Low,No,85.0,65.0
Male,20.0,85.0,25.0,8.0,2.5,4,5.0,Good,Medium,College,Medium,No,58.0,70.0
Male,20.0,62.0,27.0,6.0,2.5,2,5.0,Good,Low,High School,Medium,No,53.0,64.0
Male,20.0,68.0,26.0,8.0,2.5,3,5.0,Good,Medium,High School,Low,No,63.0,66.0
Female,20.0,63.0,25.0,8.0,2.5,1,5.0,Good,Medium,College,High,No,58.0,64.0
Female,20.0,72.0,18.0,7.0,2.5,2,5.0,Good,High,High School,High,No,80.0,66.0
Male,20.0,85.0,17.0,9.0,2.5,2,5.0,Good,Medium,High School,Medium,No,74.0,67.0
Male,20.0,83.0,22.0,8.0,2.5,4,5.0,Good,Medium,High School,Medium,No,86.0,68.0
Male,20.0,84.0,26.0,8.0,2.5,2,5.0,Good,Medium,High School,Medium,No,76.0,71.0
Female,20.0,82.0,19.0,9.0,2.5,3,5.0,Good,Medium,College,Low,No,71.0,67.0
Male,20.0,71.0,26.0,7.0,2.5,2,5.0,Good,Medium,Postgraduate,Low,No,76.0,69.0
Male,20.0,70.0,29.0,7.0,2.5,4,5.0,Good,Low,College,Medium,No,72.0,67.0
Female,20.0,65.0,15.0,8.0,2.5,3,5.0,Good,Medium,High School,Low,No,52.0,61.0
Male,20.0,94.0,15.0,7.0,2.5,2,5.0,Good,Medium,High School,Medium,No,84.0,68.0
Female,20.0,85.0,19.0,8.0,2.5,4,5.0,Good,Medium,High School,Medium,No,98.0,67.0
Male,20.0,67.0,22.0,6.0,2.5,4,5.0,Good,Low,College,Medium,No,71.0,64.0
Female,20.0,67.0,17.0,4.0,2.5,2,5.0,Good,Medium,High School,Medium,No,71.0,63.0
Male,20.0,95.0,28.0,8.0,2.5,4,5.0,Good,High,College,High,No,52.0,72.0
Male,20.0,90.0,23.0,5.0,2.5,2,5.0,Good,Low,High School,Low,No,95.0,69.0
Male,20.0,86.0,20.0,6.0,2.5,2,5.0,Good,Medium,High School,High,No,96.0,66.0
Female,20.0,76.0,11.0,8.0,2.5,3,5.0,Good,Low,College,High,No,91.0,64.0
Female,20.0,70.0,12.0,8.0,2.5,4,5.0,Good,Medium,High School,Medium,No,55.0,61.0
Male,20.0,99.0,22.0,9.0,2.5,4,5.0,Good,Medium,High School,Low,No,95.0,71.0
Female,20.0,92.0,7.0,4.0,2.5,1,5.0,Good,Medium,High School,High,No,51.0,63.0
Female,20.0,72.0,26.0,7.0,2.5,4,5.0,Good,Low,High School,Medium,No,72.0,65.0
Female,20.0,94.0,19.0,7.0,2.5,5,5.0,Good,Medium,College,High,No,75.0,71.0
Female,20.0,90.0,39.0,8.0,2.5,1,5.0,Good,High,High School,Medium,No,92.0,78.0
Male,20.0,72.0,34.0,9.0,2.5,3,5.0,Good,Low,Postgraduate,High,No,88.0,73.0
Female,20.0,77.0,19.0,5.0,2.5,3,5.0,Good,Low,College,Low,No,90.0,65.0
Male,20.0,67.0,19.0,7.0,2.5,4,5.0,Good,High,Postgraduate,Medium,No,93.0,66.0
Male,20.0,64.0,26.0,8.0,2.5,2,5.0,Good,Low,High School,Medium,No,74.0,66.0
Male,20.0,89.0,30.0,6.0,2.5,3,5.0,Good,Medium,Postgraduate,High,No,89.0,74.0
Female,20.0,71.0,10.0,10.0,2.5,3,5.0,Good,Low,High School,High,No,53.0,62.0
Female,20.0,93.0,9.0,6.0,2.5,2,5.0,Good,Low,College,Medium,No,72.0,66.0
Female,20.0,100.0,16.0,7.0,2.5,4,5.0,Good,Medium,High School,Low,No,52.0,71.0
Female,20.0,63.0,23.0,5.0,2.5,2,5.0,Good,Medium,High School,High,No,96.0,67.0
Female,20.0,79.0,23.0,7.0,2.5,4,5.0,Good,Low,College,Medium,No,98.0,69.0
Male,20.0,92.0,26.0,4.0,2.5,4,5.0,Good,Medium,High School,High,No,54.0,72.0
Male,20.0,92.0,13.0,7.0,2.5,4,5.0,Good,Medium,Postgraduate,High,No,77.0,72.0
Male,20.0,90.0,6.0,9.0,2.5,2,5.0,Good,Medium,High School,Medium,No,66.0,65.0
Male,20.0,74.0,25.0,5.0,2.5,5,5.0,Good,High,Postgraduate,Medium,No,67.0,71.0
Male,20.0,78.0,15.0,5.0,2.5,1,5.0,Good,Medium,College,High,No,73.0,64.0
Male,20.0,84.0,8.0,9.0,2.5,2,5.0,Good,Low,High School,Low,No,56.0,61.0
Female,20.0,99.0,21.0,9.0,2.5,2,5.0,Good,Low,College,High,No,59.0,69.0
Female,20.0,73.0,25.0,5.0,2.5,5,5.0,Good,Medium,High School,Low,No,79.0,65.0
Female,20.0,97.0,19.0,10.0,2.5,4,5.0,Good,High,College,Low,No,51.0,69.0
Female,20.0,71.0,17.0,8.0,2.5,3,5.0,Good,Low,High School,High,No,80.0,64.0
Male,20.0,100.0,19.0,9.0,2.5,4,5.0,Good,High,Postgraduate,High,No,66.0,69.0
Female,20.0,87.0,18.0,6.0,2.5,4,5.0,Good,Low,High School,Low,No,92.0,68.0
Male,20.0,79.0,12.0,9.0,2.5,2,5.0,Good,Low,College,High,No,80.0,63.0
Male,20.0,85.0,16.0,7.0,2.5,2,5.0,Good,High,High School,Medium,No,85.0,66.0
Female,20.0,71.0,23.0,7.0,2.5,4,5.0,Good,Low,High School,Medium,No,56.0,65.0
Male,20.0,71.0,22.0,8.0,2.5,2,5.0,Good,Medium,High School,Medium,No,63.0,66.0
Male,20.0,65.0,21.0,6.0,2.5,4,5.0,Good,Medium,Postgraduate,Medium,No,100.0,67.0
Male,20.0,65.0,14.0,5.0,2.5,2,5.0,Good,Low,High School,Low,No,72.0,62.0
Female,20.0,74.0,19.0,7.0,2.5,2,5.0,Good,Medium,High School,Low,No,68.0,66.0
Female,20.0,91.0,7.0,7.0,2.5,3,5.0,Good,High,Postgraduate,High,No,94.0,68.0
Male,20.0,84.0,21.0,6.0,2.5,5,5.0,Good,Medium,High School,High,No,52.0,68.0
Female,20.0,64.0,29.0,9.0,2.5,2,5.0,Good,Medium,High School,Low,No,77.0,63.0
Male,20.0,94.0,11.0,10.0,2.5,3,5.0,Good,Medium,College,Medium,No,61.0,66.0
Male,20.0,84.0,16.0,6.0,2.5,3,5.0,Good,Low,High School,Medium,No,68.0,65.0
Male,20.0,98.0,22.0,7.0,2.5,1,5.0,Good,Medium,High School,High,No,60.0,72.0
Female,20.0,87.0,28.0,6.0,2.5,3,5.0,Good,Medium,Postgraduate,Low,No,52.0,70.0
Male,20.0,67.0,17.0,10.0,2.5,3,5.0,Good,Medium,High School,Medium,No,71.0,63.0
Male,20.0,79.0,16.0,8.0,2.5,4,5.0,Good,Medium,High School,Low,No,89.0,65.0
Male,20.0,86.0,8.0,8.0,2.5,1,5.0,Good,Low,College,Low,No,98.0,65.0
Male,20.0,61.0,21.0,9.0,2.5,3,5.0,Good,Medium,Postgraduate,Medium,No,81.0,66.0
Female,20.0,61.0,32.0,7.0,2.5,3,5.0,Good,High,High School,High,No,69.0,68.0
Male,20.0,65.0,22.0,7.0,2.5,4,5.0,Good,Low,College,Medium,No,88.0,64.0
Male,20.0,70.0,20.0,9.0,2.5,4,5.0,Good,Low,College,Medium,No,75.0,66.0
Male,20.0,77.0,22.0,8.0,2.5,4,5.0,Good,Medium,High School,High,No,68.0,68.0
Male,20.0,79.0,20.0,6.0,2.5,2,5.0,Good,Medium,High School,Low,No,59.0,64.0
Female,20.0,66.0,15.0,6.0,2.5,3,5.0,Good,Low,College,Medium,No,90.0,62.0
Male,20.0,87.0,25.0,6.0,2.5,2,5.0,Good,Medium,High School,Low,No,75.0,67.0
Male,20.0,84.0,21.0,9.0,2.5,3,5.0,Good,Medium,High School,Low,No,98.0,67.0
Male,20.0,72.0,20.0,9.0,2.5,2,5.0,Good,Low,Postgraduate,Medium,No,90.0,65.0
Male,20.0,61.0,14.0,10.0,2.5,4,5.0,Good,Medium,High School,Low,No,71.0,59.0
Female,20.0,63.0,28.0,6.0,2.5,2,5.0,Good,Low,High School,Low,No,87.0,66.0
Female,20.0,76.0,24.0,7.0,2.5,2,5.0,Good,Medium,High School,Medium,No,73.0,68.0
Female,20.0,66.0,17.0,6.0,2.5,3,5.0,Good,Medium,High School,High,No,54.0,63.0
Male,20.0,75.0,26.0,7.0,2.5,3,5.0,Good,Medium,College,Medium,No,76.0,68.0
Female,20.0,85.0,17.0,8.0,2.5,3,5.0,Good,Low,College,Medium,No,93.0,68.0
Female,20.0,82.0,15.0,7.0,2.5,2,5.0,Good,Medium,High School,Low,No,93.0,66.0
Female,20.0,69.0,15.0,9.0,2.5,2,5.0,Good,Low,High School,Medium,No,79.0,63.0
Female,20.0,74.0,9.0,6.0,2.5,2,5.0,Good,Low,High School,Low,No,69.0,61.0
Female,20.0,85.0,23.0,8.0,2.5,4,5.0,Good,Low,College,High,No,51.0,68.0
Male,20.0,94.0,9.0,6.0,2.5,3,5.0,Good,Low,College,Low,No,66.0,66.0
Male,20.0,90.0,13.0,4.0,2.5,4,5.0,Good,High,College,High,No,99.0,69.0
Female,20.0,82.0,8.0,5.0,2.5,3,5.0,Good,Medium,Postgraduate,Low,No,86.0,64.0
Male,20.0,74.0,19.0,7.0,2.5,3,5.0,Good,High,Postgraduate,High,No,86.0,68.0
Female,20.0,75.0,19.0,10.0,2.5,2,5.0,Good,Low,High School,Low,No,88.0,66.0
Female,20.0,95.0,18.0,6.0,2.5,3,5.0,Good,Medium,High School,Low,No,81.0,68.0
Female,20.0,62.0,14.0,7.0,2.5,2,5.0,Good,Low,High School,Medium,No,79.0,62.0
Male,20.0,100.0,13.0,8.0,2.5,3,5.0,Good,Low,Postgraduate,Low,No,73.0,68.0
Male,20.0,87.0,23.0,6.0,2.5,3,5.0,Good,Medium,College,Low,No,72.0,69.0
Male,20.0,87.0,17.0,6.0,2.5,3,5.0,Good,Medium,High School,Low,No,94.0,70.0
Female,20.0,62.0,22.0,7.0,2.5,2,5.0,Good,Low,College,Low,No,70.0,65.0
Female,20.0,84.0,15.0,6.0,2.5,3,5.0,Good,Medium,College,Medium,No,92.0,68.0
Female,20.0,79.0,21.0,4.0,2.5,2,5.0,Good,Low,Postgraduate,Low,No,92.0,67.0
Male,20.0,64.0,28.0,6.0,2.5,4,5.0,Good,Medium,College,Low,No,89.0,64.0
Female,20.0,71.0,24.0,8.0,2.5,3,5.0,Good,Medium,College,Medium,No,52.0,63.0
Female,20.0,96.0,18.0,8.0,2.5,2,5.0,Good,Medium,High School,Medium,No,57.0,67.0
Male,20.0,82.0,22.0,9.0,2.5,3,5.0,Good,Medium,High School,Low,No,66.0,66.0
Female,20.0,77.0,19.0,9.0,2.5,4,5.0,Good,Medium,High School,Low,No,92.0,67.0
Female,20.0,63.0,20.0,6.0,2.5,3,5.0,Good,Medium,High School,Medium,No,94.0,63.0
Female,20.0,89.0,18.0,6.0,2.5,3,5.0,Good,Medium,High School,High,No,52.0,69.0
Female,20.0,88.0,19.0,6.0,2.5,2,5.0,Good,Medium,High School,Medium,No,66.0,70.0
Male,20.0,85.0,21.0,7.0,2.5,4,5.0,Good,Medium,High School,High,No,93.0,70.0
Male,20.0,80.0,14.0,6.0,2.5,2,5.0,Good,Medium,Postgraduate,High,No,62.0,65.0
Female,20.0,77.0,14.0,7.0,2.5,2,5.0,Good,Low,Postgraduate,Medium,No,99.0,64.0
Female,20.0,84.0,12.0,6.0,2.5,3,5.0,Good,High,College,Medium,No,74.0,67.0
Female,20.0,69.0,10.0,8.0,2.5,3,5.0,Good,Medium,High School,Medium,No,97.0,61.0
Female,20.0,98.0,13.0,6.0,2.5,1,5.0,Good,Medium,College,Low,No,71.0,70.0
Male,20.0,84.0,21.0,6.0,2.5,4,5.0,Good,High,College,High,No,66.0,68.0
Female,20.0,72.0,15.0,8.0,2.5,2,5.0,Good,High,High School,Medium,No,68.0,64.0
Male,20.0,78.0,23.0,8.0,2.5,2,5.0,Good,Medium,High School,High,No,94.0,68.0
Male,20.0,92.0,20.0,7.0,2.5,5,5.0,Good,Low,High School,Medium,No,67.0,68.0
Male,20.0,66.0,8.0,8.0,2.5,4,5.0,Good,Medium,College,Low,No,83.0,63.0
Female,20.0,72.0,24.0,8.0,2.5,2,5.0,Good,Low,College,Low,No,73.0,65.0
Female,20.0,87.0,25.0,10.0,2.5,3,5.0,Good,Medium,High School,Low,No,97.0,69.0
Male,20.0,73.0,14.0,8.0,2.5,2,5.0,Good,Medium,College,Low,No,58.0,63.0
Male,20.0,92.0,23.0,10.0,2.5,3,5.0,Good,Medium,College,Low,No,71.0,69.0
Female,20.0,65.0,15.0,7.0,2.5,3,5.0,Good,Medium,High School,High,No,56.0,61.0
Female,20.0,91.0,21.0,9.0,2.5,3,5.0,Good,Medium,College,Low,No,79.0,69.0
Female,20.0,63.0,12.0,9.0,2.5,3,5.0,Good,Low,College,High,No,70.0,62.0
Male,20.0,61.0,9.0,7.0,2.5,2,5.0,Good,Medium,Postgraduate,Medium,No,53.0,58.0
Male,20.0,96.0,18.0,6.0,2.5,3,5.0,Good,Medium,High School,Medium,No,92.0,71.0
Male,20.0,83.0,19.0,6.0,2.5,2,5.0,Good,Medium,Postgraduate,Medium,No,69.0,69.0
Male,20.0,74.0,18.0,8.0,2.5,3,5.0,Good,High,Postgraduate,High,No,75.0,68.0
Male,20.0,69.0,13.0,5.0,2.5,2,5.0,Good,Medium,College,Medium,No,70.0,61.0
Male,20.0,85.0,18.0,6.0,2.5,2,5.0,Good,Medium,College,Low,No,74.0,67.0
Male,20.0,80.0,22.0,9.0,2.5,3,5.0,Good,Medium,Postgraduate,Medium,No,51.0,68.0
Male,20.0,100.0,20.0,8.0,2.5,3,5.0,Good,Medium,High School,Low,No,91.0,72.0
Female,20.0,99.0,21.0,4.0,2.5,4,5.0,Good,Medium,College,Medium,No,67.0,71.0
Male,20.0,85.0,16.0,5.0,2.5,2,5.0,Good,Low,High School,Medium,No,86.0,67.0
Male,20.0,78.0,27.0,10.0,2.5,4,5.0,Good,Medium,Postgraduate,Medium,No,53.0,68.0
Female,20.0,80.0,13.0,9.0,2.5,2,5.0,Good,Medium,High School,High,No,76.0,64.0
Female,20.0,87.0,23.0,6.0,2.5,0,5.0,Good,High,High School,High,No,95.0,73.0
Female,20.0,64.0,27.0,5.0,2.5,4,5.0,Good,Medium,High School,Low,No,70.0,65.0
Female,20.0,73.0,23.0,5.0,2.5,2,5.0,Good,High,Postgraduate,Medium,No,60.0,67.0
Female,20.0,63.0,19.0,8.0,2.5,4,5.0,Good,Low,College,Medium,No,55.0,63.0
Female,20.0,63.0,17.0,10.0,2.5,2,5.0,Good,Medium,Postgraduate,Low,No,93.0,63.0
Female,20.0,68.0,26.0,10.0,2.5,2,5.0,Good,High,Postgraduate,Medium,No,62.0,69.0
Female,20.0,79.0,11.0,5.0,2.5,3,5.0,Good,Medium,High School,High,No,99.0,68.0
Male,20.0,91.0,14.0,7.0,2.5,2,5.0,Good,Medium,College,Low,No,62.0,68.0
Male,20.0,79.0,18.0,6.0,2.5,4,5.0,Good,Medium,High School,Low,No,74.0,69.0
Female,20.0,73.0,27.0,7.0,2.5,3,5.0,Good,High,High School,High,No,73.0,73.0
Male,20.0,63.0,22.0,5.0,2.5,2,5.0,Good,High,High School,Low,No,53.0,66.0
Female,20.0,82.0,14.0,6.0,2.5,3,5.0,Good,Medium,College,Medium,No,77.0,68.0
Male,20.0,71.0,18.0,6.0,2.5,2,5.0,Good,Medium,Postgraduate,Medium,No,84.0,65.0
Male,20.0,85.0,16.0,8.0,2.5,3,5.0,Good,High,High School,Low,No,87.0,67.0
Female,20.0,99.0,16.0,6.0,2.5,4,5.0,Good,Low,College,Medium,No,76.0,70.0
Male,20.0,64.0,26.0,6.0,2.5,4,5.0,Good,Medium,High School,Low,No,91.0,66.0
Female,20.0,68.0,12.0,8.0,2.5,3,5.0,Good,High,Postgraduate,Low,No,88.0,64.0
Female,20.0,79.0,30.0,9.0,2.5,3,5.0,Good,Medium,High School,Low,No,60.0,69.0
Female,20.0,99.0,25.0,10.0,2.5,5,5.0,Good,Medium,College,Medium,No,70.0,71.0
Male,20.0,91.0,27.0,8.0,2.5,4,5.0,Good,Medium,Postgraduate,Low,No,57.0,68.0
Female,20.0,96.0,17.0,7.0,2.5,3,5.0,Good,Low,College,Medium,No,57.0,68.0
Female,20.0,73.0,19.0,9.0,2.5,3,5.0,Good,High,College,Medium,No,86.0,66.0
Female,20.0,100.0,11.0,9.0,2.5,3,5.0,Good,Medium,Postgraduate,Medium,No,77.0,70.0
Female,20.0,64.0,17.0,8.0,2.5,2,5.0,Good,Medium,Postgraduate,High,No,80.0,65.0
Female,20.0,62.0,23.0,5.0,2.5,4,5.0,Good,Medium,High School,Medium,No,87.0,63.0
Female,20.0,94.0,28.0,9.0,2.5,3,5.0,Good,Medium,High School,Medium,No,64.0,70.0
Female,20.0,97.0,13.0,8.0,2.5,2,5.0,Good,Medium,Postgraduate,High,No,70.0,67.0
Male,20.0,64.0,18.0,6.0,2.5,5,5.0,Good,Medium,High School,Medium,No,80.0,63.0
Male,20.0,65.0,19.0,6.0,2.5,3,5.0,Good,Medium,Postgraduate,Low,No,55.0,64.0
Male,20.0,61.0,12.0,8.0,2.5,4,5.0,Good,Medium,High School,High,No,92.0,60.0
Male,20.0,64.0,24.0,4.0,2.5,1,5.0,Good,Low,High School,Low,No,67.0,62.0
Female,20.0,68.0,16.0,7.0,2.5,2,5.0,Good,High,High School,Low,No,83.0,65.0
Male,20.0,99.0,19.0,6.0,2.5,3,5.0,Good,Medium,Postgraduate,High,No,100.0,69.0
Female,20.0,87.0,17.0,6.0,2.5,3,5.0,Good,Low,College,Low,No,74.0,68.0
Male,20.0,91.0,15.0,6.0,2.5,2,5.0,Good,Medium,High School,Medium,No,61.0,66.0
Male,20.0,91.0,20.0,5.0,2.5,2,5.0,Good,Low,Postgraduate,Low,No,61.0,72.0
Male,20.0,81.0,19.0,9.0,2.5,3,5.0,Good,Medium,High School,High,No,53.0,68.0
Male,20.0,92.0,18.0,4.0,2.5,2,5.0,Good,Medium,High School,High,No,88.0,69.0
Male,20.0,84.0,16.0,7.0,2.5,3,5.0,Good,Low,High School,High,No,65.0,65.0
Male,20.0,73.0,22.0,6.0,2.5,1,5.0,Good,Low,High School,Low,No,59.0,65.0
Female,20.0,82.0,30.0,10.0,2.5,4,5.0,Good,Low,High School,Low,No,86.0,70.0
Male,20.0,81.0,21.0,7.0,2.5,2,5.0,Good,High,College,Medium,No,65.0,67.0
Male,20.0,93.0,26.0,4.0,2.5,3,5.0,Good,Medium,College,Low,No,80.0,73.0
Female,20.0,99.0,12.0,8.0,2.5,2,5.0,Good,Medium,College,Medium,No,71.0,70.0
Male,20.0,76.0,21.0,5.0,2.5,3,5.0,Good,Medium,High School,High,No,67.0,66.0
Male,20.0,91.0,13.0,8.0,2.5,1,5.0,Good,Medium,Postgraduate,Low,No,74.0,68.0
Male,20.0,64.0,11.0,8.0,2.5,2,5.0,Good,Medium,College,Low,No,66.0,61.0
Male,20.0,91.0,16.0,9.0,2.5,3,5.0,Good,Low,Postgraduate,High,No,94.0,70.0
Female,20.0,75.0,27.0,7.0,2.5,3,5.0,Good,Low,Postgraduate,Medium,No,54.0,66.0
Male,20.0,62.0,26.0,8.0,2.5,5,5.0,Good,Medium,College,Low,No,52.0,67.0
Female,20.0,75.0,21.0,7.0,2.5,3,5.0,Good,High,Postgraduate,Medium,No,70.0,69.0
Female,20.0,84.0,11.0,6.0,2.5,3,5.0,Good,Low,High School,Medium,No,59.0,64.0
Male,20.0,65.0,19.0,9.0,2.5,2,5.0,Good,Low,College,High,No,87.0,65.0
Female,20.0,97.0,22.0,5.0,2.5,5,5.0,Good,Low,College,Medium,No,68.0,75.0
Male,20.0,63.0,21.0,7.0,2.5,2,5.0,Good,Medium,High School,Medium,No,63.0,63.0
Male,20.0,97.0,9.0,6.0,2.5,3,5.0,Good,Low,College,Medium,No,68.0,69.0
Male,20.0,88.0,15.0,8.0,2.5,4,5.0,Good,Low,High School,Medium,No,61.0,68.0
Male,20.0,73.0,20.0,6.0,2.5,2,5.0,Good,Medium,College,High,No,65.0,66.0
Female,20.0,76.0,23.0,6.0,2.5,2,5.0,Good,Low,High School,High,No,78.0,66.0
Male,20.0,90.0,7.0,7.0,2.5,3,5.0,Good,Low,College,Medium,No,93.0,66.0
Female,20.0,84.0,19.0,9.0,2.5,4,5.0,Good,Medium,College,Medium,No,69.0,68.0
Female,20.0,87.0,21.0,6.0,2.5,2,5.0,Good,Medium,High School,Low,No,66.0,65.0
Male,20.0,76.0,25.0,6.0,2.5,3,5.0,Good,High,College,Low,No,89.0,70.0
Female,20.0,80.0,24.0,5.0,2.5,2,5.0,Good,Medium,High School,High,No,51.0,68.0
Female,20.0,100.0,23.0,6.0,2.5,2,5.0,Good,Low,High School,Medium,No,65.0,70.0
Male,20.0,69.0,15.0,8.0,2.5,2,5.0,Good,Medium,High School,Medium,No,73.0,61.0
Male,20.0,77.0,9.0,7.0,2.5,3,5.0,Good,Medium,High School,Medium,No,80.0,61.0
Male,20.0,72.0,18.0,7.0,2.5,0,5.0,Good,Low,High School,Low,No,58.0,64.0
Male,20.0,91.0,26.0,10.0,2.5,3,5.0,Good,Low,College,High,No,72.0,71.0
Male,20.0,91.0,28.0,4.0,2.5,3,5.0,Good,Low,High School,Medium,No,78.0,72.0
Male,20.0,72.0,24.0,10.0,2.5,3,5.0,Good,High,High School,Low,No,76.0,66.0
Female,20.0,63.0,23.0,9.0,2.5,4,5.0,Good,High,High School,Low,No,79.0,63.0
Female,20.0,60.0,22.0,7.0,2.5,1,5.0,Good,Medium,College,Medium,No,83.0,62.0
Male,20.0,77.0,17.0,8.0,2.5,3,5.0,Good,Low,High School,High,No,69.0,65.0
Male,20.0,76.0,19.0,6.0,2.5,5,5.0,Good,Medium,High School,Medium,No,53.0,66.0
Male,20.0,100.0,30.0,7.0,2.5,3,5.0,Good,Medium,High School,Low,No,53.0,72.0
Male,20.0,79.0,14.0,10.0,2.5,3,5.0,Good,Medium,College,Medium,No,93.0,68.0
Male,20.0,70.0,30.0,6.0,2.5,3,5.0,Good,High,Postgraduate,Medium,No,84.0,70.0
Female,20.0,96.0,18.0,7.0,2.5,3,5.0,Good,Medium,High School,Medium,No,88.0,70.0
Male,20.0,80.0,28.0,6.0,2.5,6,5.0,Good,High,High School,Low,No,96.0,73.0
Male,20.0,84.0,12.0,6.0,2.5,2,5.0,Good,High,High School,High,No,88.0,67.0
Male,20.0,64.0,24.0,6.0,2.5,2,5.0,Good,Medium,Postgraduate,Medium,No,85.0,65.0
Female,20.0,75.0,16.0,5.0,2.5,3,5.0,Good,Medium,College,Medium,No,83.0,65.0
Female,20.0,98.0,12.0,7.0,2.5,3,5.0,Good,Medium,High School,High,No,63.0,65.0
Male,20.0,84.0,21.0,7.0,2.5,4,5.0,Good,Medium,College,Medium,No,98.0,70.0
Male,20.0,74.0,26.0,6.0,2.5,2,5.0,Good,Medium,High School,Medium,No,77.0,66.0
Male,20.0,85.0,15.0,4.0,2.5,1,5.0,Good,Medium,College,Medium,No,61.0,65.0
Male,20.0,96.0,11.0,7.0,2.5,1,5.0,Good,Medium,High School,Low,No,60.0,68.0
Female,20.0,71.0,19.0,7.0,2.5,1,5.0,Good,Medium,High School,High,No,91.0,66.0
Female,20.0,80.0,19.0,10.0,2.5,2,5.0,Good,High,College,Medium,No,63.0,65.0
Female,20.0,98.0,23.0,7.0,2.5,4,5.0,Good,Low,High School,Low,No,52.0,71.0
Male,20.0,67.0,26.0,8.0,2.5,3,5.0,Good,Medium,High School,High,No,71.0,65.0
Male,20.0,89.0,20.0,6.0,2.5,4,5.0,Good,High,College,Medium,No,91.0,70.0
Female,20.0,85.0,31.0,9.0,2.5,2,5.0,Good,Low,College,Medium,No,71.0,69.0
Male,20.0,87.0,21.0,6.0,2.5,4,5.0,Good,High,High School,High,No,90.0,71.0
Female,20.0,74.0,18.0,8.0,2.5,2,5.0,Good,Medium,High School,Medium,No,91.0,67.0
Male,20.0,73.0,10.0,8.0,2.5,2,5.0,Good,High,High School,Low,No,93.0,64.0
Male,20.0,87.0,18.0,8.0,2.5,4,5.0,Good,High,College,Low,No,79.0,82.0
Female,20.0,69.0,18.0,10.0,2.5,0,5.0,Good,Medium,College,High,No,85.0,66.0
Male,20.0,77.0,26.0,6.0,2.5,4,5.0,Good,Low,High School,Low,No,63.0,66.0
Male,20.0,68.0,23.0,9.0,2.5,3,5.0,Good,Medium,High School,Medium,No,55.0,65.0
Male,20.0,60.0,13.0,9.0,2.5,5,5.0,Good,Low,High School,Medium,No,77.0,61.0
Female,20.0,99.0,21.0,7.0,2.5,2,5.0,Good,High,Postgraduate,Medium,No,51.0,72.0
Male,20.0,77.0,24.0,10.0,2.5,3,5.0,Good,Medium,High School,Medium,No,73.0,70.0
Male,20.0,99.0,29.0,7.0,2.5,3,5.0,Good,Low,High School,Medium,No,55.0,71.0
Female,20.0,66.0,25.0,7.0,2.5,2,5.0,Good,Medium,High School,Medium,No,55.0,84.0
Male,20.0,83.0,25.0,7.0,2.5,3,5.0,Good,Low,College,Low,No,94.0,72.0
Female,20.0,68.0,20.0,5.0,2.5,3,5.0,Good,Medium,Postgraduate,Low,No,82.0,67.0
Male,20.0,92.0,22.0,8.0,2.5,5,5.0,Good,Medium,Postgraduate,Medium,No,82.0,72.0
Female,20.0,91.0,27.0,8.0,2.5,6,5.0,Good,Low,High School,Medium,No,70.0,70.0
Male,20.0,65.0,12.0,7.0,2.5,4,5.0,Good,Medium,High School,Low,No,71.0,62.0
Female,20.0,96.0,18.0,10.0,2.5,2,5.0,Good,Low,College,Medium,No,65.0,71.0
Female,20.0,68.0,15.0,6.0,2.5,3,5.0,Good,Low,High School,High,No,72.0,62.0
Female,20.0,85.0,22.0,4.0,2.5,3,5.0,Good,Low,High School,Low,No,79.0,68.0
Male,20.0,99.0,27.0,10.0,2.5,3,5.0,Good,High,High School,Low,No,59.0,74.0
Male,20.0,95.0,16.0,9.0,2.5,3,5.0,Good,Medium,High School,Medium,No,63.0,68.0
Female,20.0,98.0,6.0,8.0,2.5,3,5.0,Good,Medium,Postgraduate,High,No,75.0,64.0
Male,20.0,74.0,18.0,6.0,2.5,4,5.0,Good,Medium,High School,Low,No,69.0,65.0
Male,20.0,64.0,25.0,8.0,2.5,5,5.0,Good,Medium,College,Low,No,91.0,66.0
Female,20.0,68.0,23.0,5.0,2.5,1,5.0,Good,Low,College,Low,No,91.0,68.0
Male,20.0,80.0,23.0,7.0,2.5,4,5.0,Good,Low,High School,Low,No,67.0,67.0
Female,20.0,92.0,18.0,6.0,2.5,5,5.0,Good,Low,High School,Medium,No,73.0,67.0
Male,20.0,66.0,12.0,7.0,2.5,3,5.0,Good,Low,High School,Medium,No,99.0,63.0
Female,20.0,86.0,23.0,8.0,2.5,1,5.0,Good,Medium,College,Low,No,91.0,71.0
Male,20.0,73.0,15.0,5.0,2.5,2,5.0,Good,Low,Postgraduate,Low,No,61.0,63.0
Male,20.0,74.0,33.0,8.0,2.5,3,5.0,Good,Medium,High School,Medium,No,64.0,66.0
Female,20.0,86.0,23.0,7.0,2.5,2,5.0,Good,Low,High School,Medium,No,54.0,67.0
Male,20.0,79.0,17.0,8.0,2.5,2,5.0,Good,Medium,High School,Medium,No,84.0,66.0
Female,20.0,92.0,16.0,7.0,2.5,4,5.0,Good,High,Postgraduate,Medium,No,66.0,70.0
Female,20.0,66.0,19.0,8.0,2.5,4,5.0,Good,Low,College,Medium,No,77.0,64.0
Male,20.0,92.0,19.0,6.0,2.5,2,5.0,Good,Low,Postgraduate,High,No,88.0,71.0
Female,20.0,63.0,27.0,4.0,2.5,3,5.0,Good,Medium,College,Low,No,92.0,68.0
Male,20.0,68.0,21.0,5.0,2.5,3,5.0,Good,Low,High School,High,No,66.0,64.0
Female,20.0,86.0,16.0,6.0,2.5,4,5.0,Good,Low,High School,Low,No,62.0,66.0
Male,20.0,94.0,31.0,5.0,2.5,4,5.0,Good,Low,High School,High,No,92.0,72.0
Female,20.0,70.0,20.0,9.0,2.5,3,5.0,Good,High,Postgraduate,Medium,No,69.0,66.0
Female,20.0,73.0,25.0,7.0,2.5,4,5.0,Good,Medium,High School,Medium,No,91.0,70.0
Male,20.0,81.0,16.0,8.0,2.5,2,5.0,Good,High,High School,Medium,No,57.0,66.0
Female,20.0,68.0,22.0,8.0,2.5,3,5.0,Good,Medium,Postgraduate,Medium,No,96.0,68.0
Male,20.0,92.0,22.0,7.0,2.5,4,5.0,Good,High,College,Medium,No,74.0,70.0
Male,20.0,91.0,9.0,10.0,2.5,2,5.0,Good,High,College,Low,No,59.0,64.0
Male,20.0,66.0,32.0,10.0,2.5,1,5.0,Good,High,College,Medium,No,77.0,71.0
Male,20.0,79.0,28.0,9.0,2.5,5,5.0,Good,Low,College,Low,No,94.0,72.0
Male,20.0,91.0,18.0,6.0,2.5,2,5.0,Good,Medium,High School,Low,No,69.0,71.0
Male,20.0,73.0,13.0,9.0,2.5,4,5.0,Good,Medium,Postgraduate,Medium,No,59.0,63.0
Male,20.0,85.0,22.0,4.0,2.5,2,5.0,Good,Medium,College,High,No,79.0,68.0
Male,20.0,62.0,21.0,9.0,2.5,4,5.0,Good,Medium,High School,Medium,No,92.0,63.0
Male,20.0,84.0,22.0,4.0,2.5,2,5.0,Good,Medium,High School,High,No,56.0,66.0
Female,20.0,66.0,21.0,7.0,2.5,3,5.0,Good,High,High School,Medium,No,52.0,63.0
Female,20.0,93.0,23.0,9.0,2.5,4,5.0,Good,High,College,Low,No,53.0,72.0
Male,20.0,74.0,29.0,8.0,2.5,3,5.0,Good,High,Postgraduate,Low,No,62.0,70.0
Female,20.0,71.0,23.0,5.0,2.5,1,5.0,Good,Medium,College,Low,No,50.0,65.0
Female,20.0,94.0,14.0,7.0,2.5,3,5.0,Good,Medium,College,Medium,No,71.0,67.0
Female,20.0,62.0,28.0,8.0,2.5,3,5.0,Good,Medium,High School,Low,No,85.0,66.0
Male,20.0,76.0,30.0,7.0,2.5,2,5.0,Good,Medium,Postgraduate,Medium,No,86.0,69.0
Male,20.0,75.0,39.0,6.0,2.5,3,5.0,Good,High,College,High,No,82.0,73.0
Female,20.0,71.0,13.0,8.0,2.5,4,5.0,Good,High,Postgraduate,Medium,No,65.0,66.0
Female,20.0,96.0,21.0,9.0,2.5,6,5.0,Good,Medium,High School,Medium,No,87.0,70.0
Male,20.0,90.0,8.0,7.0,2.5,4,5.0,Good,High,College,Low,No,79.0,68.0
Male,20.0,63.0,23.0,9.0,2.5,2,5.0,Good,Medium,High School,Medium,No,93.0,65.0
Female,20.0,89.0,17.0,7.0,2.5,2,5.0,Good,Medium,Postgraduate,Low,No,74.0,67.0
Female,20.0,81.0,32.0,6.0,2.5,2,5.0,Good,High,High School,High,No,59.0,71.0
Female,20.0,96.0,15.0,9.0,2.5,3,5.0,Good,Medium,High School,Low,No,82.0,70.0
Male,20.0,73.0,10.0,9.0,2.5,3,5.0,Good,Low,High School,Low,No,58.0,61.0
Male,20.0,83.0,17.0,6.0,2.5,3,5.0,Good,Medium,High School,Medium,No,98.0,69.0
Male,20.0,80.0,8.0,6.0,2.5,3,5.0,Good,Medium,Postgraduate,Low,No,85.0,63.0
Male,20.0,80.0,25.0,10.0,2.5,2,5.0,Good,Low,College,Low,No,88.0,67.0
Male,20.0,78.0,8.0,7.0,2.5,2,5.0,Good,Medium,College,Medium,No,84.0,65.0
Female,20.0,68.0,20.0,7.0,2.5,3,5.0,Good,High,High School,Low,No,55.0,63.0
Male,20.0,90.0,8.0,7.0,2.5,4,5.0,Good,High,Postgraduate,High,No,73.0,67.0
Female,20.0,78.0,18.0,9.0,2.5,2,5.0,Good,Medium,Postgraduate,Low,No,83.0,66.0
Male,20.0,98.0,30.0,10.0,2.5,3,5.0,Good,Medium,Postgraduate,Low,No,61.0,72.0
Male,20.0,70.0,22.0,7.0,2.5,5,5.0,Good,Low,High School,Low,No,84.0,68.0
Male,20.0,87.0,15.0,10.0,2.5,4,5.0,Good,Medium,High School,Low,No,91.0,67.0
Male,20.0,98.0,20.0,6.0,2.5,3,5.0,Good,Medium,Postgraduate,High,No,64.0,72.0
Female,20.0,87.0,20.0,7.0,2.5,2,5.0,Good,Medium,High School,Low,No,60.0,66.0
Male,20.0,95.0,23.0,8.0,2.5,4,5.0,Good,Medium,High School,Medium,No,94.0,73.0
Male,20.0,93.0,12.0,6.0,2.5,3,5.0,Good,Low,Postgraduate,High,No,50.0,71.0
Male,20.0,74.0,24.0,8.0,2.5,3,5.0,Good,High,High School,Low,No,63.0,65.0
Male,20.0,84.0,4.0,6.0,2.5,4,5.0,Good,Medium,High School,Medium,No,70.0,65.0
Female,20.0,66.0,16.0,5.0,2.5,3,5.0,Good,Medium,High School,Medium,No,84.0,65.0
Male,20.0,81.0,17.0,4.0,2.5,2,5.0,Good,Low,College,Medium,No,100.0,68.0
Female,20.0,69.0,24.0,7.0,2.5,3,5.0,Good,Medium,College,High,No,69.0,70.0
Female,20.0,90.0,20.0,8.0,2.5,2,5.0,Good,Low,High School,Medium,No,97.0,68.0
Male,20.0,81.0,12.0,5.0,2.5,2,5.0,Good,High,High School,Low,No,68.0,62.0
Male,20.0,76.0,14.0,7.0,2.5,3,5.0,Good,High,College,Low,No,85.0,66.0
Female,20.0,71.0,21.0,7.0,2.5,5,5.0,Good,Low,College,Low,No,58.0,65.0
Female,20.0,100.0,20.0,7.0,2.5,4,5.0,Good,Medium,College,Low,No,73.0,71.0
Male,20.0,63.0,17.0,6.0,2.5,2,5.0,Good,Low,High School,Medium,No,94.0,61.0
Male,20.0,62.0,17.0,7.0,2.5,4,5.0,Good,High,High School,High,No,66.0,63.0
Male,20.0,69.0,24.0,7.0,2.5,4,5.0,Good,Low,High School,Medium,No,55.0,67.0
Male,20.0,99.0,17.0,8.0,2.5,4,5.0,Good,Low,Postgraduate,High,No,76.0,70.0
Male,20.0,99.0,19.0,5.0,2.5,4,5.0,Good,Low,Postgraduate,Medium,No,72.0,73.0
Male,20.0,86.0,33.0,7.0,2.5,3,5.0,Good,Medium,High School,High,No,61.0,72.0
Male,20.0,95.0,11.0,5.0,2.5,3,5.0,Good,Low,Postgraduate,Low,No,95.0,69.0
Male,20.0,69.0,9.0,7.0,2.5,3,5.0,Good,Medium,College,Medium,No,80.0,61.0
Male,20.0,99.0,25.0,5.0,2.5,3,5.0,Good,Medium,High School,Low,No,67.0,71.0
Female,20.0,66.0,16.0,6.0,2.5,3,5.0,Good,Medium,High School,Medium,No,100.0,64.0
Male,20.0,64.0,18.0,7.0,2.5,3,5.0,Good,Medium,High School,High,No,57.0,61.0
Female,20.0,64.0,15.0,6.0,2.5,4,5.0,Good,Low,College,Low,No,92.0,63.0
Male,20.0,83.0,18.0,9.0,2.5,2,5.0,Good,High,High School,Low,No,62.0,65.0
Female,20.0,91.0,30.0,9.0,2.5,4,5.0,Good,Low,Postgraduate,Low,No,62.0,73.0
Male,20.0,75.0,25.0,8.0,2.5,4,5.0,Good,High,Postgraduate,High,No,75.0,68.0
Female,20.0,99.0,25.0,8.0,2.5,2,5.0,Good,Medium,College,Medium,No,83.0,72.0
Male,20.0,77.0,12.0,7.0,2.5,3,5.0,Good,Medium,College,Medium,No,85.0,62.0
Male,20.0,66.0,13.0,9.0,2.5,2,5.0,Good,Low,Postgraduate,Medium,No,51.0,63.0
Female,20.0,79.0,3.0,7.0,2.5,3,5.0,Good,Low,Postgraduate,Medium,No,64.0,58.0
Male,20.0,87.0,15.0,10.0,2.5,3,5.0,Good,Medium,High School,High,No,83.0,68.0
Female,20.0,93.0,26.0,6.0,2.5,2,5.0,Good,Low,High School,Medium,No,94.0,74.0
Male,20.0,78.0,23.0,5.0,2.5,3,5.0,Good,Medium,High School,Medium,No,83.0,68.0
Male,20.0,84.0,19.0,5.0,2.5,2,5.0,Good,Medium,High School,High,No,63.0,67.0
Male,20.0,71.0,20.0,5.0,2.5,4,5.0,Good,Low,High School,Medium,No,75.0,65.0
Female,20.0,86.0,16.0,5.0,2.5,4,5.0,Good,Low,High School,Low,No,82.0,63.0
Male,20.0,99.0,21.0,7.0,2.5,2,5.0,Good,High,Postgraduate,Medium,No,57.0,71.0
Female,20.0,62.0,25.0,8.0,2.5,4,5.0,Good,Medium,College,Medium,No,77.0,62.0
Male,20.0,95.0,10.0,7.0,2.5,3,5.0,Good,High,High School,Low,No,74.0,66.0
Female,20.0,82.0,22.0,5.0,2.5,1,5.0,Good,Low,Postgraduate,Low,No,67.0,65.0
Male,20.0,70.0,26.0,6.0,2.5,3,5.0,Good,Low,High School,Low,No,81.0,66.0
Male,20.0,98.0,18.0,8.0,2.5,3,5.0,Good,Medium,College,Medium,No,82.0,71.0
Male,20.0,79.0,24.0,6.0,2.5,3,5.0,Good,High,High School,Low,No,99.0,68.0
Male,20.0,73.0,37.0,6.0,2.5,5,5.0,Good,Medium,High School,High,No,71.0,72.0
Male,20.0,67.0,19.0,5.0,2.5,4,5.0,Good,Medium,Postgraduate,Medium,No,77.0,66.0
Male,20.0,70.0,22.0,6.0,2.5,2,5.0,Good,Low,Postgraduate,High,No,58.0,66.0
Male,20.0,93.0,16.0,6.0,2.5,1,5.0,Good,High,High School,Low,No,77.0,67.0
Male,20.0,85.0,21.0,7.0,2.5,3,5.0,Good,Medium,Postgraduate,High,No,52.0,71.0
Male,20.0,97.0,23.0,8.0,2.5,1,5.0,Good,Low,Postgraduate,High,No,57.0,72.0
Male,20.0,69.0,21.0,7.0,2.5,3,5.0,Good,Medium,Postgraduate,Low,No,59.0,64.0
Male,20.0,65.0,14.0,7.0,2.5,3,5.0,Good,Low,High School,Low,No,82.0,60.0
Female,20.0,60.0,21.0,8.0,2.5,2,5.0,Good,Medium,High School,Medium,No,78.0,64.0
Female,20.0,80.0,29.0,5.0,2.5,1,5.0,Good,Medium,College,Medium,No,90.0,70.0
Male,20.0,100.0,23.0,10.0,2.5,2,5.0,Good,Medium,College,Medium,No,73.0,72.0
Female,20.0,88.0,26.0,6.0,2.5,2,5.0,Good,Medium,High School,Low,No,74.0,68.0
Female,20.0,72.0,19.0,8.0,2.5,3,5.0,Good,Medium,High School,Medium,No,58.0,62.0
Male,20.0,95.0,24.0,5.0,2.5,2,5.0,Good,Medium,High School,Low,No,87.0,68.0
Male,20.0,91.0,22.0,7.0,2.5,5,5.0,Good,Medium,Postgraduate,Low,No,50.0,72.0
Female,20.0,61.0,14.0,7.0,2.5,1,5.0,Good,Medium,Postgraduate,Medium,No,71.0,60.0
Female,20.0,93.0,22.0,9.0,2.5,4,5.0,Good,Low,Postgraduate,Low,No,59.0,72.0
Female,20.0,72.0,14.0,7.0,2.5,3,5.0,Good,Medium,High School,Medium,No,89.0,65.0
Female,20.0,66.0,16.0,9.0,2.5,4,5.0,Good,High,High School,Low,No,84.0,63.0
Male,20.0,69.0,21.0,7.0,2.5,0,5.0,Good,Medium,Postgraduate,Medium,No,85.0,66.0
Male,20.0,79.0,22.0,10.0,2.5,2,5.0,Good,Low,High School,Medium,No,57.0,65.0
Male,20.0,77.0,13.0,4.0,2.5,2,5.0,Good,Medium,Postgraduate,Medium,No,83.0,65.0
Male,20.0,72.0,26.0,8.0,2.5,3,5.0,Good,Medium,High School,Low,No,85.0,67.0
Male,20.0,67.0,23.0,4.0,2.5,3,5.0,Good,Low,College,Low,No,50.0,65.0
Male,20.0,90.0,16.0,7.0,2.5,3,5.0,Good,Medium,High School,High,No,66.0,67.0
Male,20.0,100.0,11.0,9.0,2.5,3,5.0,Good,Low,Postgraduate,Low,No,54.0,66.0
Male,20.0,91.0,19.0,9.0,2.5,3,5.0,Good,High,High School,High,No,84.0,71.0
Male,20.0,72.0,17.0,8.0,2.5,4,5.0,Good,Medium,Postgraduate,Medium,No,61.0,64.0
Male,20.0,70.0,21.0,7.0,2.5,2,5.0,Good,Medium,High School,Medium,No,63.0,61.0
Male,20.0,69.0,18.0,8.0,2.5,2,5.0,Good,Low,High School,High,No,54.0,65.0
Male,20.0,65.0,8.0,10.0,2.5,5,5.0,Good,Medium,High School,Medium,No,74.0,61.0
Female,20.0,82.0,18.0,7.0,2.5,4,5.0,Good,Low,High School,Low,No,52.0,64.0
Female,20.0,84.0,18.0,8.0,2.5,3,5.0,Good,Low,College,Low,No,92.0,69.0
Male,20.0,88.0,24.0,6.0,2.5,4,5.0,Good,High,High School,Medium,No,51.0,71.0
Male,20.0,87.0,16.0,9.0,2.5,5,5.0,Good,High,College,Medium,No,53.0,70.0
Female,20.0,72.0,30.0,8.0,2.5,1,5.0,Good,High,College,Low,No,82.0,70.0
Male,20.0,73.0,9.0,6.0,2.5,2,5.0,Good,Low,High School,Low,No,96.0,62.0
Female,20.0,87.0,28.0,8.0,2.5,3,5.0,Good,Medium,Postgraduate,Medium,No,95.0,73.0
Male,20.0,74.0,19.0,8.0,2.5,3,5.0,Good,High,College,Medium,No,54.0,66.0
Female,20.0,69.0,25.0,8.0,2.5,3,5.0,Good,Medium,Postgraduate,High,No,64.0,66.0
Female,20.0,75.0,20.0,7.0,2.5,3,5.0,Good,Medium,College,High,No,76.0,66.0
Female,20.0,71.0,27.0,9.0,2.5,1,5.0,Good,Medium,College,High,No,51.0,66.0
Male,20.0,64.0,18.0,6.0,2.5,4,5.0,Good,Medium,High School,Medium,No,76.0,65.0
Female,20.0,93.0,13.0,7.0,2.5,2,5.0,Good,High,Postgraduate,Medium,No,72.0,67.0
Female,20.0,94.0,29.0,7.0,2.5,4,5.0,Good,Medium,College,Low,No,79.0,76.0
Female,20.0,69.0,19.0,9.0,2.5,3,5.0,Good,Medium,High School,High,No,96.0,66.0
Male,20.0,63.0,21.0,6.0,2.5,3,5.0,Good,Low,High School,High,No,64.0,63.0
Female,20.0,90.0,27.0,7.0,2.5,3,5.0,Good,Medium,College,Medium,No,82.0,71.0
Male,20.0,68.0,14.0,6.0,2.5,3,5.0,Good,Low,College,Medium,No,71.0,63.0
Male,20.0,76.0,24.0,7.0,2.5,2,5.0,Good,Low,College,High,No,72.0,67.0
Male,20.0,63.0,16.0,8.0,2.5,3,5.0,Good,Medium,High School,High,No,82.0,63.0
Male,20.0,69.0,19.0,5.0,2.5,4,5.0,Good,Medium,High School,High,No,98.0,66.0
Female,20.0,92.0,20.0,9.0,2.5,2,5.0,Good,Low,College,High,No,93.0,72.0
Female,20.0,92.0,11.0,8.0,2.5,2,5.0,Good,High,Postgraduate,Medium,No,82.0,70.0
Male,20.0,68.0,15.0,6.0,2.5,3,5.0,Good,Medium,College,Medium,No,73.0,62.0
Female,20.0,73.0,28.0,6.0,2.5,2,5.0,Good,Medium,College,Medium,No,71.0,69.0
Female,20.0,65.0,25.0,9.0,2.5,3,5.0,Good,Medium,High School,Medium,No,89.0,66.0
Male,20.0,63.0,20.0,8.0,2.5,3,5.0,Good,Medium,High School,High,No,61.0,64.0
Female,20.0,100.0,21.0,6.0,2.5,1,5.0,Good,Medium,High School,Low,No,79.0,70.0
Male,20.0,86.0,18.0,6.0,2.5,4,5.0,Good,High,High School,Low,No,75.0,67.0
Male,20.0,82.0,28.0,8.0,2.5,2,5.0,Good,Low,Postgraduate,Medium,No,82.0,71.0
Male,20.0,91.0,19.0,8.0,2.5,2,5.0,Good,High,Postgraduate,High,No,59.0,69.0
Male,20.0,94.0,21.0,8.0,2.5,4,5.0,Good,Medium,College,Medium,No,85.0,70.0
Male,20.0,92.0,27.0,7.0,2.5,1,5.0,Good,Medium,College,Low,No,81.0,70.0
Female,20.0,61.0,15.0,8.0,2.5,2,5.0,Good,Medium,Postgraduate,Medium,No,59.0,61.0
Female,20.0,67.0,29.0,7.0,2.5,3,5.0,Good,Medium,High School,Medium,No,72.0,65.0
Male,20.0,86.0,11.0,6.0,2.5,3,5.0,Good,Medium,High School,High,No,84.0,67.0
Male,20.0,75.0,30.0,9.0,2.5,5,5.0,Good,Low,Postgraduate,High,No,95.0,70.0
Male,20.0,99.0,18.0,8.0,2.5,3,5.0,Good,Medium,High School,Low,No,56.0,67.0
Male,20.0,87.0,19.0,6.0,2.5,2,5.0,Good,Medium,Postgraduate,Low,No,50.0,68.0
Male,20.0,98.0,9.0,7.0,2.5,4,5.0,Good,Medium,College,Medium,No,58.0,69.0
Male,20.0,68.0,17.0,7.0,2.5,1,5.0,Good,Medium,Postgraduate,Medium,No,99.0,65.0
Male,20.0,95.0,14.0,6.0,2.5,2,5.0,Good,Medium,High School,Low,No,88.0,68.0
Male,20.0,73.0,16.0,7.0,2.5,4,5.0,Good,Medium,Postgraduate,High,No,81.0,67.0
Male,20.0,100.0,19.0,6.0,2.5,2,5.0,Good,Medium,High School,High,No,57.0,70.0
Female,20.0,66.0,26.0,8.0,2.5,3,5.0,Good,High,High School,Medium,No,71.0,68.0
Male,20.0,81.0,21.0,7.0,2.5,4,5.0,Good,Medium,College,Low,No,86.0,69.0
Male,20.0,92.0,22.0,5.0,2.5,3,5.0,Good,Low,Postgraduate,Low,No,95.0,70.0
Male,20.0,77.0,13.0,7.0,2.5,5,5.0,Good,Medium,College,Low,No,69.0,67.0
Female,20.0,79.0,15.0,6.0,2.5,3,5.0,Good,Medium,College,Low,No,100.0,70.0
Female,20.0,99.0,31.0,4.0,2.5,2,5.0,Good,High,Postgraduate,High,No,57.0,74.0
Female,20.0,77.0,16.0,7.0,2.5,4,5.0,Good,Low,High School,Low,No,69.0,63.0
Female,20.0,84.0,30.0,9.0,2.5,2,5.0,Good,Medium,High School,Low,No,94.0,72.0
Male,20.0,62.0,19.0,7.0,2.5,5,5.0,Good,Low,Postgraduate,Low,No,82.0,62.0
Female,20.0,94.0,20.0,8.0,2.5,2,5.0,Good,Medium,Postgraduate,Low,No,91.0,71.0
Male,20.0,86.0,26.0,7.0,2.5,5,5.0,Good,Medium,High School,Low,No,95.0,68.0
Male,20.0,76.0,28.0,6.0,2.5,3,5.0,Good,High,High School,High,No,75.0,72.0
Female,20.0,61.0,19.0,6.0,2.5,2,5.0,Good,High,Postgraduate,High,No,62.0,64.0
Male,20.0,84.0,18.0,5.0,2.5,4,5.0,Good,Medium,High School,Medium,No,85.0,64.0
Female,20.0,61.0,20.0,8.0,2.5,5,5.0,Good,Medium,High School,Low,No,78.0,63.0
Male,20.0,60.0,22.0,8.0,2.5,4,5.0,Good,Medium,College,Medium,No,89.0,66.0
Female,20.0,85.0,25.0,7.0,2.5,2,5.0,Good,Medium,College,High,No,76.0,71.0
Male,20.0,68.0,20.0,4.0,2.5,4,5.0,Good,High,College,High,No,91.0,70.0
Male,20.0,68.0,24.0,8.0,2.5,0,5.0,Good,Low,High School,Medium,No,95.0,67.0
Female,20.0,86.0,30.0,6.0,2.5,4,5.0,Good,Medium,College,Low,No,87.0,73.0
Female,20.0,62.0,22.0,7.0,2.5,3,5.0,Good,Medium,High School,High,No,87.0,64.0
Female,20.0,73.0,22.0,5.0,2.5,1,5.0,Good,Medium,Postgraduate,Medium,No,79.0,65.0
Female,20.0,66.0,11.0,7.0,2.5,3,5.0,Good,Medium,High School,Medium,No,74.0,62.0
Female,20.0,83.0,4.0,7.0,2.5,3,5.0,Good,Low,College,Low,No,99.0,64.0
Male,20.0,86.0,22.0,4.0,2.5,5,5.0,Good,Low,College,Low,No,82.0,67.0
Male,20.0,89.0,19.0,9.0,2.5,3,5.0,Good,High,Postgraduate,Medium,No,92.0,74.0
Male,20.0,70.0,17.0,7.0,2.5,4,5.0,Good,Medium,College,Low,No,75.0,63.0
Male,20.0,64.0,21.0,7.0,2.5,4,5.0,Good,Low,High School,Medium,No,78.0,64.0
Female,20.0,63.0,20.0,8.0,2.5,3,5.0,Good,Low,Postgraduate,Medium,No,83.0,64.0
Male,20.0,77.0,27.0,7.0,2.5,3,5.0,Good,High,College,High,No,86.0,70.0
Female,20.0,98.0,21.0,8.0,2.5,3,5.0,Good,Medium,High School,Low,No,72.0,71.0
Male,20.0,69.0,16.0,5.0,2.5,4,5.0,Good,Medium,College,Medium,No,68.0,63.0
Female,20.0,70.0,26.0,7.0,2.5,1,5.0,Good,Medium,College,Low,No,62.0,66.0
Male,20.0,64.0,19.0,4.0,2.5,3,5.0,Good,Medium,High School,High,No,71.0,65.0
Male,20.0,84.0,23.0,7.0,2.5,5,5.0,Good,Medium,College,Medium,No,61.0,70.0
Female,20.0,87.0,17.0,9.0,2.5,3,5.0,Good,Medium,College,Low,No,71.0,65.0
Male,20.0,86.0,16.0,5.0,2.5,2,5.0,Good,High,High School,Medium,No,94.0,68.0
Male,20.0,94.0,21.0,6.0,2.5,2,5.0,Good,Medium,High School,Medium,No,99.0,72.0
Male,20.0,79.0,20.0,4.0,2.5,4,5.0,Good,Low,High School,Medium,No,79.0,67.0
Male,20.0,65.0,23.0,7.0,2.5,4,5.0,Good,Low,High School,High,No,57.0,65.0
Male,20.0,72.0,18.0,8.0,2.5,4,5.0,Good,Low,Postgraduate,High,No,71.0,66.0
Female,20.0,86.0,9.0,8.0,2.5,5,5.0,Good,Medium,College,Low,No,80.0,67.0
Male,20.0,85.0,17.0,6.0,2.5,3,5.0,Good,Medium,Postgraduate,Medium,No,69.0,65.0
Male,20.0,81.0,25.0,4.0,2.5,3,5.0,Good,Medium,High School,Medium,No,60.0,68.0
Male,20.0,87.0,18.0,5.0,2.5,1,5.0,Good,High,High School,Medium,No,61.0,68.0
Female,20.0,85.0,19.0,9.0,2.5,3,5.0,Good,Medium,College,High,No,74.0,69.0
Female,20.0,95.0,26.0,8.0,2.5,2,5.0,Good,Medium,Postgraduate,Medium,No,61.0,71.0
Male,20.0,83.0,16.0,7.0,2.5,1,5.0,Good,Medium,Postgraduate,Low,No,62.0,64.0
Male,20.0,91.0,11.0,7.0,2.5,3,5.0,Good,Medium,High School,Medium,No,94.0,65.0
Male,20.0,70.0,19.0,5.0,2.5,2,5.0,Good,Medium,High School,Low,No,89.0,64.0
Female,20.0,87.0,17.0,9.0,2.5,3,5.0,Good,Low,Postgraduate,Low,No,53.0,67.0
Female,20.0,96.0,14.0,6.0,2.5,2,5.0,Good,Medium,College,Medium,No,66.0,70.0
Female,20.0,75.0,19.0,8.0,2.5,4,5.0,Good,Medium,High School,Low,No,77.0,66.0
Male,20.0,91.0,23.0,5.0,2.5,3,5.0,Good,Low,High School,Medium,No,53.0,70.0
Male,20.0,89.0,20.0,7.0,2.5,4,5.0,Good,Low,High School,High,No,84.0,70.0
Male,20.0,62.0,22.0,9.0,2.5,3,5.0,Good,Low,College,High,No,69.0,64.0
Male,20.0,83.0,31.0,6.0,2.5,3,5.0,Good,Medium,College,Low,No,70.0,71.0
Male,20.0,65.0,18.0,8.0,2.5,3,5.0,Good,Medium,High School,Medium,No,63.0,63.0
Male,20.0,99.0,22.0,5.0,2.5,3,5.0,Good,High,College,Medium,No,67.0,72.0
Female,20.0,92.0,17.0,6.0,2.5,4,5.0,Good,Medium,College,Medium,No,93.0,72.0
Male,20.0,64.0,15.0,7.0,2.5,2,5.0,Good,Low,High School,Low,No,89.0,61.0
Female,20.0,65.0,16.0,8.0,2.5,4,5.0,Good,High,High School,Low,No,97.0,63.0
Male,20.0,84.0,17.0,7.0,2.5,2,5.0,Good,High,College,Medium,No,85.0,67.0
Female,20.0,74.0,22.0,8.0,2.5,1,5.0,Good,Low,High School,Medium,No,79.0,67.0
Female,20.0,61.0,34.0,9.0,2.5,5,5.0,Good,Low,High School,Medium,No,63.0,65.0
Female,20.0,82.0,16.0,6.0,2.5,2,5.0,Good,Medium,High School,Medium,No,83.0,64.0
Female,20.0,76.0,18.0,5.0,2.5,6,5.0,Good,High,Postgraduate,High,No,95.0,69.0
Female,20.0,64.0,20.0,6.0,2.5,4,5.0,Good,High,College,High,No,53.0,65.0
Male,20.0,92.0,22.0,9.0,2.5,4,5.0,Good,Low,Postgraduate,Low,No,72.0,71.0
Male,20.0,97.0,22.0,6.0,2.5,2,5.0,Good,Medium,High School,Medium,No,57.0,70.0
Female,20.0,90.0,28.0,9.0,2.5,2,5.0,Good,Medium,College,Medium,No,91.0,98.0
Female,20.0,93.0,5.0,7.0,2.5,2,5.0,Good,Medium,College,Low,No,81.0,65.0
Female,20.0,69.0,6.0,10.0,2.5,4,5.0,Good,Medium,Postgraduate,Medium,No,94.0,63.0
Male,20.0,71.0,17.0,10.0,2.5,3,5.0,Good,Low,High School,Low,No,53.0,61.0
Male,20.0,68.0,27.0,9.0,2.5,3,5.0,Good,Medium,College,Low,No,95.0,67.0
Female,20.0,91.0,11.0,5.0,2.5,2,5.0,Good,Medium,Postgraduate,Low,No,53.0,64.0
Female,20.0,98.0,2.0,4.0,2.5,2,5.0,Good,Medium,High School,Low,No,64.0,65.0
Male,20.0,89.0,23.0,7.0,2.5,3,5.0,Good,Medium,Postgraduate,Medium,No,58.0,73.0
Male,20.0,95.0,21.0,8.0,2.5,3,5.0,Good,Low,High School,Low,No,57.0,69.0
Male,20.0,86.0,13.0,8.0,2.5,3,5.0,Good,Medium,High School,Medium,No,59.0,67.0
Male,20.0,76.0,14.0,6.0,2.5,2,5.0,Good,Low,College,High,No,74.0,63.0
Male,20.0,77.0,14.0,5.0,2.5,2,5.0,Good,Low,College,Medium,No,89.0,67.0
Male,20.0,63.0,21.0,8.0,2.5,5,5.0,Good,Medium,High School,High,No,95.0,66.0
Female,20.0,61.0,16.0,10.0,2.5,2,5.0,Good,Medium,College,Low,No,78.0,64.0
Male,20.0,88.0,23.0,6.0,2.5,2,5.0,Good,Medium,High School,Low,No,58.0,68.0
Male,20.0,78.0,3.0,8.0,2.5,4,5.0,Good,High,High School,High,No,54.0,61.0
Female,20.0,82.0,15.0,10.0,2.5,1,5.0,Good,Medium,College,High,No,75.0,66.0
Female,20.0,82.0,13.0,7.0,2.5,2,5.0,Good,Medium,High School,Low,No,88.0,65.0
Female,20.0,71.0,18.0,7.0,2.5,4,5.0,Good,Medium,College,Medium,No,81.0,65.0
Male,20.0,79.0,17.0,8.0,2.5,5,5.0,Good,Medium,Postgraduate,Medium,No,79.0,67.0
Female,20.0,79.0,25.0,7.0,2.5,2,5.0,Good,Medium,Postgraduate,Medium,No,52.0,68.0
Male,20.0,76.0,9.0,9.0,2.5,3,5.0,Good,Medium,College,Medium,No,71.0,63.0
Female,20.0,93.0,20.0,6.0,2.5,3,5.0,Good,Low,College,Low,No,78.0,70.0
Female,20.0,78.0,23.0,7.0,2.5,2,5.0,Good,Medium,High School,Low,No,80.0,68.0
Male,20.0,84.0,31.0,5.0,2.5,3,5.0,Good,Medium,High School,Low,No,50.0,69.0
Male,20.0,96.0,17.0,7.0,2.5,2,5.0,Good,Low,College,Low,No,60.0,67.0
Male,20.0,95.0,22.0,5.0,2.5,3,5.0,Good,Medium,High School,Low,No,97.0,69.0
Female,20.0,96.0,9.0,8.0,2.5,4,5.0,Good,Low,High School,Low,No,75.0,65.0
Male,20.0,71.0,6.0,5.0,2.5,2,5.0,Good,Medium,High School,Low,No,85.0,61.0
Female,20.0,61.0,25.0,8.0,2.5,3,5.0,Good,Low,College,Low,No,65.0,65.0
Male,20.0,70.0,20.0,6.0,2.5,4,5.0,Good,Low,Postgraduate,Medium,No,79.0,67.0
Male,20.0,71.0,27.0,10.0,2.5,2,5.0,Good,Medium,High School,Low,No,68.0,66.0
Female,20.0,96.0,12.0,9.0,2.5,4,5.0,Good,Medium,Postgraduate,High,No,65.0,69.0
Female,20.0,86.0,23.0,8.0,2.5,4,5.0,Good,High,College,Medium,No,71.0,71.0
Female,20.0,63.0,31.0,5.0,2.5,2,5.0,Good,Medium,High School,High,No,73.0,68.0
Male,20.0,65.0,23.0,6.0,2.5,5,5.0,Good,High,High School,Medium,No,67.0,65.0
Male,20.0,66.0,22.0,6.0,2.5,5,5.0,Good,High,Postgraduate,Low,No,63.0,64.0
Male,20.0,85.0,20.0,6.0,2.5,3,5.0,Good,Low,College,High,No,81.0,68.0
Male,20.0,89.0,11.0,9.0,2.5,3,5.0,Good,Low,High School,Low,No,69.0,64.0
Male,20.0,94.0,28.0,7.0,2.5,3,5.0,Good,Low,High School,Low,No,60.0,71.0
Female,20.0,98.0,16.0,6.0,2.5,3,5.0,Good,Medium,Postgraduate,Low,No,88.0,70.0
Male,20.0,68.0,23.0,6.0,2.5,2,5.0,Good,Medium,Postgraduate,Medium,No,86.0,68.0
Male,20.0,72.0,11.0,6.0,2.5,3,5.0,Good,Low,High School,Medium,No,94.0,63.0
Male,20.0,70.0,13.0,8.0,2.5,3,5.0,Good,Medium,High School,Low,No,78.0,61.0
Male,20.0,74.0,29.0,5.0,2.5,1,5.0,Good,Medium,College,Medium,No,64.0,66.0
Female,20.0,97.0,18.0,7.0,2.5,4,5.0,Good,Medium,College,High,No,93.0,75.0
Male,20.0,83.0,29.0,8.0,2.5,1,5.0,Good,Medium,High School,Medium,No,64.0,71.0
Male,20.0,90.0,20.0,4.0,2.5,3,5.0,Good,High,College,Low,No,83.0,69.0
Male,20.0,80.0,9.0,5.0,2.5,3,5.0,Good,Medium,High School,Low,No,60.0,62.0
Female,20.0,61.0,25.0,7.0,2.5,4,5.0,Good,High,High School,Medium,No,81.0,65.0
Female,20.0,63.0,16.0,9.0,2.5,3,5.0,Good,Medium,College,Low,No,92.0,61.0
Female,20.0,82.0,24.0,9.0,2.5,2,5.0,Good,Medium,High School,Medium,No,77.0,69.0
Male,20.0,89.0,20.0,6.0,2.5,3,5.0,Good,Low,Postgraduate,Medium,No,74.0,66.0
Male,20.0,69.0,11.0,9.0,2.5,5,5.0,Good,Low,High School,Low,No,100.0,64.0
Female,20.0,89.0,21.0,7.0,2.5,4,5.0,Good,Low,High School,Medium,No,51.0,69.0
Female,20.0,92.0,33.0,7.0,2.5,5,5.0,Good,Low,High School,High,No,67.0,78.0
Female,20.0,76.0,23.0,7.0,2.5,4,5.0,Good,Low,High School,Medium,No,96.0,68.0
Female,20.0,90.0,20.0,8.0,2.5,4,5.0,Good,Medium,High School,High,No,82.0,70.0
Male,20.0,76.0,26.0,6.0,2.5,5,5.0,Good,Medium,High School,Medium,No,77.0,68.0
Female,20.0,87.0,21.0,6.0,2.5,5,5.0,Good,Medium,Postgraduate,Medium,No,82.0,68.0
Female,20.0,91.0,21.0,5.0,2.5,3,5.0,Good,Low,College,High,No,66.0,69.0
Female,20.0,100.0,13.0,8.0,2.5,3,5.0,Good,Medium,College,Medium,No,54.0,68.0
Male,20.0,74.0,21.0,8.0,2.5,1,5.0,Good,Medium,College,Low,No,64.0,80.0
Male,20.0,76.0,26.0,8.0,2.5,3,5.0,Good,High,High School,Low,No,67.0,67.0
Male,20.0,67.0,15.0,5.0,2.5,2,5.0,Good,Medium,Postgraduate,High,No,74.0,64.0
Male,20.0,68.0,29.0,6.0,2.5,2,5.0,Good,Low,Postgraduate,Medium,No,70.0,64.0
Male,20.0,88.0,19.0,9.0,2.5,3,5.0,Good,Low,High School,Medium,No,76.0,68.0
Female,20.0,97.0,15.0,7.0,2.5,3,5.0,Good,Low,High School,Medium,No,60.0,67.0
Male,20.0,76.0,26.0,7.0,2.5,1,5.0,Good,Low,Postgraduate,Medium,No,59.0,65.0
Male,20.0,67.0,18.0,7.0,2.5,4,5.0,Good,Medium,High School,Medium,No,68.0,66.0
Male,20.0,71.0,25.0,8.0,2.5,4,5.0,Good,Low,Postgraduate,Medium,No,74.0,67.0
Male,20.0,78.0,18.0,7.0,2.5,3,5.0,Good,Low,College,High,No,67.0,64.0
Female,20.0,72.0,20.0,6.0,2.5,4,5.0,Good,Medium,Postgraduate,Low,No,79.0,66.0
Male,20.0,69.0,23.0,8.0,2.5,3,5.0,Good,Low,College,Medium,No,66.0,63.0
Male,20.0,89.0,22.0,5.0,2.5,4,5.0,Good,High,High School,Medium,No,59.0,71.0
Female,20.0,60.0,8.0,9.0,2.5,3,5.0,Good,High,Postgraduate,Low,No,93.0,62.0
Female,20.0,82.0,13.0,6.0,2.5,4,5.0,Good,Medium,College,Low,No,60.0,64.0
Male,20.0,92.0,26.0,8.0,2.5,3,5.0,Good,Medium,Postgraduate,Medium,No,98.0,72.0
Female,20.0,71.0,19.0,7.0,2.5,4,5.0,Good,Low,High School,Low,No,99.0,65.0
Female,20.0,84.0,17.0,6.0,2.5,2,5.0,Good,Medium,College,Medium,No,85.0,67.0
Female,20.0,87.0,12.0,9.0,2.5,3,5.0,Good,Medium,College,Low,No,75.0,65.0
Male,20.0,86.0,14.0,8.0,2.5,1,5.0,Good,Low,High School,Low,No,90.0,63.0
Female,20.0,78.0,8.0,7.0,2.5,3,5.0,Good,Low,High School,High,No,94.0,65.0
Male,20.0,74.0,19.0,10.0,2.5,5,5.0,Good,Medium,Postgraduate,Low,No,85.0,67.0
Male,20.0,93.0,16.0,8.0,2.5,4,5.0,Good,Low,High School,High,No,55.0,67.0
Male,20.0,90.0,14.0,6.0,2.5,3,5.0,Good,Medium,College,Medium,No,50.0,65.0
Male,20.0,73.0,20.0,4.0,2.5,3,5.0,Good,Medium,High School,Low,No,60.0,64.0
Female,20.0,64.0,22.0,7.0,2.5,5,5.0,Good,High,High School,Medium,No,59.0,64.0
Male,20.0,63.0,33.0,9.0,2.5,4,5.0,Good,Medium,High School,Medium,No,59.0,69.0
Male,20.0,64.0,11.0,8.0,2.5,3,5.0,Good,Low,High School,High,No,75.0,60.0
Male,20.0,83.0,27.0,9.0,2.5,4,5.0,Good,Medium,High School,Low,No,76.0,70.0
Male,20.0,62.0,26.0,6.0,2.5,3,5.0,Good,Medium,High School,Medium,No,86.0,66.0
Female,20.0,73.0,15.0,7.0,2.5,4,5.0,Good,High,College,Medium,No,60.0,66.0
Female,20.0,90.0,21.0,7.0,2.5,2,5.0,Good,Medium,College,Medium,No,55.0,68.0
Female,20.0,72.0,17.0,7.0,2.5,3,5.0,Good,Low,High School,Medium,No,83.0,62.0
Female,20.0,91.0,21.0,8.0,2.5,2,5.0,Good,Low,Postgraduate,Medium,No,74.0,70.0
Female,20.0,90.0,29.0,9.0,2.5,3,5.0,Good,Medium,High School,Medium,No,83.0,72.0
Female,20.0,70.0,24.0,10.0,2.5,2,5.0,Good,High,High School,High,No,69.0,64.0
Male,20.0,89.0,23.0,9.0,2.5,5,5.0,Good,High,Postgraduate,High,No,88.0,71.0
Female,20.0,90.0,17.0,8.0,2.5,4,5.0,Good,Medium,High School,Low,No,84.0,67.0
Female,20.0,76.0,11.0,6.0,2.5,1,5.0,Good,High,High School,Medium,No,83.0,64.0
Female,20.0,68.0,19.0,7.0,2.5,1,5.0,Good,Medium,High School,High,No,51.0,64.0
Female,20.0,81.0,27.0,8.0,2.5,3,5.0,Good,Medium,College,High,No,93.0,72.0
Female,20.0,97.0,11.0,7.0,2.5,2,5.0,Good,Medium,High School,Low,No,69.0,66.0
Female,20.0,86.0,14.0,6.0,2.5,2,5.0,Good,Medium,College,High,No,57.0,68.0
Female,20.0,67.0,21.0,6.0,2.5,5,5.0,Good,Medium,Postgraduate,Low,No,88.0,95.0
Male,20.0,87.0,14.0,8.0,2.5,3,5.0,Good,Medium,College,Medium,No,74.0,64.0
Male,20.0,77.0,15.0,7.0,2.5,2,5.0,Good,Medium,College,Medium,No,52.0,64.0
Male,20.0,84.0,17.0,7.0,2.5,2,5.0,Good,Medium,High School,High,No,89.0,68.0
Male,20.0,89.0,12.0,7.0,2.5,5,5.0,Good,Medium,College,High,No,72.0,67.0
Female,20.0,81.0,14.0,6.0,2.5,3,5.0,Good,Medium,Postgraduate,High,No,88.0,67.0
Female,20.0,93.0,24.0,7.0,2.5,3,5.0,Good,Low,High School,Medium,No,88.0,71.0
Female,20.0,89.0,12.0,6.0,2.5,3,5.0,Good,Low,High School,Low,No,55.0,63.0
Female,20.0,85.0,10.0,6.0,2.5,3,5.0,Good,Medium,High School,Low,No,81.0,66.0
Male,20.0,66.0,16.0,5.0,2.5,5,5.0,Good,High,Postgraduate,Low,No,68.0,65.0
Female,20.0,93.0,24.0,7.0,2.5,3,5.0,Good,Medium,High School,Low,No,77.0,68.0
Male,20.0,97.0,19.0,8.0,2.5,2,5.0,Good,Medium,High School,High,No,54.0,68.0
Male,20.0,65.0,17.0,9.0,2.5,2,5.0,Good,Medium,High School,Medium,No,79.0,62.0
Male,20.0,80.0,20.0,5.0,2.5,3,5.0,Good,Medium,Postgraduate,High,No,89.0,67.0
Female,20.0,70.0,10.0,9.0,2.5,4,5.0,Good,Medium,High School,Medium,No,99.0,65.0
Female,20.0,90.0,23.0,7.0,2.5,3,5.0,Good,Low,High School,High,No,66.0,71.0
Female,20.0,89.0,22.0,5.0,2.5,2,5.0,Good,Medium,College,High,No,58.0,71.0
Male,20.0,66.0,18.0,6.0,2.5,3,5.0,Good,Low,High School,Medium,No,68.0,61.0
Male,20.0,95.0,26.0,4.0,2.5,2,5.0,Good,Medium,High School,Low,No,51.0,70.0
Male,20.0,67.0,13.0,5.0,2.5,2,5.0,Good,Medium,High School,Low,No,70.0,60.0
Male,20.0,92.0,27.0,10.0,2.5,2,5.0,Good,Medium,Postgraduate,Low,No,96.0,70.0
Female,20.0,78.0,21.0,6.0,2.5,2,5.0,Good,High,College,Low,No,60.0,67.0
Male,20.0,73.0,18.0,8.0,2.5,2,5.0,Good,Low,Postgraduate,Medium,No,74.0,66.0
Female,20.0,66.0,20.0,7.0,2.5,2,5.0,Good,Medium,High School,Medium,No,79.0,63.0
Female,20.0,67.0,19.0,7.0,2.5,3,5.0,Good,Low,Postgraduate,Low,No,59.0,65.0
Female,20.0,86.0,27.0,8.0,2.5,2,5.0,Good,High,Postgraduate,High,No,67.0,75.0
Male,20.0,82.0,14.0,4.0,2.5,4,5.0,Good,Low,High School,High,No,96.0,66.0
Female,20.0,65.0,15.0,9.0,2.5,2,5.0,Good,Medium,College,Low,No,65.0,61.0
Male,20.0,65.0,26.0,7.0,2.5,1,5.0,Good,Low,Postgraduate,Low,No,82.0,65.0
Male,20.0,63.0,16.0,6.0,2.5,3,5.0,Good,Medium,Postgraduate,Low,No,57.0,61.0
Male,20.0,90.0,25.0,8.0,2.5,3,5.0,Good,Medium,College,Medium,No,83.0,73.0
Female,20.0,88.0,30.0,6.0,2.5,2,5.0,Good,Medium,College,High,No,64.0,73.0
Male,20.0,62.0,18.0,7.0,2.5,5,5.0,Good,Medium,College,Medium,No,62.0,63.0
Male,20.0,82.0,24.0,7.0,2.5,3,5.0,Good,Medium,Postgraduate,Medium,No,56.0,67.0
Male,20.0,63.0,13.0,8.0,2.5,4,5.0,Good,Medium,High School,Low,No,52.0,62.0
Male,20.0,96.0,25.0,7.0,2.5,3,5.0,Good,Medium,College,Medium,No,98.0,71.0
Male,20.0,96.0,21.0,5.0,2.5,4,5.0,Good,Medium,High School,Low,No,71.0,70.0
Female,20.0,88.0,23.0,8.0,2.5,5,5.0,Good,Medium,High School,Medium,No,89.0,70.0
Female,20.0,97.0,16.0,7.0,2.5,2,5.0,Good,Low,High School,Low,No,96.0,69.0
Female,20.0,92.0,10.0,4.0,2.5,2,5.0,Good,High,College,Low,No,60.0,66.0
Female,20.0,93.0,23.0,7.0,2.5,3,5.0,Good,High,High School,Medium,No,93.0,72.0
Female,20.0,83.0,8.0,6.0,2.5,3,5.0,Good,Low,High School,Low,No,85.0,63.0
Male,20.0,72.0,18.0,8.0,2.5,4,5.0,Good,Medium,High School,Medium,No,79.0,65.0
Female,20.0,69.0,26.0,6.0,2.5,3,5.0,Good,Medium,College,Medium,No,90.0,71.0
Male,20.0,73.0,21.0,5.0,2.5,3,5.0,Good,Medium,High School,High,No,56.0,66.0
Male,20.0,85.0,32.0,9.0,2.5,3,5.0,Good,Low,High School,High,No,63.0,69.0
Female,20.0,67.0,26.0,8.0,2.5,4,5.0,Good,Medium,College,Medium,No,57.0,62.0
Female,20.0,70.0,16.0,7.0,2.5,3,5.0,Good,High,High School,Medium,No,95.0,66.0
Female,20.0,79.0,20.0,8.0,2.5,4,5.0,Good,Low,High School,Low,No,55.0,66.0
Female,20.0,69.0,20.0,8.0,2.5,3,5.0,Good,High,High School,Medium,No,99.0,64.0
Male,20.0,84.0,11.0,7.0,2.5,3,5.0,Good,High,High School,Medium,No,55.0,63.0
Female,20.0,97.0,14.0,5.0,2.5,2,5.0,Good,Medium,High School,Low,No,83.0,68.0
Male,20.0,90.0,17.0,7.0,2.5,3,5.0,Good,Low,High School,Medium,No,83.0,68.0
Male,20.0,87.0,8.0,9.0,2.5,3,5.0,Good,Low,High School,Low,No,97.0,67.0
Female,20.0,83.0,20.0,8.0,2.5,3,5.0,Good,Medium,College,High,No,66.0,67.0
Female,20.0,80.0,19.0,7.0,2.5,2,5.0,Good,Medium,Postgraduate,Low,No,67.0,68.0
Male,20.0,67.0,10.0,8.0,2.5,4,5.0,Good,Medium,Postgraduate,Medium,No,92.0,65.0
Male,20.0,96.0,22.0,7.0,2.5,4,5.0,Good,High,College,Low,No,99.0,74.0
Male,20.0,70.0,24.0,9.0,2.5,2,5.0,Good,High,Postgraduate,Low,No,52.0,85.0
Male,20.0,64.0,21.0,9.0,2.5,3,5.0,Good,Medium,College,Low,No,82.0,64.0
Female,20.0,90.0,18.0,5.0,2.5,2,5.0,Good,High,High School,Medium,No,62.0,67.0
Female,20.0,67.0,24.0,9.0,2.5,2,5.0,Good,Medium,College,Medium,No,86.0,68.0
Female,20.0,75.0,24.0,10.0,2.5,3,5.0,Good,Low,College,Medium,No,89.0,67.0
Female,20.0,61.0,22.0,8.0,2.5,4,5.0,Good,Low,High School,Medium,No,88.0,65.0
Male,20.0,65.0,15.0,8.0,2.5,2,5.0,Good,Low,Postgraduate,Low,No,72.0,63.0
Male,20.0,67.0,22.0,6.0,2.5,2,5.0,Good,Medium,Postgraduate,Low,No,58.0,64.0
Male,20.0,62.0,27.0,6.0,2.5,3,5.0,Good,Medium,College,Low,No,79.0,62.0
Female,20.0,86.0,16.0,7.0,2.5,2,5.0,Good,Low,Postgraduate,Medium,No,89.0,68.0
Female,20.0,93.0,33.0,6.0,2.5,4,5.0,Good,High,Postgraduate,Low,No,96.0,75.0
Female,20.0,75.0,17.0,5.0,2.5,4,5.0,Good,High,High School,Low,No,73.0,63.0
Male,20.0,95.0,20.0,7.0,2.5,4,5.0,Good,Low,College,Low,No,62.0,68.0
Male,20.0,69.0,16.0,8.0,2.5,3,5.0,Good,Low,Postgraduate,Medium,No,56.0,63.0
Female,20.0,73.0,21.0,5.0,2.5,2,5.0,Good,Medium,College,Medium,No,90.0,68.0
Male,20.0,66.0,10.0,7.0,2.5,2,5.0,Good,Medium,High School,Medium,No,77.0,62.0
Female,20.0,85.0,17.0,7.0,2.5,2,5.0,Good,Medium,College,Medium,No,84.0,67.0
Male,20.0,77.0,13.0,7.0,2.5,3,5.0,Good,Medium,High School,Low,No,58.0,66.0
Male,20.0,85.0,21.0,8.0,2.5,2,5.0,Good,Low,High School,Medium,No,50.0,65.0
Female,20.0,90.0,26.0,8.0,2.5,3,5.0,Good,Medium,Postgraduate,Low,No,98.0,69.0
Male,20.0,82.0,24.0,6.0,2.5,1,5.0,Good,Medium,High School,High,No,91.0,70.0
Female,20.0,85.0,6.0,9.0,2.5,3,5.0,Good,High,Postgraduate,Low,No,70.0,64.0
Female,20.0,97.0,32.0,8.0,2.5,3,5.0,Good,Medium,College,High,No,73.0,75.0
Male,20.0,72.0,22.0,9.0,2.5,3,5.0,Good,High,College,Low,No,96.0,66.0
Female,20.0,74.0,15.0,7.0,2.5,3,5.0,Good,Low,High School,Medium,No,60.0,62.0
Male,20.0,89.0,21.0,7.0,2.5,5,5.0,Good,Low,Postgraduate,High,No,90.0,70.0
Male,20.0,84.0,21.0,7.0,2.5,3,5.0,Good,Medium,High School,Medium,No,51.0,68.0
Female,20.0,67.0,16.0,9.0,2.5,2,5.0,Good,High,Postgraduate,Medium,No,94.0,66.0
Male,20.0,75.0,21.0,7.0,2.5,2,5.0,Good,Medium,High School,Low,No,79.0,65.0
Male,20.0,79.0,16.0,7.0,2.5,2,5.0,Good,High,Postgraduate,Medium,No,74.0,68.0
Female,20.0,77.0,18.0,10.0,2.5,3,5.0,Good,Low,Postgraduate,Medium,No,85.0,68.0
Male,20.0,67.0,16.0,5.0,2.5,3,5.0,Good,Low,High School,Medium,No,53.0,62.0
Female,20.0,97.0,11.0,8.0,2.5,3,5.0,Good,Low,College,Low,No,60.0,66.0
Female,20.0,90.0,21.0,7.0,2.5,2,5.0,Good,Medium,Postgraduate,Low,No,70.0,68.0
Male,20.0,79.0,24.0,7.0,2.5,2,5.0,Good,High,High School,High,No,81.0,69.0
Male,20.0,87.0,23.0,6.0,2.5,3,5.0,Good,Medium,High School,High,No,57.0,67.0
Male,20.0,96.0,25.0,6.0,2.5,2,5.0,Good,Low,Postgraduate,High,No,69.0,74.0
Male,20.0,65.0,22.0,6.0,2.5,3,5.0,Good,Medium,High School,Medium,No,63.0,61.0
Female,20.0,70.0,17.0,8.0,2.5,2,5.0,Good,Low,High School,High,No,82.0,64.0
Female,20.0,82.0,25.0,8.0,2.5,2,5.0,Good,Medium,High School,Low,No,96.0,69.0
Male,20.0,92.0,12.0,4.0,2.5,2,5.0,Good,Low,College,Medium,No,58.0,66.0
Female,20.0,61.0,15.0,5.0,2.5,4,5.0,Good,High,High School,Low,No,59.0,61.0
Female,20.0,99.0,14.0,8.0,2.5,4,5.0,Good,High,College,Medium,No,80.0,71.0
Female,20.0,78.0,26.0,8.0,2.5,4,5.0,Good,Medium,College,Low,No,73.0,71.0
Female,20.0,74.0,26.0,5.0,2.5,4,5.0,Good,Low,College,Low,No,86.0,69.0
Female,20.0,72.0,23.0,8.0,2.5,4,5.0,Good,Low,Postgraduate,Low,No,64.0,66.0
Male,20.0,67.0,26.0,7.0,2.5,3,5.0,Good,Low,High School,Low,No,77.0,64.0
Male,20.0,92.0,15.0,8.0,2.5,4,5.0,Good,Medium,Postgraduate,High,No,69.0,68.0
Female,20.0,98.0,22.0,6.0,2.5,3,5.0,Good,Low,High School,Medium,No,64.0,71.0
Male,20.0,77.0,19.0,5.0,2.5,4,5.0,Good,High,High School,Medium,No,86.0,66.0
Male,20.0,98.0,25.0,7.0,2.5,4,5.0,Good,High,Postgraduate,High,No,90.0,94.0
Female,20.0,93.0,19.0,7.0,2.5,3,5.0,Good,Low,High School,Medium,No,66.0,68.0
Female,20.0,79.0,18.0,7.0,2.5,4,5.0,Good,Medium,College,Medium,No,81.0,66.0
Male,20.0,87.0,23.0,6.0,2.5,2,5.0,Good,Medium,High School,Medium,No,59.0,70.0
Male,20.0,77.0,25.0,10.0,2.5,3,5.0,Good,Medium,High School,Low,No,90.0,68.0
Male,20.0,82.0,16.0,4.0,2.5,2,5.0,Good,Low,Postgraduate,Medium,No,64.0,65.0
Male,20.0,62.0,20.0,6.0,2.5,4,5.0,Good,Low,High School,Medium,No,59.0,64.0
Male,20.0,88.0,14.0,6.0,2.5,3,5.0,Good,Medium,College,Low,No,97.0,69.0
Male,20.0,62.0,5.0,7.0,2.5,4,5.0,Good,Low,College,Low,No,71.0,59.0
Male,20.0,93.0,21.0,8.0,2.5,4,5.0,Good,Medium,College,Medium,No,82.0,70.0
Male,20.0,93.0,24.0,8.0,2.5,2,5.0,Good,High,College,High,No,90.0,72.0
Male,20.0,69.0,22.0,9.0,2.5,3,5.0,Good,Medium,College,Medium,No,84.0,64.0
Male,20.0,73.0,8.0,8.0,2.5,3,5.0,Good,High,High School,Medium,No,78.0,63.0
Male,20.0,79.0,18.0,4.0,2.5,3,5.0,Good,Medium,College,High,No,69.0,67.0
Male,20.0,84.0,7.0,5.0,2.5,3,5.0,Good,Medium,High School,Low,No,96.0,62.0
Female,20.0,71.0,28.0,9.0,2.5,4,5.0,Good,High,Postgraduate,Low,No,57.0,69.0
Male,20.0,84.0,13.0,9.0,2.5,2,5.0,Good,Medium,High School,Medium,No,94.0,66.0
Female,20.0,72.0,28.0,8.0,2.5,2,5.0,Good,High,High School,Low,No,85.0,66.0
Female,20.0,62.0,26.0,6.0,2.5,3,5.0,Good,Medium,College,Low,No,79.0,63.0
Male,20.0,60.0,15.0,7.0,2.5,4,5.0,Good,High,High School,High,No,66.0,62.0
Female,20.0,64.0,13.0,6.0,2.5,3,5.0,Good,Low,High School,Low,No,57.0,58.0
Male,20.0,92.0,22.0,5.0,2.5,4,5.0,Good,Low,College,Medium,No,72.0,67.0
Male,20.0,98.0,15.0,7.0,2.5,3,5.0,Good,Low,College,Low,No,89.0,68.0
Male,20.0,77.0,21.0,10.0,2.5,3,5.0,Good,Low,College,Low,No,87.0,67.0
Male,20.0,81.0,17.0,6.0,2.5,4,5.0,Good,Medium,College,Low,No,82.0,67.0
Male,20.0,66.0,9.0,9.0,2.5,3,5.0,Good,Low,College,Medium,No,100.0,62.0
Male,20.0,82.0,7.0,6.0,2.5,2,5.0,Good,Medium,Postgraduate,Medium,No,99.0,66.0
Female,20.0,66.0,21.0,5.0,2.5,5,5.0,Good,Medium,High School,Low,No,70.0,65.0
Female,20.0,84.0,17.0,8.0,2.5,5,5.0,Good,Medium,College,Low,No,60.0,67.0
Male,20.0,97.0,17.0,7.0,2.5,4,5.0,Good,High,College,Medium,No,73.0,69.0
Male,20.0,68.0,24.0,9.0,2.5,2,5.0,Good,Low,High School,Low,No,92.0,67.0
Male,20.0,91.0,27.0,9.0,2.5,3,5.0,Good,Low,College,Low,No,73.0,69.0
Male,20.0,61.0,18.0,7.0,2.5,4,5.0,Good,Low,High School,High,No,67.0,62.0
Female,20.0,75.0,18.0,9.0,2.5,3,5.0,Good,Low,Postgraduate,Low,No,87.0,67.0
Male,20.0,64.0,23.0,6.0,2.5,3,5.0,Good,Medium,High School,Medium,No,83.0,63.0
Male,20.0,74.0,12.0,6.0,2.5,3,5.0,Good,High,College,Low,No,98.0,65.0
Female,20.0,67.0,21.0,9.0,2.5,3,5.0,Good,Medium,College,High,No,77.0,66.0
Female,20.0,75.0,23.0,5.0,2.5,1,5.0,Good,Medium,College,Medium,No,98.0,71.0
Male,20.0,77.0,24.0,7.0,2.5,4,5.0,Good,High,Postgraduate,Medium,No,65.0,70.0
Male,20.0,72.0,8.0,9.0,2.5,4,5.0,Good,High,High School,Medium,No,93.0,68.0
Male,20.0,86.0,15.0,9.0,2.5,3,5.0,Good,High,High School,Medium,No,68.0,67.0
Male,20.0,97.0,15.0,6.0,2.5,0,5.0,Good,High,High School,High,No,90.0,71.0
Male,20.0,76.0,21.0,9.0,2.5,5,5.0,Good,Medium,High School,Low,No,96.0,65.0
Male,20.0,68.0,23.0,5.0,2.5,2,5.0,Good,Low,Postgraduate,Low,No,81.0,64.0
Female,20.0,71.0,29.0,6.0,2.5,2,5.0,Good,Medium,College,Low,No,86.0,69.0
Male,20.0,94.0,17.0,7.0,2.5,2,5.0,Good,Low,High School,Medium,No,98.0,68.0
Male,20.0,83.0,17.0,8.0,2.5,3,5.0,Good,Low,College,Low,No,69.0,67.0
Male,20.0,78.0,27.0,5.0,2.5,4,5.0,Good,High,Postgraduate,Medium,No,76.0,71.0
Male,20.0,66.0,22.0,10.0,2.5,3,5.0,Good,Medium,High School,Medium,No,95.0,64.0
Female,20.0,78.0,28.0,4.0,2.5,3,5.0,Good,Medium,College,Low,No,84.0,69.0
Male,20.0,71.0,22.0,7.0,2.5,4,5.0,Good,Medium,High School,Medium,No,94.0,68.0
Male,20.0,98.0,13.0,7.0,2.5,3,5.0,Good,Medium,Postgraduate,Medium,No,81.0,69.0
Male,20.0,95.0,12.0,4.0,2.5,3,5.0,Good,Medium,High School,Low,No,87.0,67.0
Male,20.0,63.0,11.0,9.0,2.5,3,5.0,Good,High,College,Low,No,51.0,58.0
Male,20.0,81.0,24.0,6.0,2.5,2,5.0,Good,High,High School,Medium,No,67.0,66.0
Male,20.0,69.0,27.0,7.0,2.5,1,5.0,Good,Low,High School,High,No,89.0,69.0
Male,20.0,76.0,31.0,7.0,2.5,3,5.0,Good,Low,College,Low,No,70.0,70.0
Male,20.0,95.0,25.0,5.0,2.5,3,5.0,Good,Medium,High School,Medium,No,68.0,70.0
Male,20.0,81.0,27.0,5.0,2.5,3,5.0,Good,Medium,High School,High,No,98.0,70.0
Female,20.0,73.0,17.0,9.0,2.5,3,5.0,Good,Medium,Postgraduate,Low,No,78.0,66.0
Female,20.0,68.0,13.0,7.0,2.5,3,5.0,Good,Medium,College,Medium,No,60.0,61.0
Female,20.0,92.0,25.0,4.0,2.5,2,5.0,Good,Medium,High School,Low,No,74.0,71.0
Female,20.0,85.0,23.0,7.0,2.5,3,5.0,Good,High,College,Low,No,76.0,69.0
Male,20.0,79.0,21.0,7.0,2.5,2,5.0,Good,Medium,Postgraduate,Low,No,99.0,69.0
Female,20.0,69.0,22.0,7.0,2.5,1,5.0,Good,Low,High School,Medium,No,86.0,65.0
Male,20.0,73.0,22.0,4.0,2.5,4,5.0,Good,High,College,Medium,No,76.0,69.0
Male,20.0,98.0,28.0,7.0,2.5,2,5.0,Good,Medium,College,Low,No,72.0,74.0
Male,20.0,81.0,28.0,6.0,2.5,5,5.0,Good,High,High School,Low,No,96.0,71.0
Male,20.0,76.0,23.0,7.0,2.5,1,5.0,Good,High,College,Medium,No,82.0,68.0
Female,20.0,81.0,25.0,8.0,2.5,3,5.0,Good,Low,College,Low,No,68.0,69.0
Male,20.0,91.0,23.0,8.0,2.5,5,5.0,Good,Medium,High School,Medium,No,73.0,68.0
Male,20.0,74.0,17.0,9.0,2.5,3,5.0,Good,Medium,High School,Medium,No,64.0,63.0
Male,20.0,67.0,25.0,10.0,2.5,2,5.0,Good,High,High School,High,No,98.0,68.0
Male,20.0,83.0,12.0,5.0,2.5,2,5.0,Good,Medium,College,Low,No,85.0,67.0
Male,20.0,87.0,26.0,6.0,2.5,3,5.0,Good,Low,College,Medium,No,70.0,71.0
Male,20.0,89.0,13.0,8.0,2.5,2,5.0,Good,Low,Postgraduate,Low,No,59.0,66.0
Male,20.0,95.0,22.0,7.0,2.5,3,5.0,Good,Medium,High School,Low,No,59.0,69.0
Female,20.0,75.0,15.0,4.0,2.5,4,5.0,Good,Medium,College,Medium,No,74.0,68.0
Male,20.0,63.0,23.0,7.0,2.5,3,5.0,Good,Low,College,Low,No,73.0,63.0
Male,20.0,98.0,20.0,9.0,2.5,4,5.0,Good,Medium,College,Low,No,71.0,69.0
Female,20.0,77.0,10.0,5.0,2.5,3,5.0,Good,Medium,College,Low,No,93.0,66.0
Female,20.0,85.0,23.0,7.0,2.5,5,5.0,Good,High,College,Low,No,99.0,71.0
Male,20.0,87.0,17.0,4.0,2.5,4,5.0,Good,Medium,Postgraduate,Low,No,68.0,68.0
Male,20.0,82.0,25.0,8.0,2.5,4,5.0,Good,Medium,High School,High,No,65.0,69.0
Female,20.0,68.0,20.0,7.0,2.5,3,5.0,Good,Medium,High School,Medium,No,89.0,65.0
Male,20.0,90.0,22.0,6.0,2.5,4,5.0,Good,Medium,College,Low,No,72.0,68.0
Male,20.0,92.0,14.0,6.0,2.5,2,5.0,Good,High,College,Low,No,61.0,67.0
Male,20.0,82.0,16.0,5.0,2.5,3,5.0,Good,Medium,High School,Medium,No,59.0,65.0
Female,20.0,80.0,17.0,9.0,2.5,4,5.0,Good,Medium,Postgraduate,Low,No,64.0,65.0
Female,20.0,65.0,25.0,6.0,2.5,2,5.0,Good,Medium,College,Low,No,50.0,64.0
Female,20.0,63.0,30.0,8.0,2.5,3,5.0,Good,Medium,High School,Low,No,97.0,69.0
Male,20.0,74.0,15.0,6.0,2.5,3,5.0,Good,Low,High School,Low,No,72.0,64.0
Male,20.0,72.0,26.0,10.0,2.5,2,5.0,Good,Medium,College,High,No,54.0,66.0
Male,20.0,98.0,7.0,9.0,2.5,5,5.0,Good,Medium,College,Medium,No,58.0,65.0
Female,20.0,91.0,13.0,10.0,2.5,4,5.0,Good,Medium,High School,Medium,No,66.0,69.0
Female,20.0,86.0,14.0,10.0,2.5,4,5.0,Good,Medium,High School,Medium,No,78.0,66.0
Male,20.0,81.0,12.0,6.0,2.5,2,5.0,Good,High,High School,Low,No,85.0,64.0
Female,20.0,67.0,10.0,6.0,2.5,4,5.0,Good,Medium,High School,Medium,No,65.0,61.0
Male,20.0,99.0,22.0,10.0,2.5,1,5.0,Good,Low,College,Medium,No,98.0,72.0
Male,20.0,75.0,19.0,7.0,2.5,3,5.0,Good,Low,Postgraduate,Medium,No,88.0,67.0
Female,20.0,64.0,22.0,8.0,2.5,4,5.0,Good,Low,College,Low,No,91.0,63.0
Male,20.0,80.0,24.0,6.0,2.5,3,5.0,Good,High,College,Medium,No,66.0,69.0
Male,20.0,95.0,22.0,6.0,2.5,2,5.0,Good,High,Postgraduate,Medium,No,69.0,70.0
Male,20.0,95.0,24.0,8.0,2.5,3,5.0,Good,Low,High School,Low,No,77.0,71.0
Female,20.0,60.0,20.0,4.0,2.5,1,5.0,Good,Medium,Postgraduate,Low,No,73.0,60.0
Female,20.0,95.0,13.0,8.0,2.5,2,5.0,Good,Medium,Postgraduate,Medium,No,63.0,70.0
Female,20.0,71.0,26.0,8.0,2.5,4,5.0,Good,Low,College,Low,No,100.0,69.0
Female,20.0,62.0,16.0,6.0,2.5,4,5.0,Good,Medium,High School,Medium,No,92.0,63.0
Male,20.0,94.0,14.0,7.0,2.5,1,5.0,Good,High,Postgraduate,Medium,No,62.0,69.0
Male,20.0,95.0,19.0,7.0,2.5,2,5.0,Good,High,College,Medium,No,95.0,71.0
Female,20.0,84.0,15.0,7.0,2.5,4,5.0,Good,Medium,High School,Medium,No,79.0,68.0
Male,20.0,83.0,17.0,8.0,2.5,4,5.0,Good,Low,High School,Low,No,51.0,64.0
Female,20.0,93.0,22.0,6.0,2.5,3,5.0,Good,Medium,College,Medium,No,67.0,68.0
Female,20.0,91.0,22.0,10.0,2.5,3,5.0,Good,High,High School,High,No,51.0,69.0
Female,20.0,96.0,15.0,7.0,2.5,3,5.0,Good,Low,College,Low,No,54.0,65.0
Male,20.0,82.0,17.0,7.0,2.5,4,5.0,Good,Medium,College,Medium,No,59.0,68.0
Male,20.0,99.0,26.0,10.0,2.5,2,5.0,Good,Medium,College,Medium,No,74.0,74.0
Female,20.0,100.0,23.0,4.0,2.5,4,5.0,Good,Low,Postgraduate,Low,No,69.0,72.0
Female,20.0,65.0,32.0,10.0,2.5,2,5.0,Good,Medium,High School,High,No,57.0,67.0
Female,20.0,94.0,27.0,7.0,2.5,2,5.0,Good,Low,High School,Medium,No,70.0,73.0
Male,20.0,80.0,27.0,6.0,2.5,4,5.0,Good,High,College,High,No,65.0,68.0
Male,20.0,76.0,12.0,5.0,2.5,4,5.0,Good,Low,High School,Medium,No,71.0,61.0
Female,20.0,85.0,25.0,5.0,2.5,4,5.0,Good,Medium,High School,Low,No,59.0,70.0
Female,20.0,62.0,20.0,6.0,2.5,3,5.0,Good,High,College,Medium,No,80.0,62.0
Female,20.0,80.0,17.0,7.0,2.5,3,5.0,Good,High,Postgraduate,Medium,No,52.0,67.0
Male,20.0,95.0,21.0,8.0,2.5,3,5.0,Good,Medium,Postgraduate,Low,No,69.0,69.0
Female,20.0,69.0,26.0,7.0,2.5,3,5.0,Good,Low,Postgraduate,Medium,No,95.0,93.0
Male,20.0,77.0,23.0,6.0,2.5,4,5.0,Good,Low,High School,Medium,No,71.0,68.0
Female,20.0,98.0,15.0,9.0,2.5,2,5.0,Good,Medium,College,Low,No,72.0,69.0
Male,20.0,77.0,24.0,10.0,2.5,4,5.0,Good,High,College,High,No,53.0,68.0
Male,20.0,74.0,16.0,9.0,2.5,5,5.0,Good,Low,High School,Medium,No,80.0,64.0
Female,20.0,78.0,21.0,6.0,2.5,2,5.0,Good,Medium,High School,Medium,No,97.0,69.0
Male,20.0,81.0,18.0,8.0,2.5,4,5.0,Good,Low,Postgraduate,Low,No,65.0,66.0
Male,20.0,85.0,19.0,8.0,2.5,3,5.0,Good,Low,High School,High,No,70.0,68.0
Male,20.0,92.0,25.0,9.0,2.5,4,5.0,Good,Medium,College,Medium,No,79.0,72.0
Female,20.0,78.0,14.0,6.0,2.5,2,5.0,Good,Low,High School,Low,No,55.0,63.0
Male,20.0,93.0,32.0,6.0,2.5,4,5.0,Good,Medium,High School,Medium,No,98.0,73.0
Male,20.0,81.0,9.0,9.0,2.5,1,5.0,Good,Medium,Postgraduate,Medium,No,73.0,65.0
Female,20.0,74.0,16.0,8.0,2.5,2,5.0,Good,Low,High School,Low,No,56.0,65.0
Male,20.0,86.0,22.0,5.0,2.5,2,5.0,Good,Medium,College,High,No,67.0,68.0
Male,20.0,89.0,24.0,8.0,2.5,2,5.0,Good,Low,College,High,No,69.0,70.0
Male,20.0,82.0,19.0,10.0,2.5,2,5.0,Good,Medium,Postgraduate,Low,No,67.0,65.0
Female,20.0,62.0,20.0,6.0,2.5,3,5.0,Good,Medium,College,Medium,No,85.0,66.0
Male,20.0,67.0,22.0,6.0,2.5,1,5.0,Good,High,College,Low,No,67.0,66.0
Female,20.0,71.0,19.0,7.0,2.5,3,5.0,Good,Low,High School,Low,No,66.0,65.0
Male,20.0,71.0,28.0,8.0,2.5,3,5.0,Good,Medium,College,Low,No,66.0,69.0
Female,20.0,87.0,25.0,7.0,2.5,4,5.0,Good,Medium,High School,Low,No,89.0,69.0
Female,20.0,61.0,25.0,9.0,2.5,4,5.0,Good,Medium,High School,Medium,No,65.0,64.0
Female,20.0,90.0,14.0,7.0,2.5,4,5.0,Good,Medium,High School,Medium,No,51.0,66.0
Male,20.0,71.0,20.0,9.0,2.5,3,5.0,Good,Medium,High School,Low,No,68.0,63.0
Female,20.0,72.0,18.0,6.0,2.5,3,5.0,Good,Medium,Postgraduate,Low,No,64.0,68.0
Male,20.0,81.0,14.0,5.0,2.5,3,5.0,Good,Low,High School,Low,No,95.0,68.0
Female,20.0,69.0,22.0,6.0,2.5,3,5.0,Good,High,College,Medium,No,74.0,65.0
Male,20.0,95.0,17.0,5.0,2.5,3,5.0,Good,High,High School,Medium,No,62.0,69.0
Female,20.0,63.0,24.0,8.0,2.5,1,5.0,Good,Low,Postgraduate,Low,No,99.0,66.0
Male,20.0,78.0,14.0,4.0,2.5,4,5.0,Good,Medium,College,Low,No,62.0,63.0
Female,20.0,94.0,30.0,6.0,2.5,3,5.0,Good,Low,College,Low,No,88.0,72.0
Male,20.0,85.0,15.0,7.0,2.5,4,5.0,Good,High,High School,Medium,No,82.0,67.0
Male,20.0,72.0,21.0,5.0,2.5,3,5.0,Good,Medium,High School,Medium,No,73.0,67.0
Male,20.0,77.0,25.0,7.0,2.5,5,5.0,Good,Medium,High School,Medium,No,70.0,68.0
Male,20.0,88.0,17.0,7.0,2.5,3,5.0,Good,Medium,High School,Medium,No,94.0,71.0
Male,20.0,99.0,25.0,9.0,2.5,3,5.0,Good,Medium,High School,Medium,No,74.0,73.0
Male,20.0,96.0,13.0,5.0,2.5,3,5.0,Good,Medium,High School,Medium,No,69.0,68.0
Female,20.0,74.0,29.0,8.0,2.5,4,5.0,Good,Medium,High School,Medium,No,68.0,69.0
Male,20.0,100.0,20.0,8.0,2.5,2,5.0,Good,Medium,High School,Low,No,64.0,69.0
Female,20.0,60.0,16.0,7.0,2.5,4,5.0,Good,Low,High School,High,No,70.0,63.0
Male,20.0,61.0,18.0,6.0,2.5,3,5.0,Good,Medium,High School,Low,No,56.0,62.0
Female,20.0,93.0,25.0,5.0,2.5,5,5.0,Good,Medium,College,High,No,53.0,70.0
Male,20.0,68.0,16.0,10.0,2.5,3,5.0,Good,Medium,Postgraduate,High,No,77.0,66.0
Female,20.0,62.0,16.0,7.0,2.5,3,5.0,Good,Low,High School,High,No,73.0,62.0
Female,20.0,69.0,19.0,7.0,2.5,2,5.0,Good,Low,Postgraduate,Low,No,59.0,64.0
Male,20.0,77.0,13.0,10.0,2.5,3,5.0,Good,Low,College,Low,No,55.0,63.0
Female,20.0,89.0,31.0,7.0,2.5,2,5.0,Good,Medium,College,High,No,57.0,71.0
Male,20.0,85.0,17.0,10.0,2.5,1,5.0,Good,Medium,Postgraduate,High,No,66.0,67.0
Male,20.0,70.0,25.0,5.0,2.5,1,5.0,Good,Medium,Postgraduate,Medium,No,73.0,67.0
Male,20.0,80.0,21.0,7.0,2.5,2,5.0,Good,Medium,College,Medium,No,60.0,67.0
Male,20.0,97.0,14.0,5.0,2.5,3,5.0,Good,Medium,Postgraduate,High,No,88.0,71.0
Male,20.0,93.0,20.0,7.0,2.5,3,5.0,Good,High,High School,Low,No,60.0,69.0
Female,20.0,73.0,25.0,7.0,2.5,4,5.0,Good,Medium,High School,High,No,56.0,93.0
Male,20.0,99.0,19.0,6.0,2.5,1,5.0,Good,Medium,High School,Low,No,100.0,72.0
Female,20.0,88.0,27.0,7.0,2.5,1,5.0,Good,Medium,High School,Low,No,72.0,71.0
Male,20.0,62.0,26.0,6.0,2.5,3,5.0,Good,Medium,High School,Medium,No,59.0,63.0
Male,20.0,61.0,26.0,7.0,2.5,3,5.0,Good,Low,Postgraduate,Medium,No,95.0,65.0
Female,20.0,67.0,17.0,6.0,2.5,3,5.0,Good,Medium,College,Medium,No,62.0,61.0
Female,20.0,89.0,14.0,9.0,2.5,3,5.0,Good,Low,College,Low,No,96.0,66.0
Female,20.0,67.0,16.0,5.0,2.5,2,5.0,Good,Low,College,Low,No,56.0,61.0
Male,20.0,80.0,21.0,7.0,2.5,3,5.0,Good,Low,High School,Medium,No,92.0,67.0
Female,20.0,64.0,23.0,5.0,2.5,5,5.0,Good,Medium,High School,Low,No,59.0,64.0
Female,20.0,97.0,7.0,6.0,2.5,2,5.0,Good,Medium,College,Medium,No,97.0,69.0
Male,20.0,74.0,20.0,6.0,2.5,2,5.0,Good,Medium,College,High,No,79.0,64.0
Male,20.0,96.0,21.0,7.0,2.5,2,5.0,Good,Low,College,High,No,59.0,70.0
Male,20.0,98.0,18.0,7.0,2.5,4,5.0,Good,Medium,High School,Low,No,92.0,73.0
Male,20.0,60.0,28.0,5.0,2.5,5,5.0,Good,Low,High School,Low,No,70.0,63.0
Male,20.0,79.0,23.0,6.0,2.5,4,5.0,Good,Medium,College,Low,No,87.0,68.0
Female,20.0,61.0,28.0,6.0,2.5,3,5.0,Good,Low,College,Medium,No,82.0,64.0
Male,20.0,96.0,19.0,5.0,2.5,3,5.0,Good,Medium,High School,Medium,No,86.0,69.0
Female,20.0,81.0,26.0,9.0,2.5,2,5.0,Good,Medium,College,Low,No,67.0,69.0
Female,20.0,63.0,30.0,5.0,2.5,2,5.0,Good,High,College,Low,No,97.0,67.0
Male,20.0,64.0,28.0,7.0,2.5,4,5.0,Good,Medium,Postgraduate,Medium,No,78.0,69.0
Male,20.0,75.0,13.0,10.0,2.5,3,5.0,Good,Medium,College,Low,No,54.0,62.0
Male,20.0,98.0,18.0,9.0,2.5,1,5.0,Good,Medium,High School,High,No,53.0,66.0
Female,20.0,88.0,18.0,8.0,2.5,2,5.0,Good,Medium,Postgraduate,Medium,No,87.0,68.0
Female,20.0,95.0,23.0,7.0,2.5,1,5.0,Good,High,High School,Low,No,92.0,71.0
Male,20.0,75.0,24.0,8.0,2.5,2,5.0,Good,Medium,Postgraduate,Low,No,85.0,66.0
Female,20.0,62.0,15.0,8.0,2.5,4,5.0,Good,High,College,Low,No,64.0,62.0
Male,20.0,99.0,20.0,9.0,2.5,4,5.0,Good,Low,High School,High,No,61.0,68.0
Female,20.0,61.0,8.0,7.0,2.5,3,5.0,Good,Medium,High School,Medium,No,78.0,59.0
Female,20.0,98.0,29.0,9.0,2.5,4,5.0,Good,Low,High School,Low,No,60.0,70.0
Male,20.0,75.0,17.0,7.0,2.5,4,5.0,Good,Medium,High School,High,No,69.0,66.0
Male,20.0,60.0,20.0,10.0,2.5,3,5.0,Good,Medium,College,Low,No,81.0,65.0
Male,20.0,88.0,18.0,7.0,2.5,4,5.0,Good,Low,College,Medium,No,64.0,66.0
Male,20.0,99.0,27.0,5.0,2.5,2,5.0,Good,Medium,Postgraduate,Medium,No,69.0,73.0
Female,20.0,99.0,3.0,7.0,2.5,3,5.0,Good,Medium,High School,High,No,68.0,65.0
Male,20.0,66.0,20.0,8.0,2.5,3,5.0,Good,Medium,High School,High,No,73.0,65.0
Female,20.0,67.0,19.0,9.0,2.5,3,5.0,Good,Low,High School,Medium,No,84.0,64.0
Male,20.0,83.0,17.0,6.0,2.5,4,5.0,Good,High,Postgraduate,Low,No,89.0,69.0
Female,20.0,85.0,30.0,4.0,2.5,3,5.0,Good,Low,Postgraduate,High,No,83.0,74.0
Female,20.0,90.0,15.0,8.0,2.5,2,5.0,Good,High,High School,High,No,51.0,68.0
Female,20.0,67.0,25.0,8.0,2.5,4,5.0,Good,Medium,Postgraduate,Medium,No,95.0,65.0
Male,20.0,98.0,22.0,5.0,2.5,5,5.0,Good,Medium,High School,High,No,79.0,72.0
Male,20.0,86.0,28.0,7.0,2.5,4,5.0,Good,Medium,High School,Medium,No,96.0,71.0
Female,20.0,94.0,16.0,7.0,2.5,4,5.0,Good,Medium,High School,Low,No,98.0,69.0
Male,20.0,82.0,16.0,8.0,2.5,1,5.0,Good,Low,College,Low,No,73.0,67.0
Male,20.0,77.0,27.0,6.0,2.5,3,5.0,Good,Low,Postgraduate,Medium,No,96.0,71.0
Male,20.0,99.0,23.0,6.0,2.5,3,5.0,Good,High,College,Medium,No,68.0,68.0
Female,20.0,83.0,11.0,7.0,2.5,2,5.0,Good,High,High School,High,No,63.0,63.0
Female,20.0,95.0,17.0,5.0,2.5,2,5.0,Good,Low,College,High,No,54.0,69.0
Female,20.0,98.0,22.0,10.0,2.5,4,5.0,Good,Medium,College,Low,No,73.0,68.0
Male,20.0,87.0,25.0,8.0,2.5,4,5.0,Good,Low,College,High,No,84.0,73.0
Male,20.0,82.0,16.0,6.0,2.5,2,5.0,Good,Medium,High School,High,No,99.0,69.0
Female,20.0,60.0,3.0,5.0,2.5,4,5.0,Good,Medium,High School,Medium,No,76.0,58.0
Male,20.0,62.0,23.0,5.0,2.5,3,5.0,Good,Medium,High School,High,No,87.0,65.0
Male,20.0,68.0,13.0,8.0,2.5,4,5.0,Good,Medium,High School,Low,No,95.0,63.0
Male,20.0,67.0,8.0,5.0,2.5,2,5.0,Good,Low,College,Medium,No,77.0,59.0
Male,20.0,70.0,3.0,7.0,2.5,2,5.0,Good,Medium,High School,Medium,No,58.0,58.0
Male,20.0,72.0,25.0,4.0,2.5,2,5.0,Good,High,High School,Low,No,92.0,66.0
Male,20.0,74.0,21.0,8.0,2.5,4,5.0,Good,Medium,High School,Low,No,79.0,67.0
Male,20.0,77.0,19.0,8.0,2.5,3,5.0,Good,Medium,College,Low,No,88.0,67.0
Male,20.0,64.0,28.0,7.0,2.5,4,5.0,Good,Low,High School,High,No,83.0,67.0
Female,20.0,62.0,24.0,7.0,2.5,6,5.0,Good,Medium,Postgraduate,Medium,No,53.0,65.0
Male,20.0,87.0,30.0,8.0,2.5,1,5.0,Good,High,College,Low,No,58.0,71.0
Male,20.0,81.0,12.0,7.0,2.5,3,5.0,Good,High,High School,High,No,64.0,66.0
Female,20.0,78.0,20.0,8.0,2.5,2,5.0,Good,Medium,High School,High,No,64.0,68.0
Female,20.0,85.0,10.0,5.0,2.5,4,5.0,Good,Medium,High School,Low,No,92.0,65.0
Male,20.0,93.0,19.0,8.0,2.5,3,5.0,Good,Medium,College,Medium,No,80.0,71.0
Female,20.0,77.0,19.0,7.0,2.5,4,5.0,Good,Low,High School,Low,No,54.0,64.0
Male,20.0,86.0,24.0,9.0,2.5,3,5.0,Good,High,Postgraduate,Medium,No,69.0,72.0
Male,20.0,98.0,20.0,7.0,2.5,2,5.0,Good,Low,High School,High,No,78.0,69.0
Male,20.0,94.0,24.0,7.0,2.5,3,5.0,Good,Medium,High School,Low,No,63.0,70.0
Male,20.0,77.0,24.0,6.0,2.5,4,5.0,Good,Medium,High School,Medium,No,52.0,66.0
Female,20.0,86.0,33.0,9.0,2.5,3,5.0,Good,Medium,College,Medium,No,69.0,70.0
Male,20.0,67.0,18.0,4.0,2.5,2,5.0,Good,Low,Postgraduate,Medium,No,73.0,62.0
Male,20.0,82.0,14.0,8.0,2.5,3,5.0,Good,Medium,Postgraduate,Low,No,95.0,66.0
Female,20.0,99.0,21.0,7.0,2.5,1,5.0,Good,Low,High School,Low,No,95.0,70.0
Male,20.0,81.0,15.0,7.0,2.5,1,5.0,Good,Low,Postgraduate,Medium,No,75.0,63.0
Female,20.0,97.0,29.0,7.0,2.5,4,5.0,Good,Medium,High School,Medium,No,74.0,73.0
Female,20.0,76.0,18.0,7.0,2.5,4,5.0,Good,High,Postgraduate,Medium,No,82.0,70.0
Male,20.0,100.0,17.0,8.0,2.5,5,5.0,Good,Low,High School,Low,No,63.0,71.0
Female,20.0,83.0,17.0,6.0,2.5,4,5.0,Good,Medium,High School,Medium,No,64.0,65.0
Male,20.0,62.0,24.0,7.0,2.5,2,5.0,Good,Medium,Postgraduate,High,No,50.0,64.0
Male,20.0,83.0,19.0,8.0,2.5,4,5.0,Good,Medium,High School,Low,No,54.0,66.0
Male,20.0,71.0,16.0,6.0,2.5,3,5.0,Good,High,Postgraduate,Low,No,59.0,82.0
Female,20.0,61.0,30.0,8.0,2.5,3,5.0,Good,Low,Postgraduate,Low,No,82.0,68.0
Female,20.0,93.0,15.0,8.0,2.5,4,5.0,Good,High,High School,Medium,No,61.0,67.0
Male,20.0,71.0,20.0,6.0,2.5,5,5.0,Good,High,College,Medium,No,56.0,68.0
Male,20.0,92.0,24.0,5.0,2.5,3,5.0,Good,Medium,High School,Low,No,81.0,69.0
Male,20.0,72.0,10.0,6.0,2.5,4,5.0,Good,Medium,High School,Medium,No,83.0,63.0
Female,20.0,68.0,23.0,7.0,2.5,3,5.0,Good,High,High School,High,No,53.0,66.0
Female,20.0,99.0,14.0,7.0,2.5,2,5.0,Good,High,Postgraduate,Medium,No,89.0,68.0
Female,20.0,74.0,25.0,9.0,2.5,3,5.0,Good,Medium,College,Medium,No,80.0,71.0
Female,20.0,84.0,14.0,6.0,2.5,3,5.0,Good,High,College,High,No,70.0,69.0
Female,20.0,84.0,24.0,6.0,2.5,2,5.0,Good,Medium,Postgraduate,Medium,No,99.0,70.0
Male,20.0,82.0,27.0,8.0,2.5,2,5.0,Good,High,College,High,No,51.0,70.0
Male,20.0,97.0,25.0,6.0,2.5,4,5.0,Good,Low,Postgraduate,Low,No,77.0,73.0
Female,20.0,87.0,22.0,6.0,2.5,4,5.0,Good,Medium,High School,Low,No,58.0,68.0
Male,20.0,76.0,19.0,6.0,2.5,3,5.0,Good,Medium,High School,High,No,66.0,65.0
Male,20.0,94.0,17.0,4.0,2.5,4,5.0,Good,Medium,High School,Medium,No,57.0,72.0
Female,20.0,67.0,29.0,8.0,2.5,4,5.0,Good,Medium,High School,Low,No,83.0,67.0
Female,20.0,82.0,16.0,8.0,2.5,4,5.0,Good,High,College,Low,No,70.0,68.0
Male,20.0,98.0,14.0,8.0,2.5,3,5.0,Good,Low,High School,High,No,99.0,69.0
Female,20.0,85.0,24.0,10.0,2.5,4,5.0,Good,Low,College,Medium,No,83.0,70.0
Female,20.0,93.0,15.0,9.0,2.5,2,5.0,Good,Medium,High School,Medium,No,96.0,69.0
Male,20.0,86.0,14.0,6.0,2.5,2,5.0,Good,Medium,High School,Medium,No,62.0,68.0
Male,20.0,94.0,11.0,9.0,2.5,2,5.0,Good,Medium,High School,Low,No,66.0,65.0
Male,20.0,98.0,17.0,7.0,2.5,4,5.0,Good,Medium,College,Low,No,68.0,70.0
Male,20.0,71.0,20.0,6.0,2.5,4,5.0,Good,High,College,Low,No,92.0,65.0
Female,20.0,67.0,21.0,6.0,2.5,3,5.0,Good,Medium,High School,Low,No,61.0,61.0
Male,20.0,79.0,26.0,7.0,2.5,2,5.0,Good,Medium,High School,High,No,97.0,69.0
Male,20.0,88.0,23.0,7.0,2.5,4,5.0,Good,Medium,High School,Medium,No,52.0,67.0
Male,20.0,69.0,19.0,9.0,2.5,3,5.0,Good,Medium,High School,Low,No,94.0,65.0
Male,20.0,60.0,19.0,8.0,2.5,3,5.0,Good,High,High School,Medium,No,73.0,63.0
Male,20.0,74.0,23.0,6.0,2.5,4,5.0,Good,Medium,High School,Medium,No,76.0,67.0
Female,20.0,99.0,28.0,5.0,2.5,5,5.0,Good,Medium,High School,Medium,No,100.0,76.0
Male,20.0,88.0,21.0,8.0,2.5,3,5.0,Good,Medium,College,Medium,No,94.0,70.0
Female,20.0,76.0,17.0,8.0,2.5,4,5.0,Good,Low,Postgraduate,Low,No,95.0,67.0
Female,20.0,68.0,14.0,9.0,2.5,4,5.0,Good,Low,College,Low,No,79.0,66.0
Male,20.0,74.0,11.0,7.0,2.5,2,5.0,Good,Low,High School,Low,No,98.0,65.0
Female,20.0,67.0,24.0,8.0,2.5,1,5.0,Good,High,College,Low,No,84.0,65.0
Female,20.0,64.0,23.0,8.0,2.5,3,5.0,Good,Medium,High School,Low,No,91.0,63.0
Male,20.0,96.0,23.0,5.0,2.5,3,5.0,Good,Medium,High School,Medium,No,86.0,74.0
Male,20.0,100.0,19.0,7.0,2.5,3,5.0,Good,High,College,High,No,89.0,72.0
Female,20.0,67.0,28.0,8.0,2.5,4,5.0,Good,Low,High School,High,No,82.0,68.0
Female,20.0,62.0,17.0,8.0,2.5,4,5.0,Good,High,High School,Medium,No,86.0,62.0
Male,20.0,73.0,26.0,7.0,2.5,3,5.0,Good,Medium,College,Low,No,72.0,65.0
Male,20.0,78.0,20.0,10.0,2.5,3,5.0,Good,Medium,High School,High,No,85.0,69.0
Male,20.0,68.0,16.0,10.0,2.5,2,5.0,Good,Medium,High School,High,No,64.0,61.0
Male,20.0,72.0,24.0,7.0,2.5,4,5.0,Good,High,High School,Medium,No,82.0,67.0
Male,20.0,68.0,22.0,7.0,2.5,4,5.0,Good,Medium,High School,Medium,No,76.0,66.0
Male,20.0,91.0,22.0,8.0,2.5,2,5.0,Good,Medium,High School,Low,No,95.0,70.0
Male,20.0,89.0,20.0,7.0,2.5,3,5.0,Good,Low,Postgraduate,High,No,84.0,72.0
Male,20.0,85.0,20.0,9.0,2.5,3,5.0,Good,Medium,Postgraduate,Low,No,80.0,69.0
Male,20.0,75.0,34.0,5.0,2.5,3,5.0,Good,Medium,High School,Low,No,66.0,68.0
Male,20.0,96.0,27.0,7.0,2.5,2,5.0,Good,Medium,College,Medium,No,93.0,74.0
Male,20.0,99.0,24.0,8.0,2.5,3,5.0,Good,High,High School,Low,No,53.0,70.0
Male,20.0,67.0,21.0,9.0,2.5,4,5.0,Good,High,High School,Medium,No,95.0,67.0
Female,20.0,69.0,26.0,5.0,2.5,2,5.0,Good,Medium,High School,Medium,No,83.0,68.0
Female,20.0,81.0,23.0,6.0,2.5,1,5.0,Good,Medium,Postgraduate,High,No,59.0,69.0
Male,20.0,64.0,20.0,4.0,2.5,4,5.0,Good,Medium,High School,Medium,No,95.0,66.0
Male,20.0,77.0,18.0,6.0,2.5,3,5.0,Good,High,College,Medium,No,66.0,66.0
Male,20.0,83.0,20.0,5.0,2.5,3,5.0,Good,Medium,High School,Medium,No,58.0,68.0
Male,20.0,81.0,1.0,8.0,2.5,2,5.0,Good,Medium,College,Low,No,66.0,60.0
Male,20.0,73.0,21.0,7.0,2.5,4,5.0,Good,High,Postgraduate,High,No,98.0,69.0
Male,20.0,82.0,17.0,7.0,2.5,1,5.0,Good,Medium,High School,Medium,No,88.0,66.0
Female,20.0,98.0,30.0,7.0,2.5,3,5.0,Good,Medium,Postgraduate,Medium,No,96.0,77.0
Male,20.0,68.0,20.0,9.0,2.5,5,5.0,Good,Low,College,High,No,65.0,63.0
Male,20.0,86.0,13.0,5.0,2.5,3,5.0,Good,Medium,College,High,No,54.0,66.0
Female,20.0,62.0,20.0,4.0,2.5,4,5.0,Good,Medium,High School,High,No,78.0,64.0
Female,20.0,63.0,14.0,8.0,2.5,4,5.0,Good,Medium,Postgraduate,Low,No,74.0,63.0
Male,20.0,82.0,23.0,6.0,2.5,4,5.0,Good,Medium,High School,High,No,86.0,68.0
Male,20.0,64.0,22.0,5.0,2.5,2,5.0,Good,Medium,College,High,No,77.0,65.0
Male,20.0,61.0,26.0,8.0,2.5,4,5.0,Good,Low,Postgraduate,Medium,No,70.0,65.0
Male,20.0,67.0,15.0,4.0,2.5,1,5.0,Good,Low,College,Medium,No,50.0,64.0
Male,20.0,83.0,20.0,6.0,2.5,3,5.0,Good,Medium,College,High,No,73.0,68.0
Male,20.0,88.0,12.0,4.0,2.5,2,5.0,Good,Medium,High School,Low,No,56.0,62.0
Male,20.0,68.0,24.0,7.0,2.5,3,5.0,Good,Medium,High School,Low,No,96.0,67.0
Female,20.0,87.0,23.0,9.0,2.5,1,5.0,Good,High,College,Medium,No,96.0,73.0
Female,20.0,67.0,23.0,6.0,2.5,3,5.0,Good,Medium,High School,High,No,90.0,69.0
Male,20.0,85.0,20.0,6.0,2.5,2,5.0,Good,Low,Postgraduate,Low,No,58.0,65.0
Male,20.0,76.0,22.0,10.0,2.5,3,5.0,Good,Medium,High School,Medium,No,57.0,66.0
Male,20.0,86.0,30.0,8.0,2.5,2,5.0,Good,Medium,College,Medium,No,78.0,73.0
Male,20.0,100.0,18.0,10.0,2.5,3,5.0,Good,Medium,High School,Medium,No,86.0,72.0
Male,20.0,98.0,21.0,7.0,2.5,1,5.0,Good,Low,High School,High,No,95.0,72.0
Female,20.0,60.0,13.0,7.0,2.5,1,5.0,Good,Medium,High School,Low,No,95.0,61.0
Female,20.0,95.0,15.0,9.0,2.5,3,5.0,Good,Low,High School,Low,No,58.0,69.0
Female,20.0,63.0,21.0,7.0,2.5,2,5.0,Good,Medium,Postgraduate,High,No,100.0,66.0
Female,20.0,98.0,27.0,7.0,2.5,3,5.0,Good,Medium,Postgraduate,High,No,58.0,74.0
Female,20.0,71.0,18.0,4.0,2.5,4,5.0,Good,Medium,College,Low,No,92.0,64.0
Female,20.0,75.0,19.0,10.0,2.5,2,5.0,Good,Medium,High School,Medium,No,79.0,66.0
Female,20.0,64.0,18.0,8.0,2.5,3,5.0,Good,Medium,College,Medium,No,84.0,64.0
Male,20.0,64.0,17.0,7.0,2.5,4,5.0,Good,Low,High School,Medium,No,80.0,66.0
Male,20.0,89.0,22.0,8.0,2.5,5,5.0,Good,Medium,High School,High,No,93.0,72.0
Male,20.0,98.0,11.0,5.0,2.5,2,5.0,Good,High,Postgraduate,Medium,No,82.0,71.0
Female,20.0,84.0,28.0,6.0,2.5,3,5.0,Good,Medium,High School,Medium,No,92.0,70.0
Male,20.0,89.0,16.0,8.0,2.5,3,5.0,Good,Low,College,Low,No,58.0,67.0
Male,20.0,90.0,24.0,7.0,2.5,2,5.0,Good,Low,Postgraduate,Low,No,93.0,71.0
Male,20.0,71.0,12.0,8.0,2.5,3,5.0,Good,Medium,College,High,No,100.0,63.0
Female,20.0,62.0,24.0,7.0,2.5,2,5.0,Good,Low,College,Medium,No,83.0,64.0
Male,20.0,60.0,24.0,8.0,2.5,1,5.0,Good,Medium,High School,Low,No,99.0,64.0
Female,20.0,74.0,22.0,5.0,2.5,3,5.0,Good,Medium,Postgraduate,Low,No,61.0,65.0
Female,20.0,70.0,14.0,9.0,2.5,4,5.0,Good,High,High School,Medium,No,91.0,65.0
Female,20.0,62.0,21.0,6.0,2.5,3,5.0,Good,Medium,College,Low,No,58.0,62.0
Male,20.0,67.0,13.0,7.0,2.5,5,5.0,Good,Medium,High School,Low,No,76.0,65.0
Male,20.0,65.0,18.0,6.0,2.5,2,5.0,Good,Low,High School,Medium,No,83.0,64.0
Male,20.0,97.0,26.0,7.0,2.5,3,5.0,Good,Low,Postgraduate,Low,No,83.0,74.0
Male,20.0,66.0,25.0,7.0,2.5,1,5.0,Good,Low,High School,High,No,84.0,67.0
Male,20.0,82.0,20.0,8.0,2.5,2,5.0,Good,Low,Postgraduate,High,No,66.0,66.0
Female,20.0,84.0,14.0,8.0,2.5,4,5.0,Good,Medium,Postgraduate,Medium,No,99.0,70.0
Male,20.0,82.0,24.0,8.0,2.5,2,5.0,Good,Medium,Postgraduate,Medium,No,50.0,68.0
Female,20.0,64.0,20.0,6.0,2.5,1,5.0,Good,Medium,High School,High,No,81.0,64.0
Female,20.0,73.0,6.0,8.0,2.5,1,5.0,Good,Low,High School,Low,No,93.0,58.0
Male,20.0,62.0,25.0,7.0,2.5,4,5.0,Good,Low,College,High,No,95.0,65.0
Female,20.0,76.0,20.0,7.0,2.5,5,5.0,Good,Medium,High School,Medium,No,86.0,68.0
Female,20.0,68.0,27.0,8.0,2.5,1,5.0,Good,Medium,Postgraduate,Low,No,79.0,64.0
Male,20.0,82.0,13.0,5.0,2.5,4,5.0,Good,Low,High School,Low,No,73.0,66.0
Male,20.0,88.0,1.0,4.0,2.5,2,5.0,Good,High,College,Medium,No,72.0,92.0
Male,20.0,81.0,22.0,9.0,2.5,4,5.0,Good,Medium,High School,High,No,71.0,69.0
Male,20.0,77.0,22.0,7.0,2.5,2,5.0,Good,Low,College,Low,No,85.0,68.0
Female,20.0,75.0,10.0,8.0,2.5,4,5.0,Good,Low,High School,Medium,No,87.0,63.0
Male,20.0,94.0,14.0,6.0,2.5,3,5.0,Good,Medium,High School,Low,No,76.0,64.0
Female,20.0,69.0,37.0,9.0,2.5,2,5.0,Good,Medium,College,Low,No,87.0,68.0
Male,20.0,89.0,18.0,8.0,2.5,2,5.0,Good,High,High School,Low,No,76.0,67.0
Male,20.0,90.0,24.0,7.0,2.5,2,5.0,Good,Medium,Postgraduate,High,No,55.0,68.0
Male,20.0,77.0,16.0,7.0,2.5,2,5.0,Good,Medium,High School,Low,No,93.0,66.0
Male,20.0,72.0,7.0,4.0,2.5,4,5.0,Good,Medium,Postgraduate,Medium,No,94.0,66.0
Male,20.0,79.0,19.0,8.0,2.5,2,5.0,Good,Medium,High School,Low,No,63.0,68.0
Male,20.0,64.0,18.0,9.0,2.5,3,5.0,Good,Low,High School,Medium,No,89.0,64.0
Female,20.0,62.0,18.0,7.0,2.5,3,5.0,Good,Medium,College,Medium,No,76.0,63.0
Female,20.0,64.0,19.0,7.0,2.5,4,5.0,Good,Medium,High School,Low,No,56.0,62.0
Male,20.0,67.0,22.0,7.0,2.5,2,5.0,Good,High,High School,Low,No,70.0,66.0
Male,20.0,80.0,19.0,9.0,2.5,2,5.0,Good,Medium,Postgraduate,Low,No,54.0,65.0
Male,20.0,94.0,12.0,9.0,2.5,3,5.0,Good,Medium,High School,Low,No,89.0,66.0
Male,20.0,69.0,23.0,6.0,2.5,4,5.0,Good,Medium,High School,Low,No,60.0,66.0
Female,20.0,97.0,8.0,8.0,2.5,2,5.0,Good,High,College,High,No,58.0,69.0
Female,20.0,98.0,8.0,7.0,2.5,3,5.0,Good,Medium,Postgraduate,High,No,60.0,67.0
Female,20.0,98.0,24.0,8.0,2.5,3,5.0,Good,Medium,High School,Medium,No,61.0,75.0
Male,20.0,94.0,23.0,6.0,2.5,3,5.0,Good,High,Postgraduate,Low,No,84.0,73.0
Female,20.0,75.0,20.0,9.0,2.5,5,5.0,Good,High,College,Low,No,82.0,66.0
Male,20.0,63.0,12.0,8.0,2.5,4,5.0,Good,Low,College,Medium,No,56.0,61.0
Female,20.0,83.0,16.0,9.0,2.5,4,5.0,Good,Medium,High School,Low,No,86.0,68.0
Male,20.0,82.0,18.0,5.0,2.5,4,5.0,Good,High,College,Medium,No,67.0,67.0
Male,20.0,94.0,10.0,5.0,2.5,3,5.0,Good,Medium,High School,Medium,No,73.0,66.0
Female,20.0,100.0,16.0,10.0,2.5,2,5.0,Good,Medium,High School,High,No,56.0,69.0
Male,20.0,80.0,24.0,9.0,2.5,4,5.0,Good,Low,High School,Low,No,85.0,69.0
Female,20.0,74.0,29.0,6.0,2.5,1,5.0,Good,Medium,College,Low,No,69.0,67.0
Female,20.0,67.0,17.0,8.0,2.5,4,5.0,Good,Medium,High School,Medium,No,82.0,65.0
Male,20.0,60.0,25.0,6.0,2.5,2,5.0,Good,Low,High School,High,No,71.0,63.0
Female,20.0,80.0,9.0,4.0,2.5,2,5.0,Good,Low,Postgraduate,High,No,52.0,63.0
Male,20.0,82.0,24.0,4.0,2.5,2,5.0,Good,Low,High School,Low,No,85.0,66.0
Male,20.0,93.0,15.0,7.0,2.5,4,5.0,Good,Low,High School,Medium,No,78.0,66.0
Female,20.0,80.0,22.0,9.0,2.5,4,5.0,Good,Low,College,Medium,No,72.0,69.0
Female,20.0,97.0,19.0,9.0,2.5,4,5.0,Good,High,Postgraduate,Medium,No,60.0,72.0
Male,20.0,85.0,28.0,9.0,2.5,3,5.0,Good,Low,High School,Low,No,81.0,70.0
Male,20.0,94.0,15.0,8.0,2.5,1,5.0,Good,Medium,College,Low,No,64.0,68.0
Male,20.0,66.0,24.0,7.0,2.5,3,5.0,Good,Low,High School,Low,No,71.0,66.0
Female,20.0,94.0,18.0,9.0,2.5,3,5.0,Good,Medium,College,Low,No,53.0,67.0
Female,20.0,87.0,19.0,4.0,2.5,5,5.0,Good,Medium,Postgraduate,Low,No,89.0,68.0
Male,20.0,67.0,19.0,8.0,2.5,4,5.0,Good,Medium,High School,Medium,No,55.0,62.0
Female,20.0,68.0,15.0,5.0,2.5,2,5.0,Good,High,College,Medium,No,95.0,64.0
Male,20.0,97.0,20.0,6.0,2.5,1,5.0,Good,Low,College,High,No,93.0,71.0
Male,20.0,61.0,20.0,8.0,2.5,4,5.0,Good,Medium,College,Medium,No,99.0,65.0
Female,20.0,79.0,21.0,8.0,2.5,2,5.0,Good,High,Postgraduate,Medium,No,95.0,69.0
Male,20.0,73.0,21.0,6.0,2.5,5,5.0,Good,Medium,High School,Low,No,99.0,65.0
Male,20.0,87.0,25.0,8.0,2.5,4,5.0,Good,High,High School,Medium,No,94.0,71.0
Female,20.0,94.0,26.0,8.0,2.5,2,5.0,Good,Low,College,High,No,56.0,69.0
Male,20.0,74.0,14.0,7.0,2.5,3,5.0,Good,High,College,Medium,No,72.0,65.0
Male,20.0,77.0,25.0,7.0,2.5,1,5.0,Good,Medium,College,Medium,No,54.0,66.0
Female,20.0,99.0,13.0,10.0,2.5,3,5.0,Good,Low,College,Medium,No,77.0,68.0
Female,20.0,91.0,24.0,7.0,2.5,2,5.0,Good,Medium,High School,Medium,No,76.0,72.0
Female,20.0,96.0,24.0,7.0,2.5,3,5.0,Good,Medium,High School,Medium,No,96.0,74.0
Male,20.0,78.0,9.0,7.0,2.5,2,5.0,Good,Low,High School,Low,No,98.0,64.0
Male,20.0,69.0,21.0,7.0,2.5,3,5.0,Good,Medium,High School,Medium,No,63.0,64.0
Female,20.0,76.0,17.0,8.0,2.5,4,5.0,Good,Low,Postgraduate,Low,No,79.0,63.0
Male,20.0,89.0,15.0,9.0,2.5,2,5.0,Good,High,High School,Low,No,73.0,66.0
Male,20.0,64.0,28.0,7.0,2.5,2,5.0,Good,Medium,High School,High,No,77.0,67.0
Male,20.0,71.0,16.0,6.0,2.5,5,5.0,Good,Low,College,Medium,No,77.0,64.0
Male,20.0,62.0,15.0,10.0,2.5,4,5.0,Good,Low,High School,Medium,No,96.0,62.0
Male,20.0,77.0,20.0,7.0,2.5,1,5.0,Good,High,High School,Medium,No,95.0,66.0
Female,20.0,93.0,24.0,4.0,2.5,2,5.0,Good,Low,Postgraduate,Low,No,56.0,71.0
Female,20.0,61.0,19.0,10.0,2.5,6,5.0,Good,Low,Postgraduate,Medium,No,67.0,63.0
Male,20.0,87.0,27.0,9.0,2.5,4,5.0,Good,Medium,College,Low,No,88.0,72.0
Female,20.0,97.0,23.0,9.0,2.5,3,5.0,Good,Low,High School,High,No,84.0,71.0
Female,20.0,69.0,7.0,9.0,2.5,3,5.0,Good,Low,Postgraduate,Medium,No,82.0,61.0
Female,20.0,88.0,17.0,10.0,2.5,2,5.0,Good,Medium,Postgraduate,Low,No,100.0,71.0
Male,20.0,99.0,17.0,5.0,2.5,4,5.0,Good,Low,Postgraduate,Medium,No,67.0,69.0
Male,20.0,98.0,23.0,6.0,2.5,3,5.0,Good,Low,High School,Low,No,76.0,74.0
Male,20.0,69.0,4.0,6.0,2.5,2,5.0,Good,Medium,High School,Medium,No,99.0,61.0
Male,20.0,64.0,35.0,6.0,2.5,2,5.0,Good,High,High School,Medium,No,85.0,68.0
Male,20.0,66.0,23.0,7.0,2.5,2,5.0,Good,High,High School,Medium,No,82.0,67.0
Male,20.0,88.0,21.0,6.0,2.5,4,5.0,Good,Medium,College,High,No,58.0,70.0
Male,20.0,89.0,27.0,5.0,2.5,3,5.0,Good,Medium,High School,Low,No,62.0,69.0
Male,20.0,87.0,34.0,6.0,2.5,2,5.0,Good,High,College,Low,No,69.0,72.0
Male,20.0,73.0,25.0,7.0,2.5,2,5.0,Good,Medium,High School,Medium,No,73.0,66.0
Male,20.0,67.0,26.0,9.0,2.5,3,5.0,Good,Medium,High School,Medium,No,75.0,67.0
Female,20.0,83.0,21.0,6.0,2.5,2,5.0,Good,High,High School,High,No,95.0,70.0
Male,20.0,79.0,19.0,8.0,2.5,4,5.0,Good,Medium,Postgraduate,Medium,No,55.0,68.0
Female,20.0,89.0,17.0,5.0,2.5,2,5.0,Good,High,College,Medium,No,62.0,68.0
Female,20.0,78.0,15.0,4.0,2.5,2,5.0,Good,High,High School,Medium,No,57.0,65.0
Female,20.0,74.0,16.0,7.0,2.5,3,5.0,Good,Medium,College,Low,No,87.0,63.0
Female,20.0,72.0,12.0,6.0,2.5,4,5.0,Good,High,College,Low,No,99.0,62.0
Female,20.0,68.0,20.0,6.0,2.5,4,5.0,Good,Medium,High School,Low,No,95.0,66.0
Male,20.0,71.0,10.0,6.0,2.5,2,5.0,Good,Medium,Postgraduate,Medium,No,86.0,62.0
Female,20.0,64.0,21.0,6.0,2.5,3,5.0,Good,Low,College,High,No,51.0,61.0
Female,20.0,74.0,20.0,6.0,2.5,4,5.0,Good,High,College,Medium,No,67.0,63.0
Female,20.0,61.0,21.0,6.0,2.5,3,5.0,Good,Low,High School,Medium,No,93.0,65.0
Male,20.0,67.0,17.0,5.0,2.5,3,5.0,Good,High,High School,Low,No,83.0,64.0
Male,20.0,90.0,38.0,4.0,2.5,4,5.0,Good,Low,College,Low,No,60.0,74.0
Female,20.0,73.0,28.0,4.0,2.5,2,5.0,Good,Medium,Postgraduate,High,No,73.0,70.0
Female,20.0,87.0,13.0,10.0,2.5,2,5.0,Good,Low,High School,Low,No,54.0,63.0
Female,20.0,89.0,21.0,7.0,2.5,2,5.0,Good,Medium,High School,High,No,76.0,68.0
Male,20.0,83.0,16.0,9.0,2.5,2,5.0,Good,Medium,College,Low,No,95.0,69.0
Male,20.0,98.0,14.0,7.0,2.5,4,5.0,Good,High,High School,Medium,No,52.0,70.0
Male,20.0,61.0,12.0,7.0,2.5,3,5.0,Good,Medium,College,High,No,81.0,62.0
Male,20.0,90.0,23.0,7.0,2.5,2,5.0,Good,Medium,Postgraduate,Medium,No,62.0,71.0
Male,20.0,98.0,16.0,8.0,2.5,1,5.0,Good,Low,High School,Low,No,100.0,69.0
Male,20.0,94.0,26.0,5.0,2.5,2,5.0,Good,Low,High School,Low,No,53.0,69.0
Male,20.0,67.0,26.0,6.0,2.5,3,5.0,Good,High,College,Low,No,81.0,68.0
Male,20.0,73.0,28.0,7.0,2.5,2,5.0,Good,Low,High School,Low,No,63.0,65.0
Male,20.0,67.0,15.0,4.0,2.5,5,5.0,Good,High,High School,Medium,No,94.0,65.0
Female,20.0,84.0,23.0,9.0,2.5,4,5.0,Good,Low,High School,Medium,No,56.0,65.0
Female,20.0,88.0,24.0,9.0,2.5,3,5.0,Good,Medium,High School,High,No,71.0,72.0
Female,20.0,73.0,17.0,4.0,2.5,4,5.0,Good,High,High School,Low,No,59.0,63.0
Male,20.0,82.0,15.0,6.0,2.5,2,5.0,Good,High,High School,High,No,90.0,68.0
Female,20.0,88.0,30.0,7.0,2.5,3,5.0,Good,Low,College,Medium,No,68.0,72.0
Male,20.0,77.0,21.0,8.0,2.5,2,5.0,Good,Medium,High School,Low,No,59.0,66.0
Female,20.0,94.0,24.0,9.0,2.5,3,5.0,Good,High,College,Low,No,86.0,71.0
Female,20.0,91.0,15.0,6.0,2.5,3,5.0,Good,Low,College,Medium,No,91.0,67.0
Male,20.0,63.0,13.0,10.0,2.5,3,5.0,Good,Low,Postgraduate,Low,No,73.0,61.0
Female,20.0,85.0,17.0,7.0,2.5,2,5.0,Good,Medium,High School,Low,No,69.0,70.0
Male,20.0,69.0,19.0,7.0,2.5,3,5.0,Good,Low,College,Low,No,82.0,64.0
Male,20.0,82.0,14.0,8.0,2.5,2,5.0,Good,Medium,High School,Medium,No,83.0,64.0
Female,20.0,98.0,20.0,7.0,2.5,3,5.0,Good,Medium,High School,Low,No,83.0,68.0
Male,20.0,95.0,10.0,7.0,2.5,3,5.0,Good,High,Postgraduate,Low,No,64.0,70.0
Male,20.0,76.0,13.0,10.0,2.5,3,5.0,Good,High,College,Low,No,97.0,65.0
Female,20.0,72.0,24.0,7.0,2.5,2,5.0,Good,Medium,High School,Low,No,61.0,67.0
Male,20.0,69.0,24.0,6.0,2.5,4,5.0,Good,Medium,College,Low,No,69.0,65.0
Female,20.0,81.0,18.0,6.0,2.5,4,5.0,Good,Medium,High School,Medium,No,64.0,65.0
Female,20.0,65.0,14.0,9.0,2.5,4,5.0,Good,Low,High School,Low,No,97.0,65.0
Male,20.0,82.0,14.0,8.0,2.5,2,5.0,Good,High,High School,Low,No,91.0,66.0
Male,20.0,60.0,18.0,5.0,2.5,4,5.0,Good,Low,High School,Low,No,91.0,62.0
Male,20.0,73.0,24.0,5.0,2.5,2,5.0,Good,Low,High School,Low,No,50.0,63.0
Male,20.0,69.0,26.0,7.0,2.5,3,5.0,Good,Medium,High School,Medium,No,84.0,63.0
Male,20.0,99.0,17.0,8.0,2.5,3,5.0,Good,Medium,High School,Medium,No,62.0,70.0
Male,20.0,89.0,13.0,6.0,2.5,4,5.0,Good,Medium,High School,Medium,No,98.0,67.0
Male,20.0,74.0,22.0,4.0,2.5,3,5.0,Good,Low,High School,High,No,77.0,66.0
Male,20.0,64.0,15.0,5.0,2.5,2,5.0,Good,Medium,High School,Low,No,78.0,63.0
Female,20.0,81.0,17.0,9.0,2.5,3,5.0,Good,High,College,Low,No,68.0,66.0
Female,20.0,69.0,28.0,8.0,2.5,4,5.0,Good,Medium,College,Medium,No,77.0,67.0
Female,20.0,81.0,25.0,9.0,2.5,1,5.0,Good,Low,Postgraduate,Low,No,87.0,68.0
Male,20.0,93.0,21.0,9.0,2.5,2,5.0,Good,Low,High School,Medium,No,78.0,67.0
Male,20.0,85.0,12.0,6.0,2.5,2,5.0,Good,Medium,High School,High,No,82.0,66.0
Female,20.0,85.0,21.0,6.0,2.5,4,5.0,Good,Medium,High School,Medium,No,74.0,71.0
Male,20.0,82.0,26.0,7.0,2.5,2,5.0,Good,Medium,Postgraduate,Low,No,86.0,69.0
Male,20.0,97.0,18.0,8.0,2.5,2,5.0,Good,High,Postgraduate,Medium,No,95.0,72.0
Female,20.0,97.0,28.0,9.0,2.5,3,5.0,Good,Low,College,Low,No,53.0,70.0
Male,20.0,81.0,28.0,10.0,2.5,3,5.0,Good,Medium,High School,Medium,No,55.0,68.0
Male,20.0,72.0,30.0,8.0,2.5,1,5.0,Good,Medium,High School,Low,No,84.0,68.0
Female,20.0,78.0,22.0,8.0,2.5,2,5.0,Good,High,High School,Low,No,69.0,67.0
Female,20.0,67.0,24.0,10.0,2.5,2,5.0,Good,Low,College,Low,No,64.0,62.0
Male,20.0,85.0,28.0,7.0,2.5,3,5.0,Good,Low,Postgraduate,Low,No,59.0,67.0
Male,20.0,80.0,23.0,9.0,2.5,2,5.0,Good,Medium,Postgraduate,Medium,No,79.0,69.0
Male,20.0,64.0,17.0,8.0,2.5,3,5.0,Good,Medium,College,Low,No,67.0,64.0
Female,20.0,68.0,17.0,8.0,2.5,3,5.0,Good,Medium,College,Low,No,75.0,66.0
Male,20.0,79.0,21.0,7.0,2.5,1,5.0,Good,High,High School,Low,No,98.0,69.0
Female,20.0,96.0,12.0,5.0,2.5,2,5.0,Good,High,College,Medium,No,88.0,70.0
Female,20.0,83.0,19.0,8.0,2.5,3,5.0,Good,Low,College,Low,No,90.0,69.0
Male,20.0,87.0,27.0,8.0,2.5,3,5.0,Good,Medium,Postgraduate,Medium,No,56.0,72.0
Female,20.0,74.0,7.0,6.0,2.5,2,5.0,Good,Low,High School,Low,No,66.0,61.0
Female,20.0,83.0,29.0,7.0,2.5,4,5.0,Good,High,High School,Low,No,55.0,68.0
Male,20.0,78.0,27.0,6.0,2.5,3,5.0,Good,Low,High School,Medium,No,98.0,68.0
Female,20.0,86.0,17.0,6.0,2.5,3,5.0,Good,High,High School,Medium,No,84.0,66.0
Male,20.0,62.0,23.0,6.0,2.5,2,5.0,Good,Medium,College,High,No,51.0,65.0
Female,20.0,80.0,20.0,5.0,2.5,4,5.0,Good,Medium,College,Low,No,74.0,66.0
Female,20.0,72.0,27.0,6.0,2.5,5,5.0,Good,Medium,College,High,No,63.0,67.0
Male,20.0,73.0,26.0,8.0,2.5,2,5.0,Good,Medium,College,Medium,No,77.0,68.0
Female,20.0,98.0,12.0,9.0,2.5,2,5.0,Good,Low,Postgraduate,High,No,59.0,67.0
Female,20.0,67.0,24.0,10.0,2.5,3,5.0,Good,Medium,College,Medium,No,53.0,63.0
Male,20.0,72.0,19.0,6.0,2.5,2,5.0,Good,Medium,Postgraduate,Medium,No,66.0,64.0
Male,20.0,80.0,20.0,9.0,2.5,3,5.0,Good,High,College,Medium,No,65.0,66.0
Male,20.0,95.0,16.0,8.0,2.5,4,5.0,Good,Medium,High School,Low,No,86.0,69.0
Male,20.0,77.0,30.0,7.0,2.5,3,5.0,Good,Medium,Postgraduate,High,No,74.0,70.0
Female,20.0,90.0,26.0,8.0,2.5,2,5.0,Good,High,High School,Medium,No,65.0,72.0
Female,20.0,94.0,16.0,9.0,2.5,5,5.0,Good,High,High School,High,No,79.0,71.0
Male,20.0,72.0,12.0,6.0,2.5,2,5.0,Good,Low,Postgraduate,Low,No,54.0,63.0
Male,20.0,76.0,18.0,6.0,2.5,4,5.0,Good,Medium,High School,High,No,83.0,68.0
Male,20.0,74.0,23.0,6.0,2.5,3,5.0,Good,Low,College,High,No,57.0,67.0
Male,20.0,93.0,21.0,6.0,2.5,4,5.0,Good,Medium,Postgraduate,Low,No,64.0,69.0
Male,20.0,62.0,28.0,9.0,2.5,2,5.0,Good,High,Postgraduate,Low,No,64.0,65.0
Male,20.0,72.0,25.0,6.0,2.5,4,5.0,Good,High,College,Medium,No,73.0,69.0
Male,20.0,87.0,26.0,6.0,2.5,4,5.0,Good,High,College,Medium,No,98.0,71.0
Female,20.0,83.0,22.0,7.0,2.5,3,5.0,Good,Medium,High School,Medium,No,66.0,67.0
Female,20.0,77.0,12.0,7.0,2.5,4,5.0,Good,Low,College,High,No,64.0,64.0
Female,20.0,82.0,19.0,6.0,2.5,3,5.0,Good,Low,College,Medium,No,58.0,68.0
Male,20.0,68.0,26.0,10.0,2.5,3,5.0,Good,Medium,College,Low,No,70.0,67.0
Female,20.0,77.0,20.0,6.0,2.5,2,5.0,Good,Low,High School,High,No,59.0,62.0
Female,20.0,80.0,23.0,7.0,2.5,2,5.0,Good,Low,Postgraduate,Medium,No,57.0,68.0
Female,20.0,96.0,18.0,4.0,2.5,4,5.0,Good,Medium,College,Medium,No,93.0,72.0
Male,20.0,70.0,14.0,7.0,2.5,3,5.0,Good,Low,High School,Medium,No,53.0,61.0
Male,20.0,95.0,19.0,5.0,2.5,4,5.0,Good,Medium,High School,High,No,86.0,67.0
Male,20.0,86.0,22.0,6.0,2.5,3,5.0,Good,High,Postgraduate,High,No,60.0,70.0
Male,20.0,61.0,16.0,4.0,2.5,3,5.0,Good,Low,High School,Low,No,51.0,59.0
Female,20.0,89.0,19.0,6.0,2.5,4,5.0,Good,High,College,Low,No,90.0,70.0
Female,20.0,61.0,14.0,7.0,2.5,1,5.0,Good,High,High School,Low,No,85.0,60.0
Male,20.0,100.0,27.0,7.0,2.5,3,5.0,Good,Medium,College,High,No,67.0,74.0
Male,20.0,95.0,18.0,6.0,2.5,3,5.0,Good,High,College,Medium,No,54.0,68.0
Female,20.0,72.0,29.0,7.0,2.5,3,5.0,Good,Low,College,Low,No,68.0,67.0
Male,20.0,70.0,29.0,6.0,2.5,4,5.0,Good,High,Postgraduate,Medium,No,59.0,67.0
Female,20.0,75.0,20.0,7.0,2.5,2,5.0,Good,High,College,Medium,No,97.0,66.0
Female,20.0,74.0,14.0,7.0,2.5,2,5.0,Good,High,High School,Low,No,76.0,63.0
Male,20.0,75.0,7.0,7.0,2.5,3,5.0,Good,Low,College,Low,No,98.0,62.0
Female,20.0,73.0,11.0,7.0,2.5,3,5.0,Good,High,College,Low,No,68.0,64.0
Male,20.0,85.0,12.0,6.0,2.5,4,5.0,Good,High,College,Medium,No,78.0,68.0
Female,20.0,67.0,28.0,8.0,2.5,3,5.0,Good,High,High School,Medium,No,60.0,65.0
Female,20.0,94.0,21.0,8.0,2.5,4,5.0,Good,Low,Postgraduate,Medium,No,90.0,71.0
Female,20.0,92.0,22.0,7.0,2.5,3,5.0,Good,Low,Postgraduate,Medium,No,52.0,68.0
Male,20.0,79.0,7.0,9.0,2.5,2,5.0,Good,Medium,High School,Medium,No,85.0,62.0
Male,20.0,94.0,13.0,7.0,2.5,3,5.0,Good,Medium,High School,Medium,No,70.0,68.0
Male,20.0,70.0,25.0,7.0,2.5,3,5.0,Good,Low,High School,High,No,79.0,68.0
Male,20.0,61.0,22.0,7.0,2.5,3,5.0,Good,High,Postgraduate,Medium,No,80.0,67.0
Female,20.0,85.0,19.0,7.0,2.5,2,5.0,Good,Medium,College,Low,No,86.0,67.0
Male,20.0,78.0,23.0,6.0,2.5,4,5.0,Good,Medium,High School,High,No,60.0,70.0
Female,20.0,83.0,30.0,4.0,2.5,4,5.0,Good,Medium,High School,Low,No,77.0,69.0
Male,20.0,96.0,19.0,7.0,2.5,3,5.0,Good,Medium,Postgraduate,Low,No,71.0,70.0
Male,20.0,99.0,20.0,8.0,2.5,2,5.0,Good,Low,High School,High,No,64.0,69.0
Female,20.0,85.0,21.0,5.0,2.5,2,5.0,Good,Low,High School,High,No,75.0,70.0
Male,20.0,91.0,34.0,9.0,2.5,4,5.0,Good,Medium,High School,Medium,No,98.0,72.0
Female,20.0,63.0,7.0,5.0,2.5,2,5.0,Good,Medium,High School,Low,No,97.0,59.0
Male,20.0,66.0,24.0,6.0,2.5,4,5.0,Good,Medium,High School,Medium,No,64.0,64.0
Female,20.0,89.0,19.0,10.0,2.5,1,5.0,Good,Medium,College,High,No,94.0,72.0
Male,20.0,77.0,23.0,8.0,2.5,3,5.0,Good,Medium,Postgraduate,High,No,94.0,70.0
Female,20.0,78.0,16.0,7.0,2.5,1,5.0,Good,Medium,High School,High,No,62.0,63.0
Male,20.0,72.0,20.0,7.0,2.5,3,5.0,Good,Medium,College,Low,No,80.0,66.0
Male,20.0,84.0,24.0,9.0,2.5,4,5.0,Good,Medium,High School,High,No,93.0,72.0
Female,20.0,67.0,39.0,5.0,2.5,4,5.0,Good,Medium,High School,Medium,No,76.0,71.0
Female,20.0,85.0,25.0,9.0,2.5,3,5.0,Good,Medium,Postgraduate,High,No,68.0,71.0
Male,20.0,67.0,15.0,6.0,2.5,3,5.0,Good,Low,High School,Medium,No,83.0,62.0
Male,20.0,63.0,17.0,8.0,2.5,1,5.0,Good,Medium,Postgraduate,Low,No,59.0,62.0
Male,20.0,73.0,17.0,6.0,2.5,1,5.0,Good,Medium,College,Medium,No,58.0,64.0
Male,20.0,69.0,9.0,10.0,2.5,3,5.0,Good,Medium,Postgraduate,Low,No,92.0,65.0
Female,20.0,96.0,18.0,7.0,2.5,4,5.0,Good,Low,College,Low,No,52.0,68.0
Male,20.0,62.0,24.0,5.0,2.5,3,5.0,Good,Low,College,High,No,90.0,67.0
Male,20.0,67.0,12.0,8.0,2.5,3,5.0,Good,Low,High School,High,No,65.0,61.0
Female,20.0,82.0,26.0,9.0,2.5,5,5.0,Good,High,High School,Medium,No,74.0,68.0
Male,20.0,79.0,23.0,9.0,2.5,3,5.0,Good,Medium,High School,Low,No,77.0,68.0
Female,20.0,62.0,16.0,7.0,2.5,1,5.0,Good,Medium,High School,Low,No,88.0,62.0
Female,20.0,60.0,19.0,8.0,2.5,3,5.0,Good,High,High School,Low,No,94.0,62.0
Male,20.0,100.0,30.0,6.0,2.5,2,5.0,Good,Low,High School,Medium,No,90.0,74.0
Female,20.0,86.0,24.0,8.0,2.5,4,5.0,Good,Medium,High School,Low,No,79.0,68.0
Male,20.0,75.0,20.0,8.0,2.5,4,5.0,Good,Medium,College,High,No,67.0,66.0
Male,20.0,79.0,19.0,4.0,2.5,3,5.0,Good,High,High School,Medium,No,76.0,67.0
Male,20.0,71.0,20.0,5.0,2.5,3,5.0,Good,High,High School,Medium,No,52.0,65.0
Male,20.0,74.0,17.0,7.0,2.5,4,5.0,Good,Medium,High School,High,No,62.0,66.0
Male,20.0,86.0,7.0,7.0,2.5,4,5.0,Good,Medium,Postgraduate,Low,No,68.0,67.0
Male,20.0,95.0,32.0,7.0,2.5,3,5.0,Good,High,College,High,No,66.0,76.0
Female,20.0,67.0,21.0,7.0,2.5,3,5.0,Good,High,High School,High,No,55.0,66.0
Female,20.0,94.0,22.0,9.0,2.5,3,5.0,Good,High,College,Medium,No,53.0,68.0
Female,20.0,65.0,20.0,8.0,2.5,3,5.0,Good,Low,College,Low,No,71.0,63.0
Female,20.0,69.0,16.0,4.0,2.5,4,5.0,Good,Medium,College,Low,No,54.0,65.0
Male,20.0,61.0,19.0,10.0,2.5,3,5.0,Good,Medium,High School,Low,No,64.0,63.0
Male,20.0,66.0,10.0,4.0,2.5,2,5.0,Good,Low,High School,Low,No,74.0,59.0
Male,20.0,97.0,34.0,8.0,2.5,4,5.0,Good,Medium,High School,Medium,No,60.0,74.0
Male,20.0,78.0,13.0,5.0,2.5,3,5.0,Good,Low,College,Low,No,54.0,62.0
Female,20.0,63.0,14.0,9.0,2.5,4,5.0,Good,Medium,High School,Low,No,72.0,59.0
Male,20.0,98.0,17.0,7.0,2.5,3,5.0,Good,High,High School,Low,No,72.0,71.0
Male,20.0,95.0,28.0,8.0,2.5,3,5.0,Good,Medium,Postgraduate,Medium,No,96.0,73.0
Male,20.0,90.0,20.0,4.0,2.5,1,5.0,Good,Medium,High School,Low,No,56.0,68.0
Male,20.0,97.0,13.0,8.0,2.5,1,5.0,Good,Medium,High School,Low,No,81.0,68.0
Male,20.0,69.0,28.0,8.0,2.5,6,5.0,Good,Medium,College,Low,No,66.0,66.0
Male,20.0,93.0,24.0,8.0,2.5,3,5.0,Good,Medium,College,Low,No,56.0,69.0
Female,20.0,88.0,23.0,8.0,2.5,4,5.0,Good,Medium,High School,Medium,No,70.0,70.0
Male,20.0,95.0,24.0,7.0,2.5,3,5.0,Good,High,High School,Medium,No,71.0,74.0
Female,20.0,92.0,34.0,7.0,2.5,5,5.0,Good,Low,College,Medium,No,68.0,75.0
Male,20.0,74.0,33.0,6.0,2.5,3,5.0,Good,Medium,College,Medium,No,88.0,71.0
Male,20.0,91.0,16.0,6.0,2.5,3,5.0,Good,Low,High School,Low,No,92.0,71.0
Female,20.0,70.0,30.0,9.0,2.5,4,5.0,Good,Medium,College,Low,No,57.0,65.0
Male,20.0,73.0,22.0,6.0,2.5,3,5.0,Good,High,Postgraduate,Medium,No,58.0,65.0
Male,20.0,64.0,23.0,4.0,2.5,1,5.0,Good,Low,Postgraduate,Medium,No,71.0,65.0
Female,20.0,97.0,10.0,6.0,2.5,2,5.0,Good,Medium,Postgraduate,Low,No,66.0,67.0
Male,20.0,72.0,19.0,8.0,2.5,4,5.0,Good,High,High School,Low,No,91.0,67.0
Male,20.0,81.0,15.0,7.0,2.5,3,5.0,Good,Medium,Postgraduate,Low,No,100.0,67.0
Female,20.0,76.0,25.0,8.0,2.5,4,5.0,Good,Medium,College,Medium,No,59.0,71.0
Female,20.0,98.0,26.0,4.0,2.5,1,5.0,Good,Low,College,Medium,No,88.0,72.0
Male,20.0,73.0,8.0,4.0,2.5,4,5.0,Good,Low,College,Low,No,80.0,62.0
Male,20.0,91.0,20.0,7.0,2.5,4,5.0,Good,Medium,College,Medium,No,82.0,70.0
Female,20.0,94.0,27.0,9.0,2.5,4,5.0,Good,High,College,Low,No,63.0,72.0
Male,20.0,77.0,19.0,4.0,2.5,4,5.0,Good,Medium,College,Medium,No,55.0,64.0
Male,20.0,75.0,24.0,8.0,2.5,1,5.0,Good,High,College,Low,No,77.0,66.0
Male,20.0,90.0,22.0,9.0,2.5,4,5.0,Good,Medium,High School,Medium,No,81.0,69.0
Female,20.0,97.0,22.0,7.0,2.5,0,5.0,Good,High,College,Medium,No,98.0,71.0
Male,20.0,90.0,18.0,8.0,2.5,3,5.0,Good,High,High School,Low,No,84.0,68.0
Female,20.0,69.0,13.0,7.0,2.5,2,5.0,Good,Low,High School,High,No,72.0,63.0
Male,20.0,96.0,13.0,7.0,2.5,3,5.0,Good,Medium,High School,Medium,No,100.0,71.0
Male,20.0,76.0,24.0,8.0,2.5,1,5.0,Good,Low,High School,Low,No,69.0,65.0
Female,20.0,83.0,20.0,10.0,2.5,1,5.0,Good,Medium,High School,Low,No,58.0,66.0
Female,20.0,93.0,19.0,6.0,2.5,3,5.0,Good,Medium,College,High,No,81.0,68.0
Male,20.0,68.0,17.0,7.0,2.5,3,5.0,Good,Medium,High School,Low,No,63.0,61.0
Male,20.0,91.0,18.0,6.0,2.5,3,5.0,Good,Medium,Postgraduate,Low,No,96.0,71.0
Female,20.0,84.0,26.0,7.0,2.5,2,5.0,Good,Medium,High School,Medium,No,71.0,70.0
Female,20.0,96.0,18.0,7.0,2.5,3,5.0,Good,Low,High School,Low,No,57.0,66.0
Male,20.0,67.0,12.0,9.0,2.5,2,5.0,Good,Low,College,Low,No,57.0,61.0
Male,20.0,77.0,24.0,9.0,2.5,2,5.0,Good,Low,High School,Medium,No,82.0,67.0
Female,20.0,93.0,19.0,8.0,2.5,3,5.0,Good,Medium,Postgraduate,High,No,68.0,72.0
Female,20.0,61.0,20.0,9.0,2.5,3,5.0,Good,Medium,High School,High,No,68.0,65.0
Female,20.0,64.0,30.0,6.0,2.5,2,5.0,Good,Low,College,Medium,No,81.0,68.0
Male,20.0,100.0,20.0,6.0,2.5,4,5.0,Good,High,College,Medium,No,61.0,70.0
Male,20.0,71.0,22.0,8.0,2.5,4,5.0,Good,Medium,High School,Low,No,57.0,63.0
Female,20.0,99.0,13.0,7.0,2.5,4,5.0,Good,Medium,Postgraduate,Medium,No,83.0,69.0
Male,20.0,67.0,19.0,10.0,2.5,3,5.0,Good,Medium,High School,High,No,50.0,62.0
Female,20.0,74.0,24.0,4.0,2.5,4,5.0,Good,High,Postgraduate,High,No,95.0,71.0
Male,20.0,90.0,11.0,8.0,2.5,4,5.0,Good,Low,High School,Low,No,59.0,64.0
Male,20.0,86.0,21.0,8.0,2.5,3,5.0,Good,Medium,High School,High,No,72.0,69.0
Male,20.0,83.0,21.0,6.0,2.5,3,5.0,Good,High,Postgraduate,Low,No,61.0,71.0
Female,20.0,81.0,20.0,6.0,2.5,4,5.0,Good,Low,High School,Low,No,61.0,63.0
Female,20.0,94.0,26.0,6.0,2.5,3,5.0,Good,Low,High School,Low,No,92.0,72.0
Male,20.0,69.0,22.0,5.0,2.5,3,5.0,Good,Medium,College,Low,No,79.0,66.0
Male,20.0,78.0,29.0,9.0,2.5,4,5.0,Good,Medium,High School,Low,No,66.0,69.0
Male,20.0,66.0,14.0,10.0,2.5,3,5.0,Good,Low,High School,Low,No,63.0,60.0
Female,20.0,84.0,21.0,6.0,2.5,4,5.0,Good,Low,High School,Medium,No,61.0,68.0
Male,20.0,70.0,21.0,6.0,2.5,2,5.0,Good,Medium,College,Medium,No,78.0,65.0
Female,20.0,73.0,14.0,5.0,2.5,4,5.0,Good,High,College,Medium,No,87.0,67.0
Male,20.0,79.0,26.0,5.0,2.5,2,5.0,Good,Medium,High School,Low,No,63.0,66.0
Male,20.0,61.0,34.0,6.0,2.5,2,5.0,Good,High,Postgraduate,High,No,67.0,68.0
Female,20.0,64.0,20.0,9.0,2.5,4,5.0,Good,Medium,High School,Low,No,86.0,63.0
Male,20.0,87.0,23.0,10.0,2.5,3,5.0,Good,Medium,College,Medium,No,87.0,73.0
Male,20.0,77.0,21.0,6.0,2.5,3,5.0,Good,Medium,College,Medium,No,60.0,66.0
Male,20.0,95.0,16.0,6.0,2.5,3,5.0,Good,Low,College,Low,No,69.0,67.0
Male,20.0,88.0,9.0,5.0,2.5,4,5.0,Good,Low,Postgraduate,Medium,No,93.0,66.0
Male,20.0,60.0,16.0,8.0,2.5,5,5.0,Good,Low,High School,Low,No,87.0,60.0
Male,20.0,85.0,12.0,8.0,2.5,3,5.0,Good,Low,Postgraduate,Low,No,58.0,67.0
Female,20.0,64.0,30.0,7.0,2.5,4,5.0,Good,Medium,High School,High,No,69.0,67.0
Female,20.0,91.0,19.0,6.0,2.5,2,5.0,Good,High,High School,Medium,No,99.0,70.0
Female,20.0,100.0,18.0,9.0,2.5,2,5.0,Good,Low,High School,Low,No,76.0,69.0
Male,20.0,81.0,25.0,8.0,2.5,3,5.0,Good,Medium,Postgraduate,Low,No,86.0,68.0
Female,20.0,87.0,13.0,8.0,2.5,3,5.0,Good,High,High School,High,No,55.0,67.0
Male,20.0,69.0,15.0,8.0,2.5,1,5.0,Good,Low,College,Low,No,92.0,63.0
Male,20.0,78.0,20.0,7.0,2.5,3,5.0,Good,High,College,High,No,80.0,70.0
Female,20.0,94.0,26.0,6.0,2.5,3,5.0,Good,High,High School,Low,No,59.0,71.0
Female,20.0,67.0,23.0,8.0,2.5,2,5.0,Good,Low,High School,High,No,69.0,67.0
Male,20.0,71.0,21.0,8.0,2.5,3,5.0,Good,High,High School,Medium,No,54.0,64.0
Female,20.0,78.0,20.0,8.0,2.5,4,5.0,Good,High,College,Medium,No,89.0,66.0
Male,20.0,88.0,22.0,5.0,2.5,3,5.0,Good,Low,Postgraduate,Low,No,87.0,70.0
Male,20.0,75.0,21.0,8.0,2.5,2,5.0,Good,High,High School,Medium,No,75.0,65.0
Male,20.0,97.0,14.0,7.0,2.5,3,5.0,Good,Medium,College,Medium,No,73.0,68.0
Female,20.0,64.0,20.0,6.0,2.5,5,5.0,Good,High,Postgraduate,Medium,No,73.0,65.0
Male,20.0,75.0,14.0,8.0,2.5,1,5.0,Good,Medium,Postgraduate,Medium,No,52.0,65.0
Female,20.0,88.0,20.0,7.0,2.5,4,5.0,Good,Medium,College,Low,No,68.0,69.0
Female,20.0,69.0,17.0,10.0,2.5,4,5.0,Good,Medium,High School,Medium,No,56.0,63.0
Female,20.0,86.0,35.0,8.0,2.5,2,5.0,Good,Medium,College,Low,No,59.0,70.0
Male,20.0,67.0,20.0,7.0,2.5,4,5.0,Good,Medium,College,Medium,No,98.0,64.0
Female,20.0,62.0,12.0,7.0,2.5,4,5.0,Good,High,High School,High,No,63.0,62.0
Female,20.0,65.0,19.0,5.0,2.5,3,5.0,Good,Medium,High School,Low,No,74.0,66.0
Male,20.0,97.0,23.0,9.0,2.5,3,5.0,Good,High,High School,Low,No,94.0,73.0
Female,20.0,82.0,30.0,7.0,2.5,3,5.0,Good,Medium,Postgraduate,Low,No,71.0,72.0
Male,20.0,92.0,16.0,7.0,2.5,2,5.0,Good,High,Postgraduate,High,No,76.0,68.0
Male,20.0,73.0,11.0,5.0,2.5,4,5.0,Good,Medium,College,Medium,No,58.0,62.0
Male,20.0,84.0,25.0,8.0,2.5,4,5.0,Good,Medium,High School,Low,No,64.0,67.0
Male,20.0,80.0,12.0,6.0,2.5,4,5.0,Good,Medium,High School,Low,No,75.0,62.0
Male,20.0,98.0,17.0,6.0,2.5,3,5.0,Good,Medium,High School,Medium,No,68.0,72.0
Male,20.0,90.0,18.0,7.0,2.5,2,5.0,Good,High,High School,Medium,No,52.0,67.0
Female,20.0,89.0,20.0,6.0,2.5,3,5.0,Good,Low,High School,Low,No,70.0,68.0
Female,20.0,62.0,24.0,6.0,2.5,3,5.0,Good,Medium,High School,Medium,No,91.0,65.0
Female,20.0,82.0,16.0,7.0,2.5,1,5.0,Good,Low,High School,High,No,56.0,79.0
Male,20.0,79.0,18.0,9.0,2.5,3,5.0,Good,High,High School,Medium,No,51.0,66.0
Female,20.0,97.0,20.0,8.0,2.5,2,5.0,Good,Low,High School,Low,No,56.0,68.0
Male,20.0,70.0,21.0,8.0,2.5,3,5.0,Good,Medium,Postgraduate,High,No,84.0,65.0
Female,20.0,71.0,21.0,8.0,2.5,4,5.0,Good,Medium,High School,Low,No,90.0,67.0
Male,20.0,76.0,23.0,6.0,2.5,4,5.0,Good,Low,College,Medium,No,52.0,67.0
Male,20.0,70.0,25.0,9.0,2.5,4,5.0,Good,Medium,High School,Medium,No,94.0,67.0
Female,20.0,65.0,22.0,4.0,2.5,4,5.0,Good,High,College,Medium,No,81.0,68.0
Male,20.0,94.0,23.0,8.0,2.5,3,5.0,Good,Low,High School,Medium,No,76.0,72.0
Male,20.0,82.0,11.0,8.0,2.5,5,5.0,Good,High,High School,Medium,No,63.0,65.0
Female,20.0,94.0,20.0,7.0,2.5,3,5.0,Good,Low,High School,Low,No,69.0,65.0
Male,20.0,93.0,23.0,6.0,2.5,2,5.0,Good,Low,College,Medium,No,97.0,70.0
Male,20.0,71.0,24.0,7.0,2.5,2,5.0,Good,Medium,High School,Low,No,96.0,67.0
Male,20.0,82.0,16.0,6.0,2.5,4,5.0,Good,Medium,College,Medium,No,81.0,68.0
Male,20.0,63.0,16.0,8.0,2.5,3,5.0,Good,Medium,College,Low,No,79.0,63.0
Male,20.0,97.0,17.0,8.0,2.5,2,5.0,Good,Low,High School,Low,No,61.0,68.0
Female,20.0,76.0,23.0,8.0,2.5,2,5.0,Good,Medium,Postgraduate,Medium,No,98.0,69.0
Male,20.0,76.0,26.0,8.0,2.5,4,5.0,Good,Low,High School,Low,No,88.0,66.0
Female,20.0,72.0,18.0,8.0,2.5,4,5.0,Good,High,High School,High,No,69.0,64.0
Male,20.0,78.0,25.0,8.0,2.5,4,5.0,Good,Medium,High School,Low,No,91.0,69.0
Male,20.0,70.0,21.0,6.0,2.5,3,5.0,Good,Medium,High School,Low,No,61.0,62.0
Female,20.0,75.0,19.0,5.0,2.5,3,5.0,Good,High,High School,Medium,No,61.0,65.0
Female,20.0,92.0,19.0,7.0,2.5,2,5.0,Good,Medium,High School,Low,No,90.0,70.0
Female,20.0,93.0,24.0,8.0,2.5,4,5.0,Good,Medium,High School,High,No,78.0,72.0
Female,20.0,72.0,22.0,5.0,2.5,3,5.0,Good,High,High School,Low,No,78.0,66.0
Male,20.0,79.0,34.0,7.0,2.5,2,5.0,Good,Low,High School,Medium,No,79.0,70.0
Male,20.0,95.0,15.0,9.0,2.5,1,5.0,Good,Medium,High School,Low,No,56.0,67.0
Female,20.0,62.0,23.0,7.0,2.5,4,5.0,Good,Low,Postgraduate,Low,No,67.0,65.0
Male,20.0,96.0,17.0,9.0,2.5,2,5.0,Good,Low,Postgraduate,Medium,No,79.0,68.0
Male,20.0,69.0,15.0,9.0,2.5,3,5.0,Good,Low,High School,Medium,No,62.0,62.0
Male,20.0,87.0,20.0,7.0,2.5,3,5.0,Good,High,Postgraduate,Low,No,75.0,68.0
Female,20.0,83.0,21.0,6.0,2.5,3,5.0,Good,Medium,High School,High,No,78.0,69.0
Male,20.0,82.0,38.0,6.0,2.5,3,5.0,Good,Low,College,Low,No,97.0,72.0
Male,20.0,94.0,19.0,7.0,2.5,3,5.0,Good,Medium,High School,Medium,No,62.0,65.0
Male,20.0,64.0,13.0,5.0,2.5,2,5.0,Good,Medium,Postgraduate,Medium,No,72.0,63.0
Female,20.0,74.0,22.0,5.0,2.5,2,5.0,Good,Medium,College,Low,No,99.0,68.0
Male,20.0,82.0,8.0,4.0,2.5,2,5.0,Good,Medium,College,Medium,No,59.0,62.0
Male,20.0,92.0,19.0,7.0,2.5,2,5.0,Good,Medium,Postgraduate,Low,No,89.0,69.0
Female,20.0,69.0,20.0,10.0,2.5,4,5.0,Good,Medium,High School,High,No,59.0,65.0
Female,20.0,92.0,25.0,4.0,2.5,2,5.0,Good,High,High School,High,No,93.0,74.0
Female,20.0,76.0,26.0,7.0,2.5,3,5.0,Good,Medium,High School,Medium,No,74.0,70.0
Female,20.0,68.0,17.0,7.0,2.5,3,5.0,Good,High,High School,Medium,No,99.0,65.0
Male,20.0,90.0,19.0,7.0,2.5,3,5.0,Good,Low,College,High,No,59.0,70.0
Male,20.0,64.0,15.0,9.0,2.5,3,5.0,Good,Low,College,Medium,No,84.0,59.0
Male,20.0,81.0,13.0,6.0,2.5,3,5.0,Good,Low,High School,Low,No,85.0,63.0
Female,20.0,63.0,22.0,4.0,2.5,4,5.0,Good,Low,College,Low,No,86.0,64.0
Male,20.0,74.0,12.0,6.0,2.5,3,5.0,Good,High,Postgraduate,Medium,No,55.0,63.0
Female,20.0,84.0,18.0,6.0,2.5,2,5.0,Good,Medium,High School,Low,No,64.0,67.0
Female,20.0,82.0,14.0,4.0,2.5,4,5.0,Good,Medium,High School,High,No,67.0,65.0
Male,20.0,76.0,23.0,7.0,2.5,3,5.0,Good,Medium,College,Medium,No,66.0,67.0
Male,20.0,77.0,31.0,5.0,2.5,5,5.0,Good,Medium,High School,High,No,84.0,73.0
Male,20.0,69.0,12.0,7.0,2.5,3,5.0,Good,Low,College,Low,No,53.0,64.0
Male,20.0,78.0,9.0,6.0,2.5,3,5.0,Good,Medium,Postgraduate,Medium,No,87.0,65.0
Male,20.0,98.0,19.0,5.0,2.5,3,5.0,Good,Medium,High School,Medium,No,76.0,72.0
Female,20.0,94.0,20.0,8.0,2.5,4,5.0,Good,High,High School,Medium,No,59.0,72.0
Male,20.0,66.0,21.0,7.0,2.5,2,5.0,Good,Medium,College,High,No,61.0,66.0
Male,20.0,61.0,17.0,7.0,2.5,2,5.0,Good,High,College,Medium,No,55.0,62.0
Male,20.0,97.0,19.0,8.0,2.5,1,5.0,Good,Medium,College,Medium,No,73.0,68.0
Female,20.0,81.0,22.0,7.0,2.5,3,5.0,Good,Low,College,Medium,No,80.0,67.0
Female,20.0,82.0,26.0,7.0,2.5,2,5.0,Good,Medium,Postgraduate,Medium,No,79.0,69.0
Female,20.0,91.0,8.0,6.0,2.5,3,5.0,Good,Medium,High School,Medium,No,98.0,67.0
Female,20.0,73.0,18.0,5.0,2.5,3,5.0,Good,Medium,College,Low,No,65.0,63.0
Male,20.0,79.0,21.0,7.0,2.5,4,5.0,Good,Low,High School,Low,No,88.0,65.0
Male,20.0,99.0,14.0,6.0,2.5,4,5.0,Good,Low,College,High,No,86.0,71.0
Male,20.0,87.0,30.0,8.0,2.5,1,5.0,Good,Low,Postgraduate,Low,No,53.0,70.0
Male,20.0,66.0,16.0,7.0,2.5,3,5.0,Good,Medium,Postgraduate,Low,No,97.0,68.0
Female,20.0,65.0,20.0,8.0,2.5,3,5.0,Good,High,College,Low,No,97.0,65.0
Male,20.0,68.0,23.0,6.0,2.5,2,5.0,Good,Medium,High School,Medium,No,70.0,68.0
Male,20.0,91.0,16.0,5.0,2.5,3,5.0,Good,Medium,College,High,No,71.0,69.0
Female,20.0,72.0,9.0,10.0,2.5,2,5.0,Good,Medium,High School,High,No,91.0,62.0
Female,20.0,61.0,17.0,7.0,2.5,4,5.0,Good,Medium,College,Medium,No,75.0,62.0
Female,20.0,98.0,26.0,8.0,2.5,2,5.0,Good,Low,Postgraduate,High,No,90.0,72.0
Male,20.0,67.0,18.0,5.0,2.5,4,5.0,Good,High,Postgraduate,Medium,No,52.0,64.0
Female,20.0,60.0,15.0,7.0,2.5,1,5.0,Good,Low,High School,Low,No,63.0,58.0
Male,20.0,69.0,26.0,9.0,2.5,3,5.0,Good,Low,College,Low,No,55.0,66.0
Male,20.0,69.0,18.0,5.0,2.5,4,5.0,Good,Low,Postgraduate,Low,No,73.0,64.0
Female,20.0,77.0,17.0,10.0,2.5,1,5.0,Good,Low,College,High,No,93.0,68.0
Female,20.0,97.0,21.0,7.0,2.5,3,5.0,Good,Medium,Postgraduate,High,No,78.0,69.0
Male,20.0,95.0,25.0,6.0,2.5,5,5.0,Good,Medium,High School,Low,No,76.0,71.0
Male,20.0,78.0,34.0,8.0,2.5,2,5.0,Good,Medium,College,Medium,No,68.0,71.0
Male,20.0,76.0,25.0,9.0,2.5,3,5.0,Good,Medium,High School,High,No,53.0,67.0
Male,20.0,82.0,27.0,6.0,2.5,3,5.0,Good,Medium,High School,High,No,88.0,71.0
Female,20.0,70.0,17.0,6.0,2.5,3,5.0,Good,Low,High School,Medium,No,79.0,64.0
Male,20.0,62.0,14.0,7.0,2.5,1,5.0,Good,High,High School,Medium,No,97.0,62.0
Female,20.0,98.0,20.0,8.0,2.5,4,5.0,Good,Medium,High School,High,No,72.0,70.0
Female,20.0,67.0,21.0,7.0,2.5,2,5.0,Good,Low,Postgraduate,Low,No,70.0,63.0
Female,20.0,68.0,14.0,8.0,2.5,3,5.0,Good,High,High School,High,No,99.0,66.0
Male,20.0,79.0,19.0,8.0,2.5,3,5.0,Good,Low,High School,Low,No,57.0,65.0
Male,20.0,80.0,22.0,7.0,2.5,3,5.0,Good,Medium,College,High,No,63.0,69.0
Male,20.0,61.0,22.0,6.0,2.5,3,5.0,Good,Medium,High School,Low,No,74.0,63.0
Male,20.0,66.0,23.0,7.0,2.5,2,5.0,Good,Low,College,High,No,76.0,64.0
Male,20.0,75.0,22.0,10.0,2.5,2,5.0,Good,High,High School,Low,No,77.0,66.0
Female,20.0,87.0,17.0,7.0,2.5,3,5.0,Good,Medium,High School,High,No,61.0,67.0
Male,20.0,69.0,17.0,9.0,2.5,3,5.0,Good,Medium,College,Low,No,96.0,66.0
Female,20.0,77.0,13.0,6.0,2.5,4,5.0,Good,Low,Postgraduate,Low,No,85.0,65.0
Male,20.0,82.0,31.0,7.0,2.5,2,5.0,Good,Medium,Postgraduate,High,No,63.0,72.0
Female,20.0,96.0,20.0,8.0,2.5,2,5.0,Good,High,High School,Medium,No,65.0,70.0
Female,20.0,73.0,19.0,9.0,2.5,1,5.0,Good,Medium,College,High,No,94.0,67.0
Male,20.0,65.0,14.0,9.0,2.5,3,5.0,Good,Low,College,Medium,No,69.0,64.0
Female,20.0,80.0,38.0,5.0,2.5,4,5.0,Good,Medium,College,Low,No,78.0,72.0
Female,20.0,90.0,14.0,9.0,2.5,4,5.0,Good,Medium,High School,Low,No,56.0,65.0
Female,20.0,64.0,17.0,10.0,2.5,3,5.0,Good,Medium,High School,High,No,63.0,62.0
Female,20.0,77.0,22.0,6.0,2.5,4,5.0,Good,High,High School,Low,No,71.0,67.0
Male,20.0,61.0,24.0,6.0,2.5,3,5.0,Good,High,High School,Medium,No,83.0,64.0
Male,20.0,61.0,26.0,7.0,2.5,3,5.0,Good,Low,Postgraduate,Medium,No,64.0,63.0
Male,20.0,79.0,31.0,7.0,2.5,2,5.0,Good,Medium,College,Medium,No,98.0,72.0
Male,20.0,72.0,23.0,6.0,2.5,5,5.0,Good,High,High School,High,No,61.0,66.0
Female,20.0,94.0,14.0,5.0,2.5,1,5.0,Good,Medium,Postgraduate,Medium,No,89.0,70.0
Female,20.0,84.0,18.0,9.0,2.5,2,5.0,Good,Low,Postgraduate,Medium,No,68.0,66.0
Male,20.0,78.0,22.0,6.0,2.5,3,5.0,Good,Low,High School,High,No,92.0,70.0
Female,20.0,76.0,32.0,6.0,2.5,2,5.0,Good,Low,High School,Low,No,96.0,67.0
Female,20.0,80.0,12.0,7.0,2.5,2,5.0,Good,High,High School,Low,No,59.0,64.0
Male,20.0,62.0,27.0,5.0,2.5,2,5.0,Good,Medium,High School,Medium,No,75.0,67.0
Male,20.0,96.0,21.0,5.0,2.5,4,5.0,Good,Medium,College,High,No,58.0,72.0
Male,20.0,100.0,25.0,6.0,2.5,3,5.0,Good,Low,High School,Medium,No,85.0,72.0
Female,20.0,67.0,19.0,8.0,2.5,5,5.0,Good,Low,Postgraduate,High,No,92.0,68.0
Female,20.0,65.0,15.0,7.0,2.5,3,5.0,Good,Medium,Postgraduate,High,No,69.0,64.0
Male,20.0,66.0,25.0,4.0,2.5,3,5.0,Good,Medium,High School,High,No,70.0,66.0
Male,20.0,86.0,24.0,9.0,2.5,3,5.0,Good,Medium,College,Low,No,60.0,68.0
Female,20.0,86.0,26.0,8.0,2.5,4,5.0,Good,Low,High School,Low,No,65.0,66.0
Female,20.0,94.0,20.0,7.0,2.5,1,5.0,Good,High,High School,Low,No,66.0,70.0
Female,20.0,90.0,16.0,7.0,2.5,4,5.0,Good,High,Postgraduate,Low,No,58.0,70.0
Female,20.0,78.0,11.0,8.0,2.5,2,5.0,Good,Medium,High School,Medium,No,65.0,62.0
Male,20.0,85.0,25.0,10.0,2.5,1,5.0,Good,Medium,College,Medium,No,95.0,69.0
Male,20.0,88.0,23.0,8.0,2.5,2,5.0,Good,Low,College,Medium,No,66.0,69.0
Male,20.0,81.0,14.0,7.0,2.5,4,5.0,Good,Medium,College,Medium,No,64.0,66.0
Female,20.0,79.0,17.0,5.0,2.5,3,5.0,Good,Medium,Postgraduate,Low,No,69.0,68.0
Male,20.0,86.0,17.0,7.0,2.5,5,5.0,Good,Medium,Postgraduate,Low,No,98.0,71.0
Female,20.0,82.0,11.0,8.0,2.5,2,5.0,Good,Medium,Postgraduate,Low,No,88.0,64.0
Male,20.0,86.0,15.0,7.0,2.5,3,5.0,Good,Medium,College,Medium,No,60.0,67.0
Female,20.0,85.0,13.0,6.0,2.5,3,5.0,Good,Medium,High School,Medium,No,88.0,68.0
Male,20.0,89.0,18.0,8.0,2.5,1,5.0,Good,Low,High School,High,No,88.0,67.0
Male,20.0,86.0,16.0,6.0,2.5,3,5.0,Good,High,Postgraduate,Low,No,98.0,68.0
Female,20.0,81.0,10.0,8.0,2.5,3,5.0,Good,Medium,High School,Low,No,95.0,69.0
Male,20.0,87.0,32.0,6.0,2.5,3,5.0,Good,Medium,High School,Low,No,55.0,71.0
Female,20.0,78.0,28.0,4.0,2.5,4,5.0,Good,Low,High School,Low,No,73.0,68.0
Male,20.0,70.0,15.0,6.0,2.5,2,5.0,Good,High,College,Low,No,85.0,65.0
Male,20.0,60.0,22.0,7.0,2.5,3,5.0,Good,Medium,College,Low,No,99.0,63.0
Female,20.0,82.0,23.0,8.0,2.5,1,5.0,Good,Medium,High School,Medium,No,54.0,65.0
Female,20.0,84.0,27.0,8.0,2.5,2,5.0,Good,Low,Postgraduate,Low,No,68.0,72.0
Male,20.0,99.0,15.0,5.0,2.5,1,5.0,Good,Low,College,Medium,No,75.0,67.0
Female,20.0,74.0,27.0,7.0,2.5,3,5.0,Good,Medium,High School,Medium,No,71.0,69.0
Male,20.0,76.0,17.0,6.0,2.5,3,5.0,Good,Medium,Postgraduate,Low,No,73.0,67.0
Male,20.0,68.0,12.0,6.0,2.5,4,5.0,Good,Low,College,Medium,No,68.0,64.0
Female,20.0,63.0,24.0,6.0,2.5,3,5.0,Good,Low,High School,Low,No,99.0,62.0
Male,20.0,91.0,28.0,7.0,2.5,3,5.0,Good,Medium,High School,High,No,90.0,71.0
Male,20.0,70.0,36.0,10.0,2.5,3,5.0,Good,Medium,High School,Low,No,87.0,70.0
Male,20.0,84.0,13.0,10.0,2.5,3,5.0,Good,Low,College,Medium,No,71.0,64.0
Male,20.0,88.0,24.0,6.0,2.5,2,5.0,Good,Medium,Postgraduate,Low,No,94.0,69.0
Female,20.0,79.0,18.0,7.0,2.5,3,5.0,Good,Medium,High School,Low,No,55.0,65.0
Female,20.0,95.0,25.0,7.0,2.5,2,5.0,Good,Medium,College,High,No,57.0,73.0
Female,20.0,78.0,11.0,7.0,2.5,3,5.0,Good,Low,High School,Medium,No,98.0,64.0
Female,20.0,71.0,12.0,8.0,2.5,2,5.0,Good,Low,Postgraduate,Medium,No,78.0,64.0
Male,20.0,96.0,15.0,7.0,2.5,4,5.0,Good,Medium,Postgraduate,Medium,No,58.0,70.0
Male,20.0,94.0,20.0,6.0,2.5,5,5.0,Good,Low,College,Medium,No,97.0,70.0
Male,20.0,67.0,16.0,9.0,2.5,2,5.0,Good,Medium,High School,Medium,No,99.0,64.0
Female,20.0,61.0,24.0,5.0,2.5,2,5.0,Good,Medium,College,Medium,No,94.0,64.0
Male,20.0,64.0,26.0,7.0,2.5,2,5.0,Good,High,High School,Medium,No,62.0,66.0
Male,20.0,71.0,24.0,5.0,2.5,3,5.0,Good,Medium,College,Medium,No,64.0,66.0
Female,20.0,99.0,30.0,5.0,2.5,4,5.0,Good,Low,High School,Medium,No,70.0,74.0
Female,20.0,82.0,22.0,8.0,2.5,1,5.0,Good,Medium,College,Medium,No,79.0,69.0
Male,20.0,75.0,13.0,6.0,2.5,3,5.0,Good,High,Postgraduate,Medium,No,100.0,67.0
Male,20.0,96.0,28.0,4.0,2.5,5,5.0,Good,High,High School,Low,No,98.0,73.0
Female,20.0,78.0,16.0,6.0,2.5,1,5.0,Good,High,Postgraduate,Medium,No,96.0,66.0
Female,20.0,73.0,25.0,6.0,2.5,4,5.0,Good,High,High School,Medium,No,54.0,67.0
Male,20.0,98.0,29.0,5.0,2.5,2,5.0,Good,Low,College,Low,No,88.0,75.0
Male,20.0,94.0,23.0,8.0,2.5,2,5.0,Good,Low,High School,Medium,No,94.0,73.0
Female,20.0,94.0,11.0,5.0,2.5,5,5.0,Good,Medium,High School,High,No,67.0,67.0
Female,20.0,80.0,14.0,6.0,2.5,4,5.0,Good,Medium,College,Medium,No,61.0,65.0
Female,20.0,92.0,28.0,7.0,2.5,1,5.0,Good,Low,High School,Low,No,87.0,71.0
Male,20.0,67.0,19.0,6.0,2.5,4,5.0,Good,Low,High School,Medium,No,55.0,63.0
Female,20.0,83.0,20.0,6.0,2.5,4,5.0,Good,High,High School,Low,No,97.0,68.0
Male,20.0,99.0,25.0,6.0,2.5,4,5.0,Good,High,High School,Medium,No,58.0,72.0
Male,20.0,72.0,24.0,5.0,2.5,2,5.0,Good,Low,High School,Medium,No,73.0,67.0
Female,20.0,92.0,22.0,6.0,2.5,4,5.0,Good,Low,College,Medium,No,99.0,71.0
Male,20.0,80.0,19.0,8.0,2.5,4,5.0,Good,High,Postgraduate,Low,No,99.0,67.0
Female,20.0,62.0,18.0,6.0,2.5,3,5.0,Good,Medium,Postgraduate,High,No,89.0,66.0
Male,20.0,91.0,25.0,7.0,2.5,5,5.0,Good,Medium,High School,Low,No,92.0,72.0
Female,20.0,67.0,23.0,9.0,2.5,0,5.0,Good,Medium,College,Low,No,98.0,64.0
Male,20.0,85.0,18.0,8.0,2.5,3,5.0,Good,Medium,College,High,No,96.0,68.0
Female,20.0,63.0,26.0,5.0,2.5,2,5.0,Good,Medium,High School,Low,No,81.0,65.0
Male,20.0,98.0,19.0,8.0,2.5,4,5.0,Good,High,Postgraduate,Medium,No,87.0,74.0
Female,20.0,72.0,15.0,9.0,2.5,4,5.0,Good,Medium,College,Medium,No,80.0,65.0
Female,20.0,69.0,15.0,6.0,2.5,2,5.0,Good,Medium,High School,Low,No,75.0,63.0
Male,20.0,65.0,14.0,5.0,2.5,3,5.0,Good,Medium,Postgraduate,Low,No,94.0,65.0
Male,20.0,98.0,18.0,6.0,2.5,1,5.0,Good,Medium,High School,Medium,No,87.0,70.0
Male,20.0,88.0,27.0,7.0,2.5,4,5.0,Good,Medium,High School,Low,No,93.0,71.0
Female,20.0,90.0,15.0,8.0,2.5,1,5.0,Good,Medium,College,Low,No,55.0,66.0
Male,20.0,80.0,21.0,6.0,2.5,3,5.0,Good,Low,College,Medium,No,79.0,69.0
Male,20.0,79.0,16.0,4.0,2.5,2,5.0,Good,High,College,Medium,No,66.0,67.0
Male,20.0,64.0,18.0,5.0,2.5,4,5.0,Good,Low,High School,Low,No,76.0,64.0
Female,20.0,82.0,11.0,8.0,2.5,2,5.0,Good,High,High School,Low,No,81.0,67.0
Male,20.0,70.0,19.0,10.0,2.5,4,5.0,Good,Medium,High School,Low,No,92.0,67.0
Male,20.0,99.0,19.0,7.0,2.5,4,5.0,Good,Medium,High School,Medium,No,52.0,70.0
Female,20.0,92.0,23.0,9.0,2.5,1,5.0,Good,Medium,Postgraduate,Low,No,58.0,71.0
Female,20.0,77.0,21.0,5.0,2.5,5,5.0,Good,High,High School,Low,No,96.0,68.0
Male,20.0,66.0,13.0,6.0,2.5,2,5.0,Good,Low,High School,High,No,98.0,65.0
Female,20.0,91.0,27.0,4.0,2.5,3,5.0,Good,Medium,Postgraduate,Low,No,53.0,70.0
Female,20.0,65.0,21.0,8.0,2.5,4,5.0,Good,Low,High School,Low,No,67.0,64.0
Male,20.0,68.0,21.0,6.0,2.5,4,5.0,Good,High,High School,Medium,No,50.0,67.0
Male,20.0,68.0,20.0,8.0,2.5,3,5.0,Good,Medium,High School,Low,No,88.0,63.0
Female,20.0,82.0,17.0,6.0,2.5,3,5.0,Good,High,High School,Low,No,84.0,65.0
Male,20.0,91.0,21.0,10.0,2.5,2,5.0,Good,High,High School,Low,No,78.0,70.0
Male,20.0,73.0,23.0,10.0,2.5,3,5.0,Good,Medium,College,Low,No,85.0,67.0
Male,20.0,63.0,10.0,4.0,2.5,3,5.0,Good,Low,High School,Low,No,77.0,60.0
Female,20.0,79.0,17.0,8.0,2.5,3,5.0,Good,Low,High School,Low,No,62.0,64.0
Female,20.0,90.0,18.0,6.0,2.5,1,5.0,Good,Low,High School,Medium,No,88.0,65.0
Female,20.0,69.0,22.0,8.0,2.5,5,5.0,Good,Low,High School,Low,No,89.0,64.0
Male,20.0,69.0,27.0,5.0,2.5,4,5.0,Good,Medium,College,Medium,No,93.0,67.0
Female,20.0,98.0,15.0,9.0,2.5,3,5.0,Good,High,High School,Medium,No,98.0,71.0
Female,20.0,98.0,17.0,9.0,2.5,3,5.0,Good,Low,High School,High,No,87.0,69.0
Male,20.0,100.0,17.0,5.0,2.5,4,5.0,Good,Low,High School,Medium,No,53.0,70.0
Female,20.0,92.0,15.0,7.0,2.5,3,5.0,Good,Medium,College,High,No,51.0,69.0
Male,20.0,68.0,18.0,7.0,2.5,4,5.0,Good,High,High School,Medium,No,87.0,69.0
Female,20.0,68.0,25.0,8.0,2.5,3,5.0,Good,Low,College,Medium,No,53.0,64.0
Male,20.0,74.0,14.0,7.0,2.5,3,5.0,Good,Medium,Postgraduate,Medium,No,66.0,63.0
Male,20.0,73.0,23.0,8.0,2.5,2,5.0,Good,Medium,College,Medium,No,57.0,67.0
Female,20.0,98.0,10.0,7.0,2.5,3,5.0,Good,Low,College,Medium,No,98.0,66.0
Female,20.0,92.0,17.0,8.0,2.5,3,5.0,Good,Medium,High School,Low,No,66.0,69.0
Male,20.0,89.0,18.0,5.0,2.5,4,5.0,Good,Medium,College,Low,No,53.0,69.0
Male,20.0,67.0,30.0,7.0,2.5,3,5.0,Good,High,High School,High,No,97.0,69.0
Male,20.0,96.0,18.0,9.0,2.5,3,5.0,Good,High,College,Low,No,80.0,72.0
Female,20.0,93.0,7.0,9.0,2.5,3,5.0,Good,High,High School,Medium,No,52.0,65.0
Male,20.0,67.0,8.0,7.0,2.5,2,5.0,Good,Medium,College,High,No,92.0,63.0
Male,20.0,95.0,20.0,7.0,2.5,4,5.0,Good,Low,College,Low,No,58.0,69.0
Male,20.0,71.0,24.0,9.0,2.5,3,5.0,Good,Low,College,Medium,No,90.0,69.0
Female,20.0,63.0,22.0,7.0,2.5,2,5.0,Good,Medium,College,High,No,80.0,64.0
Male,20.0,86.0,21.0,9.0,2.5,3,5.0,Good,High,College,Medium,No,59.0,69.0
Male,20.0,86.0,27.0,7.0,2.5,3,5.0,Good,Medium,Postgraduate,Medium,No,88.0,72.0
Male,20.0,64.0,17.0,7.0,2.5,4,5.0,Good,High,College,Low,No,73.0,62.0
Male,20.0,73.0,25.0,5.0,2.5,3,5.0,Good,Low,High School,Medium,No,82.0,66.0
Female,20.0,100.0,10.0,5.0,2.5,1,5.0,Good,Low,High School,Medium,No,93.0,65.0
Female,20.0,87.0,15.0,8.0,2.5,3,5.0,Good,Medium,College,High,No,63.0,69.0
Female,20.0,89.0,9.0,10.0,2.5,3,5.0,Good,High,High School,High,No,68.0,65.0
Male,20.0,69.0,18.0,7.0,2.5,2,5.0,Good,Medium,High School,Medium,No,100.0,67.0
Female,20.0,63.0,20.0,7.0,2.5,2,5.0,Good,Low,High School,Medium,No,75.0,63.0
Male,20.0,71.0,21.0,9.0,2.5,4,5.0,Good,Low,High School,Medium,No,78.0,66.0
Male,20.0,70.0,20.0,8.0,2.5,3,5.0,Good,Low,High School,Low,No,64.0,61.0
Female,20.0,69.0,14.0,4.0,2.5,4,5.0,Good,Medium,High School,Medium,No,71.0,64.0
Male,20.0,68.0,19.0,8.0,2.5,4,5.0,Good,Low,Postgraduate,Medium,No,75.0,64.0
Male,20.0,83.0,11.0,5.0,2.5,3,5.0,Good,Medium,College,Low,No,63.0,65.0
Female,20.0,73.0,28.0,7.0,2.5,3,5.0,Good,Medium,Postgraduate,High,No,62.0,68.0
Male,20.0,93.0,18.0,6.0,2.5,3,5.0,Good,Medium,High School,Medium,No,80.0,69.0
Female,20.0,67.0,17.0,6.0,2.5,3,5.0,Good,Medium,High School,Medium,No,59.0,61.0
Female,20.0,79.0,30.0,7.0,2.5,2,5.0,Good,Medium,Postgraduate,High,No,78.0,72.0
Male,20.0,61.0,13.0,8.0,2.5,3,5.0,Good,Medium,College,Low,No,85.0,61.0
Male,20.0,79.0,13.0,7.0,2.5,4,5.0,Good,Medium,College,Low,No,60.0,66.0
Male,20.0,62.0,13.0,9.0,2.5,1,5.0,Good,Medium,College,Low,No,87.0,60.0
Male,20.0,99.0,20.0,9.0,2.5,3,5.0,Good,Low,Postgraduate,Low,No,68.0,69.0
Male,20.0,92.0,23.0,9.0,2.5,2,5.0,Good,Medium,College,High,No,100.0,72.0
Female,20.0,80.0,24.0,7.0,2.5,2,5.0,Good,Low,High School,Medium,No,99.0,69.0
Male,20.0,63.0,35.0,6.0,2.5,3,5.0,Good,Low,College,Medium,No,90.0,71.0
Male,20.0,84.0,7.0,7.0,2.5,3,5.0,Good,Medium,College,Medium,No,67.0,64.0
Male,20.0,90.0,24.0,9.0,2.5,4,5.0,Good,High,High School,Low,No,97.0,71.0
Male,20.0,68.0,17.0,9.0,2.5,3,5.0,Good,High,High School,Medium,No,100.0,64.0
Female,20.0,83.0,16.0,4.0,2.5,3,5.0,Good,High,College,Low,No,73.0,67.0
Male,20.0,93.0,16.0,7.0,2.5,3,5.0,Good,Medium,Postgraduate,Low,No,81.0,67.0
Female,20.0,91.0,15.0,4.0,2.5,3,5.0,Good,High,High School,Medium,No,50.0,66.0
Male,20.0,92.0,30.0,7.0,2.5,4,5.0,Good,Medium,College,High,No,52.0,73.0
Male,20.0,95.0,25.0,6.0,2.5,4,5.0,Good,Medium,High School,Medium,No,75.0,73.0
Male,20.0,98.0,20.0,6.0,2.5,2,5.0,Good,Medium,College,Medium,No,80.0,70.0
Male,20.0,76.0,28.0,8.0,2.5,4,5.0,Good,Medium,College,High,No,66.0,70.0
Female,20.0,83.0,11.0,6.0,2.5,4,5.0,Good,Low,Postgraduate,Low,No,55.0,62.0
Male,20.0,92.0,12.0,7.0,2.5,2,5.0,Good,Medium,Postgraduate,Medium,No,89.0,68.0
Female,20.0,88.0,7.0,6.0,2.5,3,5.0,Good,Medium,High School,Low,No,71.0,65.0
Male,20.0,100.0,16.0,7.0,2.5,2,5.0,Good,Medium,High School,High,No,82.0,73.0
Female,20.0,61.0,21.0,8.0,2.5,3,5.0,Good,High,College,Low,No,83.0,65.0
Male,20.0,74.0,21.0,6.0,2.5,3,5.0,Good,High,College,Medium,No,77.0,66.0
Male,20.0,71.0,21.0,8.0,2.5,3,5.0,Good,Medium,College,Low,No,59.0,64.0
Male,20.0,70.0,12.0,7.0,2.5,3,5.0,Good,High,High School,Low,No,81.0,63.0
Male,20.0,69.0,25.0,7.0,2.5,3,5.0,Good,Medium,College,Low,No,66.0,62.0
Female,20.0,88.0,21.0,6.0,2.5,4,5.0,Good,Low,Postgraduate,Low,No,91.0,70.0
Male,20.0,63.0,24.0,8.0,2.5,3,5.0,Good,Medium,High School,High,No,60.0,65.0
Male,20.0,90.0,9.0,8.0,2.5,5,5.0,Good,Medium,High School,Medium,No,65.0,64.0
Male,20.0,88.0,22.0,7.0,2.5,2,5.0,Good,Low,Postgraduate,High,No,72.0,70.0
Male,20.0,70.0,13.0,7.0,2.5,5,5.0,Good,Medium,High School,Low,No,87.0,62.0
Female,20.0,70.0,18.0,8.0,2.5,2,5.0,Good,Medium,High School,High,No,86.0,67.0
Female,20.0,85.0,23.0,8.0,2.5,3,5.0,Good,Low,Postgraduate,Medium,No,67.0,66.0
Female,20.0,90.0,21.0,7.0,2.5,3,5.0,Good,High,College,High,No,76.0,74.0
Male,20.0,95.0,15.0,9.0,2.5,3,5.0,Good,Medium,High School,Medium,No,62.0,69.0
Female,20.0,94.0,20.0,8.0,2.5,4,5.0,Good,Low,High School,Medium,No,89.0,70.0
Female,20.0,99.0,11.0,10.0,2.5,1,5.0,Good,Medium,College,High,No,60.0,68.0
Male,20.0,83.0,27.0,5.0,2.5,2,5.0,Good,Medium,Postgraduate,Low,No,91.0,70.0
Male,20.0,96.0,19.0,8.0,2.5,2,5.0,Good,Medium,High School,Medium,No,97.0,71.0
Female,20.0,92.0,27.0,9.0,2.5,0,5.0,Good,High,Postgraduate,Medium,No,100.0,73.0
Male,20.0,96.0,17.0,9.0,2.5,2,5.0,Good,Low,High School,Medium,No,93.0,69.0
Female,20.0,60.0,17.0,7.0,2.5,4,5.0,Good,Medium,Postgraduate,Low,No,61.0,61.0
Male,20.0,99.0,15.0,5.0,2.5,2,5.0,Good,Medium,College,Medium,No,71.0,68.0
Male,20.0,79.0,25.0,9.0,2.5,2,5.0,Good,Medium,Postgraduate,Low,No,54.0,66.0
Female,20.0,92.0,16.0,6.0,2.5,4,5.0,Good,Low,High School,High,No,58.0,67.0
Female,20.0,65.0,24.0,7.0,2.5,1,5.0,Good,Medium,Postgraduate,High,No,52.0,64.0
Male,20.0,76.0,18.0,10.0,2.5,4,5.0,Good,High,College,Medium,No,82.0,67.0
Female,20.0,71.0,8.0,5.0,2.5,4,5.0,Good,Medium,High School,High,No,77.0,61.0
Male,20.0,72.0,17.0,8.0,2.5,3,5.0,Good,High,High School,Low,No,96.0,65.0
Female,20.0,65.0,13.0,6.0,2.5,3,5.0,Good,Medium,Postgraduate,Low,No,73.0,62.0
Female,20.0,92.0,20.0,6.0,2.5,5,5.0,Good,Medium,High School,Medium,No,82.0,69.0
Female,20.0,60.0,13.0,7.0,2.5,3,5.0,Good,Medium,College,Medium,No,70.0,61.0
Male,20.0,73.0,26.0,8.0,2.5,5,5.0,Good,Medium,High School,Low,No,91.0,69.0
Male,20.0,67.0,19.0,8.0,2.5,3,5.0,Good,High,College,High,No,96.0,64.0
Female,20.0,84.0,19.0,9.0,2.5,3,5.0,Good,High,High School,Low,No,72.0,65.0
Female,20.0,70.0,24.0,6.0,2.5,1,5.0,Good,Low,High School,High,No,54.0,64.0
Male,20.0,70.0,26.0,5.0,2.5,3,5.0,Good,Medium,Postgraduate,Low,No,58.0,68.0
Female,20.0,80.0,20.0,6.0,2.5,3,5.0,Good,High,High School,Low,No,86.0,67.0
Male,20.0,86.0,15.0,8.0,2.5,5,5.0,Good,Low,College,Medium,No,66.0,68.0
Male,20.0,65.0,9.0,7.0,2.5,4,5.0,Good,Medium,High School,Low,No,89.0,61.0
Male,20.0,67.0,16.0,4.0,2.5,4,5.0,Good,High,College,High,No,87.0,69.0
Male,20.0,70.0,16.0,4.0,2.5,3,5.0,Good,High,High School,Medium,No,85.0,64.0
Male,20.0,99.0,21.0,7.0,2.5,4,5.0,Good,Medium,College,Medium,No,91.0,74.0
Female,20.0,76.0,18.0,8.0,2.5,4,5.0,Good,Low,College,Medium,No,88.0,66.0
Male,20.0,84.0,24.0,6.0,2.5,2,5.0,Good,Medium,High School,Medium,No,82.0,68.0
Male,20.0,70.0,16.0,8.0,2.5,3,5.0,Good,High,Postgraduate,High,No,50.0,65.0
Female,20.0,80.0,20.0,5.0,2.5,3,5.0,Good,Medium,College,Low,No,76.0,66.0
Female,20.0,63.0,27.0,7.0,2.5,2,5.0,Good,Medium,High School,Medium,No,80.0,66.0
Female,20.0,61.0,22.0,7.0,2.5,2,5.0,Good,High,College,High,No,98.0,65.0
Male,20.0,79.0,20.0,8.0,2.5,4,5.0,Good,Medium,College,Low,No,83.0,67.0
Female,20.0,76.0,16.0,5.0,2.5,4,5.0,Good,Medium,Postgraduate,Low,No,79.0,65.0
Male,20.0,65.0,16.0,5.0,2.5,3,5.0,Good,Medium,High School,High,No,77.0,63.0
Male,20.0,88.0,15.0,8.0,2.5,2,5.0,Good,Medium,High School,High,No,55.0,67.0
Male,20.0,100.0,17.0,5.0,2.5,4,5.0,Good,Low,High School,Low,No,71.0,70.0
Male,20.0,76.0,25.0,6.0,2.5,3,5.0,Good,Low,Postgraduate,Medium,No,57.0,68.0
Male,20.0,85.0,19.0,9.0,2.5,3,5.0,Good,High,College,Medium,No,53.0,66.0
Female,20.0,99.0,12.0,7.0,2.5,1,5.0,Good,Low,Postgraduate,Medium,No,66.0,67.0
Male,20.0,93.0,31.0,8.0,2.5,1,5.0,Good,Low,High School,High,No,82.0,72.0
Female,20.0,79.0,22.0,8.0,2.5,2,5.0,Good,Medium,High School,Medium,No,93.0,68.0
Male,20.0,89.0,12.0,8.0,2.5,2,5.0,Good,Medium,High School,Low,No,91.0,66.0
Male,20.0,65.0,17.0,7.0,2.5,4,5.0,Good,Medium,High School,High,No,65.0,62.0
Male,20.0,80.0,21.0,6.0,2.5,4,5.0,Good,Medium,High School,Low,No,52.0,65.0
Female,20.0,71.0,30.0,10.0,2.5,4,5.0,Good,Low,High School,Medium,No,70.0,67.0
Female,20.0,66.0,13.0,7.0,2.5,2,5.0,Good,Low,College,Medium,No,66.0,62.0
Female,20.0,77.0,26.0,7.0,2.5,3,5.0,Good,Low,High School,High,No,69.0,66.0
Female,20.0,65.0,28.0,8.0,2.5,3,5.0,Good,High,College,High,No,78.0,67.0
Female,20.0,88.0,16.0,6.0,2.5,3,5.0,Good,Medium,High School,High,No,52.0,68.0
Female,20.0,78.0,18.0,6.0,2.5,4,5.0,Good,Medium,Postgraduate,Medium,No,69.0,66.0
Female,20.0,81.0,14.0,9.0,2.5,4,5.0,Good,Medium,College,Medium,No,78.0,68.0
Male,20.0,66.0,19.0,6.0,2.5,5,5.0,Good,Medium,High School,Low,No,72.0,62.0
Male,20.0,66.0,20.0,8.0,2.5,2,5.0,Good,Medium,College,Low,No,83.0,64.0
Male,20.0,83.0,24.0,8.0,2.5,3,5.0,Good,Medium,High School,Low,No,59.0,68.0
Male,20.0,99.0,27.0,7.0,2.5,2,5.0,Good,Low,Postgraduate,Medium,No,58.0,71.0
Male,20.0,64.0,16.0,7.0,2.5,4,5.0,Good,Medium,High School,Medium,No,65.0,63.0
Male,20.0,71.0,8.0,8.0,2.5,2,5.0,Good,High,College,Low,No,55.0,62.0
Male,20.0,95.0,20.0,7.0,2.5,3,5.0,Good,Low,College,Low,No,62.0,69.0
Male,20.0,63.0,22.0,4.0,2.5,3,5.0,Good,Medium,High School,Medium,No,54.0,62.0
Female,20.0,95.0,21.0,9.0,2.5,3,5.0,Good,Medium,High School,High,No,70.0,71.0
Male,20.0,81.0,18.0,6.0,2.5,4,5.0,Good,Medium,College,Low,No,86.0,69.0
Male,20.0,76.0,21.0,7.0,2.5,2,5.0,Good,Low,High School,Medium,No,64.0,66.0
Female,20.0,72.0,29.0,5.0,2.5,4,5.0,Good,Low,High School,Low,No,50.0,64.0
Male,20.0,72.0,22.0,6.0,2.5,3,5.0,Good,Low,Postgraduate,Low,No,78.0,65.0
Male,20.0,72.0,18.0,6.0,2.5,1,5.0,Good,High,High School,High,No,85.0,68.0
Male,20.0,95.0,17.0,7.0,2.5,3,5.0,Good,High,High School,Low,No,70.0,69.0
Male,20.0,89.0,19.0,6.0,2.5,3,5.0,Good,Low,Postgraduate,Low,No,65.0,68.0
Male,20.0,87.0,30.0,10.0,2.5,4,5.0,Good,Low,College,Low,No,75.0,71.0
Male,20.0,92.0,19.0,7.0,2.5,5,5.0,Good,Medium,High School,Medium,No,55.0,66.0
Male,20.0,70.0,20.0,8.0,2.5,3,5.0,Good,Medium,High School,Low,No,82.0,65.0
Female,20.0,85.0,17.0,7.0,2.5,1,5.0,Good,Medium,High School,Low,No,87.0,68.0
Male,20.0,78.0,27.0,8.0,2.5,3,5.0,Good,Medium,College,High,No,85.0,72.0
Female,20.0,91.0,32.0,4.0,2.5,2,5.0,Good,Medium,Postgraduate,Low,No,66.0,75.0
Male,20.0,72.0,23.0,6.0,2.5,3,5.0,Good,Low,College,High,No,92.0,67.0
Male,20.0,86.0,20.0,6.0,2.5,2,5.0,Good,Low,High School,Low,No,97.0,67.0
Female,20.0,95.0,20.0,6.0,2.5,3,5.0,Good,High,College,Low,No,65.0,70.0
Male,20.0,76.0,6.0,8.0,2.5,3,5.0,Good,Medium,College,Medium,No,63.0,64.0
Female,20.0,63.0,24.0,8.0,2.5,3,5.0,Good,High,High School,Low,No,85.0,65.0
Male,20.0,81.0,21.0,7.0,2.5,3,5.0,Good,Medium,Postgraduate,Low,No,85.0,68.0
Female,20.0,74.0,23.0,7.0,2.5,2,5.0,Good,Medium,College,Medium,No,76.0,67.0
Male,20.0,87.0,16.0,10.0,2.5,1,5.0,Good,Medium,College,Low,No,96.0,66.0
Male,20.0,98.0,18.0,7.0,2.5,1,5.0,Good,Low,Postgraduate,High,No,57.0,69.0
Female,20.0,79.0,18.0,4.0,2.5,1,5.0,Good,Low,High School,Low,No,74.0,64.0
Female,20.0,79.0,26.0,8.0,2.5,3,5.0,Good,High,Postgraduate,Medium,No,52.0,68.0
Male,20.0,86.0,18.0,8.0,2.5,3,5.0,Good,Low,High School,Low,No,53.0,68.0
Female,20.0,64.0,32.0,9.0,2.5,3,5.0,Good,Low,College,Low,No,53.0,65.0
Male,20.0,70.0,23.0,8.0,2.5,2,5.0,Good,Medium,High School,High,No,75.0,65.0
Male,20.0,97.0,12.0,6.0,2.5,2,5.0,Good,Medium,High School,Medium,No,79.0,65.0
Female,20.0,87.0,19.0,8.0,2.5,2,5.0,Good,Low,High School,High,No,50.0,67.0
Female,20.0,61.0,16.0,7.0,2.5,3,5.0,Good,Medium,High School,Low,No,82.0,63.0
Female,20.0,68.0,7.0,9.0,2.5,3,5.0,Good,Medium,High School,Low,No,74.0,62.0
Male,20.0,87.0,30.0,9.0,2.5,4,5.0,Good,High,High School,Medium,No,61.0,73.0
Male,20.0,91.0,24.0,7.0,2.5,3,5.0,Good,High,High School,Medium,No,51.0,72.0
Female,20.0,94.0,23.0,8.0,2.5,6,5.0,Good,High,High School,Low,No,58.0,71.0
Male,20.0,72.0,21.0,9.0,2.5,4,5.0,Good,High,High School,Low,No,80.0,67.0
Male,20.0,97.0,12.0,7.0,2.5,2,5.0,Good,Medium,College,Low,No,83.0,66.0
Male,20.0,82.0,17.0,10.0,2.5,2,5.0,Good,High,High School,Medium,No,82.0,68.0
Male,20.0,88.0,25.0,9.0,2.5,4,5.0,Good,Low,Postgraduate,Low,No,58.0,70.0
Male,20.0,84.0,14.0,6.0,2.5,2,5.0,Good,Medium,Postgraduate,Low,No,96.0,66.0
Male,20.0,65.0,5.0,7.0,2.5,2,5.0,Good,Medium,College,Low,No,71.0,56.0
Female,20.0,99.0,19.0,8.0,2.5,3,5.0,Good,High,High School,Low,No,88.0,71.0
Female,20.0,65.0,19.0,10.0,2.5,3,5.0,Good,Medium,Postgraduate,Medium,No,58.0,64.0
Male,20.0,70.0,21.0,8.0,2.5,3,5.0,Good,Low,Postgraduate,Medium,No,74.0,65.0
Male,20.0,93.0,24.0,7.0,2.5,1,5.0,Good,High,High School,Low,No,76.0,70.0
Male,20.0,85.0,24.0,9.0,2.5,2,5.0,Good,Medium,Postgraduate,Low,No,89.0,70.0
Male,20.0,94.0,22.0,7.0,2.5,4,5.0,Good,Medium,High School,Medium,No,81.0,71.0
Female,20.0,81.0,27.0,6.0,2.5,5,5.0,Good,Medium,High School,Low,No,70.0,70.0
Female,20.0,75.0,11.0,8.0,2.5,3,5.0,Good,Medium,College,Low,No,64.0,62.0
Female,20.0,97.0,23.0,6.0,2.5,3,5.0,Good,Low,High School,Low,No,99.0,72.0
Female,20.0,61.0,24.0,10.0,2.5,3,5.0,Good,Low,High School,Low,No,64.0,62.0
Male,20.0,94.0,13.0,7.0,2.5,4,5.0,Good,High,College,Low,No,56.0,67.0
Male,20.0,69.0,11.0,8.0,2.5,2,5.0,Good,Low,College,Low,No,65.0,58.0
Female,20.0,94.0,16.0,6.0,2.5,4,5.0,Good,Medium,College,Medium,No,66.0,69.0
Female,20.0,66.0,16.0,9.0,2.5,4,5.0,Good,Medium,College,Low,No,56.0,60.0
Male,20.0,83.0,25.0,7.0,2.5,4,5.0,Good,High,College,Low,No,85.0,72.0
Male,20.0,96.0,16.0,7.0,2.5,3,5.0,Good,Medium,High School,Low,No,81.0,66.0
Female,20.0,79.0,15.0,7.0,2.5,3,5.0,Good,Medium,College,Low,No,66.0,66.0
Male,20.0,90.0,16.0,5.0,2.5,4,5.0,Good,Low,High School,High,No,100.0,69.0
Female,20.0,92.0,27.0,7.0,2.5,4,5.0,Good,Low,College,Low,No,83.0,70.0
Female,20.0,89.0,20.0,8.0,2.5,1,5.0,Good,Medium,Postgraduate,Medium,No,85.0,70.0
Male,20.0,97.0,19.0,5.0,2.5,3,5.0,Good,Low,College,Medium,No,78.0,70.0
Female,20.0,78.0,19.0,9.0,2.5,2,5.0,Good,Medium,College,Low,No,78.0,67.0
Female,20.0,67.0,28.0,7.0,2.5,3,5.0,Good,Medium,High School,Medium,No,51.0,67.0
Female,20.0,62.0,16.0,7.0,2.5,3,5.0,Good,High,High School,Medium,No,89.0,59.0
Male,20.0,70.0,28.0,4.0,2.5,2,5.0,Good,Low,High School,Medium,No,96.0,67.0
Male,20.0,66.0,21.0,7.0,2.5,4,5.0,Good,Medium,Postgraduate,Low,No,56.0,65.0
Male,20.0,82.0,19.0,5.0,2.5,3,5.0,Good,Medium,College,High,No,90.0,68.0
Male,20.0,67.0,35.0,6.0,2.5,3,5.0,Good,Low,College,Low,No,77.0,71.0
Male,20.0,62.0,14.0,5.0,2.5,3,5.0,Good,Medium,College,Low,No,64.0,61.0
Male,20.0,61.0,18.0,6.0,2.5,3,5.0,Good,Medium,High School,Medium,No,96.0,63.0
Female,20.0,93.0,13.0,7.0,2.5,3,5.0,Good,Low,High School,Low,No,51.0,67.0
Male,20.0,84.0,26.0,7.0,2.5,4,5.0,Good,Medium,College,Medium,No,64.0,69.0
Male,20.0,74.0,30.0,8.0,2.5,3,5.0,Good,Low,High School,Medium,No,94.0,70.0
Male,20.0,96.0,30.0,4.0,2.5,3,5.0,Good,High,High School,Low,No,74.0,69.0
Female,20.0,63.0,27.0,7.0,2.5,4,5.0,Good,Medium,High School,Low,No,80.0,66.0
Female,20.0,99.0,19.0,7.0,2.5,4,5.0,Good,Low,High School,Medium,No,87.0,70.0
Male,20.0,85.0,18.0,6.0,2.5,2,5.0,Good,Low,Postgraduate,Medium,No,57.0,67.0
Female,20.0,67.0,10.0,6.0,2.5,2,5.0,Good,Medium,High School,Low,No,61.0,61.0
Male,20.0,87.0,32.0,9.0,2.5,2,5.0,Good,Medium,Postgraduate,Medium,No,100.0,74.0
Male,20.0,91.0,23.0,10.0,2.5,3,5.0,Good,Low,College,Medium,No,62.0,70.0
Female,20.0,77.0,17.0,4.0,2.5,4,5.0,Good,Low,High School,Medium,No,77.0,66.0
Female,20.0,94.0,28.0,6.0,2.5,1,5.0,Good,High,High School,Low,No,65.0,73.0
Male,20.0,66.0,14.0,5.0,2.5,2,5.0,Good,Medium,High School,Medium,No,93.0,62.0
Female,20.0,71.0,22.0,7.0,2.5,2,5.0,Good,Low,High School,Low,No,98.0,65.0
Female,20.0,64.0,19.0,9.0,2.5,3,5.0,Good,Low,High School,Medium,No,57.0,62.0
Male,20.0,68.0,24.0,8.0,2.5,4,5.0,Good,Medium,Postgraduate,Low,No,80.0,64.0
Male,20.0,70.0,20.0,7.0,2.5,2,5.0,Good,Medium,High School,Low,No,91.0,63.0
Male,20.0,97.0,11.0,7.0,2.5,4,5.0,Good,Medium,High School,Medium,No,91.0,69.0
Male,20.0,63.0,20.0,7.0,2.5,5,5.0,Good,Low,Postgraduate,Low,No,72.0,63.0
Male,20.0,77.0,26.0,8.0,2.5,4,5.0,Good,Medium,College,Low,No,61.0,67.0
Female,20.0,81.0,20.0,8.0,2.5,2,5.0,Good,Medium,High School,Medium,No,69.0,65.0
Male,20.0,96.0,25.0,8.0,2.5,1,5.0,Good,Medium,High School,Low,No,88.0,71.0
Female,20.0,100.0,14.0,4.0,2.5,3,5.0,Good,Medium,Postgraduate,Low,No,100.0,71.0
Male,20.0,90.0,20.0,7.0,2.5,4,5.0,Good,High,Postgraduate,Medium,No,78.0,69.0
Male,20.0,99.0,16.0,7.0,2.5,3,5.0,Good,Medium,Postgraduate,Low,No,60.0,71.0
Male,20.0,91.0,24.0,8.0,2.5,5,5.0,Good,Medium,High School,Low,No,52.0,68.0
Male,20.0,99.0,20.0,7.0,2.5,0,5.0,Good,Medium,High School,Low,No,97.0,70.0
Male,20.0,88.0,24.0,8.0,2.5,3,5.0,Good,Medium,Postgraduate,Low,No,74.0,71.0
Female,20.0,63.0,27.0,6.0,2.5,4,5.0,Good,Medium,Postgraduate,Medium,No,86.0,68.0
Female,20.0,76.0,24.0,8.0,2.5,4,5.0,Good,Medium,High School,High,No,83.0,69.0
Male,20.0,86.0,22.0,9.0,2.5,2,5.0,Good,Medium,College,Medium,No,95.0,71.0
Female,20.0,74.0,14.0,5.0,2.5,3,5.0,Good,Low,College,Low,No,63.0,63.0
Male,20.0,71.0,20.0,5.0,2.5,4,5.0,Good,Medium,Postgraduate,Medium,No,72.0,66.0
Male,20.0,83.0,17.0,8.0,2.5,3,5.0,Good,Medium,College,Low,No,96.0,67.0
Male,20.0,97.0,18.0,7.0,2.5,3,5.0,Good,Medium,High School,High,No,79.0,71.0
Female,20.0,61.0,18.0,9.0,2.5,2,5.0,Good,Medium,College,Medium,No,54.0,59.0
Male,20.0,91.0,14.0,7.0,2.5,2,5.0,Good,Medium,High School,High,No,60.0,67.0
Male,20.0,89.0,8.0,8.0,2.5,4,5.0,Good,Medium,High School,Medium,No,62.0,66.0
Female,20.0,99.0,16.0,6.0,2.5,3,5.0,Good,High,High School,High,No,100.0,72.0
Female,20.0,97.0,21.0,8.0,2.5,3,5.0,Good,Low,Postgraduate,Low,No,61.0,70.0
Female,20.0,90.0,12.0,8.0,2.5,3,5.0,Good,Low,High School,High,No,93.0,68.0
Female,20.0,81.0,20.0,6.0,2.5,2,5.0,Good,Low,College,Low,No,54.0,63.0
Female,20.0,68.0,31.0,9.0,2.5,2,5.0,Good,Medium,Postgraduate,High,No,59.0,69.0
Male,20.0,82.0,26.0,4.0,2.5,3,5.0,Good,Low,High School,Low,No,94.0,67.0
Female,20.0,91.0,30.0,7.0,2.5,3,5.0,Good,Low,College,Medium,No,95.0,75.0
Female,20.0,96.0,22.0,5.0,2.5,2,5.0,Good,Medium,High School,Medium,No,59.0,67.0
Male,20.0,92.0,27.0,5.0,2.5,3,5.0,Good,Medium,Postgraduate,Medium,No,61.0,74.0
Male,20.0,68.0,16.0,8.0,2.5,4,5.0,Good,Medium,Postgraduate,Medium,No,77.0,66.0
Male,20.0,84.0,16.0,5.0,2.5,1,5.0,Good,Medium,High School,Low,No,53.0,65.0
Male,20.0,73.0,4.0,5.0,2.5,1,5.0,Good,High,High School,Low,No,97.0,60.0
Female,20.0,60.0,27.0,8.0,2.5,4,5.0,Good,High,High School,Medium,No,68.0,63.0
Male,20.0,68.0,29.0,5.0,2.5,2,5.0,Good,Low,Postgraduate,High,No,74.0,69.0
Male,20.0,65.0,17.0,9.0,2.5,2,5.0,Good,Medium,High School,Medium,No,55.0,64.0
Female,20.0,94.0,18.0,8.0,2.5,4,5.0,Good,Medium,College,Medium,No,52.0,68.0
Male,20.0,70.0,15.0,6.0,2.5,4,5.0,Good,Low,High School,Medium,No,73.0,63.0
Male,20.0,71.0,22.0,8.0,2.5,2,5.0,Good,Low,Postgraduate,Medium,No,56.0,65.0
Female,20.0,98.0,27.0,4.0,2.5,3,5.0,Good,Medium,High School,High,No,82.0,74.0
Male,20.0,75.0,10.0,8.0,2.5,2,5.0,Good,Medium,Postgraduate,Low,No,90.0,65.0
Female,20.0,60.0,22.0,5.0,2.5,2,5.0,Good,Medium,High School,Low,No,52.0,61.0
Male,20.0,71.0,18.0,6.0,2.5,3,5.0,Good,Medium,High School,Low,No,81.0,66.0
Male,20.0,65.0,21.0,6.0,2.5,3,5.0,Good,High,High School,Medium,No,91.0,67.0
Male,20.0,64.0,23.0,9.0,2.5,3,5.0,Good,Medium,College,Low,No,72.0,66.0
Male,20.0,63.0,19.0,6.0,2.5,2,5.0,Good,High,Postgraduate,High,No,98.0,69.0
Female,20.0,84.0,19.0,7.0,2.5,3,5.0,Good,Low,High School,Low,No,56.0,65.0
Female,20.0,68.0,19.0,6.0,2.5,3,5.0,Good,Medium,High School,Medium,No,66.0,65.0
Female,20.0,74.0,26.0,6.0,2.5,3,5.0,Good,Medium,High School,Low,No,62.0,66.0
Male,20.0,94.0,23.0,5.0,2.5,2,5.0,Good,Low,Postgraduate,Medium,No,100.0,73.0
Female,20.0,77.0,21.0,7.0,2.5,2,5.0,Good,Medium,High School,Low,No,65.0,64.0
Female,20.0,97.0,12.0,7.0,2.5,5,5.0,Good,Low,High School,Low,No,69.0,67.0
Male,20.0,80.0,18.0,8.0,2.5,1,5.0,Good,High,College,Medium,No,92.0,67.0
Female,20.0,76.0,25.0,7.0,2.5,4,5.0,Good,Medium,High School,Medium,No,96.0,68.0
Male,20.0,90.0,20.0,7.0,2.5,3,5.0,Good,Medium,College,High,No,97.0,71.0
Male,20.0,63.0,24.0,8.0,2.5,3,5.0,Good,Medium,High School,Low,No,78.0,64.0
Female,20.0,64.0,31.0,6.0,2.5,2,5.0,Good,Medium,High School,Medium,No,83.0,67.0
Female,20.0,86.0,26.0,5.0,2.5,1,5.0,Good,Medium,High School,Low,No,67.0,68.0
Male,20.0,79.0,21.0,8.0,2.5,3,5.0,Good,High,College,Low,No,80.0,67.0
Male,20.0,92.0,17.0,6.0,2.5,2,5.0,Good,High,College,Medium,No,65.0,70.0
Female,20.0,97.0,5.0,7.0,2.5,3,5.0,Good,Medium,High School,Medium,No,87.0,64.0
Female,20.0,76.0,19.0,6.0,2.5,4,5.0,Good,Medium,High School,Low,No,65.0,63.0
Male,20.0,84.0,18.0,6.0,2.5,4,5.0,Good,Medium,High School,High,No,94.0,71.0
Male,20.0,80.0,22.0,4.0,2.5,3,5.0,Good,Low,Postgraduate,Low,No,57.0,64.0
Male,20.0,99.0,19.0,8.0,2.5,4,5.0,Good,High,High School,Medium,No,79.0,70.0
Female,20.0,93.0,18.0,4.0,2.5,3,5.0,Good,High,College,Low,No,76.0,70.0
Male,20.0,96.0,9.0,9.0,2.5,1,5.0,Good,Medium,High School,High,No,63.0,67.0
Male,20.0,70.0,14.0,9.0,2.5,4,5.0,Good,Low,College,Low,No,51.0,62.0
Male,20.0,91.0,23.0,6.0,2.5,2,5.0,Good,Low,High School,Low,No,57.0,69.0
Female,20.0,71.0,30.0,9.0,2.5,1,5.0,Good,Low,High School,High,No,98.0,69.0
Female,20.0,68.0,19.0,10.0,2.5,3,5.0,Good,Low,College,Low,No,97.0,62.0
Female,20.0,98.0,22.0,7.0,2.5,1,5.0,Good,High,College,High,No,56.0,70.0
Male,20.0,61.0,26.0,8.0,2.5,3,5.0,Good,High,High School,Medium,No,69.0,66.0
Male,20.0,99.0,15.0,7.0,2.5,3,5.0,Good,Low,High School,Low,No,73.0,69.0
Female,20.0,66.0,22.0,9.0,2.5,3,5.0,Good,Medium,Postgraduate,Low,No,74.0,65.0
Female,20.0,93.0,16.0,5.0,2.5,3,5.0,Good,Low,High School,Medium,No,65.0,66.0
Female,20.0,71.0,25.0,7.0,2.5,3,5.0,Good,Low,High School,Low,No,96.0,69.0
Female,20.0,74.0,21.0,8.0,2.5,5,5.0,Good,Low,High School,Medium,No,95.0,66.0
Female,20.0,69.0,22.0,8.0,2.5,3,5.0,Good,Medium,High School,Low,No,51.0,65.0
Female,20.0,83.0,15.0,7.0,2.5,2,5.0,Good,Low,Postgraduate,High,No,83.0,66.0
Female,20.0,74.0,24.0,9.0,2.5,3,5.0,Good,Medium,High School,Low,No,54.0,63.0
Female,20.0,86.0,33.0,7.0,2.5,3,5.0,Good,Medium,Postgraduate,Low,No,80.0,72.0
Male,20.0,61.0,14.0,7.0,2.5,2,5.0,Good,Low,High School,Medium,No,93.0,62.0
Male,20.0,63.0,18.0,8.0,2.5,1,5.0,Good,Medium,High School,High,No,82.0,64.0
Female,20.0,64.0,21.0,7.0,2.5,2,5.0,Good,High,College,Low,No,73.0,61.0
Male,20.0,77.0,25.0,7.0,2.5,2,5.0,Good,Low,High School,High,No,98.0,70.0
Female,20.0,93.0,17.0,6.0,2.5,2,5.0,Good,Medium,High School,Low,No,87.0,67.0
Male,20.0,96.0,3.0,10.0,2.5,4,5.0,Good,Medium,High School,Low,No,62.0,66.0
Male,20.0,70.0,28.0,6.0,2.5,4,5.0,Good,Medium,High School,Low,No,69.0,66.0
Male,20.0,83.0,25.0,8.0,2.5,3,5.0,Good,Low,College,Medium,No,88.0,68.0
Male,20.0,91.0,10.0,10.0,2.5,3,5.0,Good,Medium,Postgraduate,Low,No,51.0,67.0
Male,20.0,72.0,16.0,5.0,2.5,3,5.0,Good,Medium,College,High,No,53.0,65.0
Male,20.0,76.0,29.0,8.0,2.5,4,5.0,Good,Low,College,Medium,No,93.0,70.0
Female,20.0,81.0,29.0,7.0,2.5,4,5.0,Good,Medium,College,High,No,52.0,69.0
Male,20.0,65.0,26.0,10.0,2.5,4,5.0,Good,Medium,Postgraduate,Low,No,84.0,68.0
Male,20.0,61.0,19.0,6.0,2.5,1,5.0,Good,Medium,High School,High,No,66.0,61.0
Male,20.0,66.0,20.0,6.0,2.5,5,5.0,Good,Low,High School,Medium,No,91.0,65.0
Female,20.0,85.0,19.0,7.0,2.5,2,5.0,Good,Medium,College,Medium,No,92.0,71.0
Female,20.0,63.0,27.0,6.0,2.5,3,5.0,Good,Low,High School,Medium,No,98.0,66.0
Female,20.0,68.0,15.0,6.0,2.5,3,5.0,Good,Medium,High School,High,No,55.0,62.0
Male,20.0,74.0,15.0,10.0,2.5,2,5.0,Good,Medium,Postgraduate,Low,No,71.0,61.0
Male,20.0,63.0,26.0,7.0,2.5,2,5.0,Good,Medium,High School,Low,No,79.0,67.0
Female,20.0,68.0,20.0,6.0,2.5,3,5.0,Good,Medium,High School,Low,No,96.0,66.0
Female,20.0,96.0,28.0,6.0,2.5,2,5.0,Good,High,High School,High,No,63.0,71.0
Male,20.0,61.0,16.0,8.0,2.5,3,5.0,Good,High,College,Low,No,54.0,62.0
Male,20.0,86.0,20.0,8.0,2.5,3,5.0,Good,Low,Postgraduate,High,No,60.0,67.0
Male,20.0,75.0,14.0,6.0,2.5,2,5.0,Good,Medium,High School,Low,No,75.0,64.0
Male,20.0,87.0,20.0,5.0,2.5,3,5.0,Good,Medium,High School,Medium,No,84.0,68.0
Female,20.0,84.0,11.0,7.0,2.5,4,5.0,Good,High,College,Medium,No,85.0,67.0
Male,20.0,69.0,17.0,7.0,2.5,2,5.0,Good,High,High School,High,No,54.0,63.0
Male,20.0,94.0,11.0,6.0,2.5,4,5.0,Good,Medium,High School,Medium,No,88.0,70.0
Male,20.0,80.0,24.0,9.0,2.5,1,5.0,Good,Medium,High School,Low,No,83.0,67.0
Female,20.0,93.0,24.0,8.0,2.5,3,5.0,Good,Low,High School,Medium,No,70.0,71.0
Female,20.0,76.0,10.0,7.0,2.5,4,5.0,Good,Low,High School,Medium,No,79.0,62.0
Female,20.0,99.0,28.0,6.0,2.5,4,5.0,Good,Medium,High School,Low,No,88.0,75.0
Male,20.0,91.0,35.0,10.0,2.5,5,5.0,Good,Low,High School,Medium,No,63.0,72.0
Female,20.0,99.0,20.0,5.0,2.5,3,5.0,Good,Low,College,High,No,97.0,73.0
Male,20.0,81.0,16.0,6.0,2.5,3,5.0,Good,High,High School,Low,No,57.0,64.0
Male,20.0,79.0,37.0,6.0,2.5,1,5.0,Good,High,High School,High,No,95.0,73.0
Male,20.0,90.0,12.0,7.0,2.5,2,5.0,Good,Low,Postgraduate,Low,No,87.0,66.0
Female,20.0,95.0,20.0,8.0,2.5,3,5.0,Good,High,High School,Medium,No,83.0,69.0
Male,20.0,99.0,21.0,5.0,2.5,4,5.0,Good,High,College,Low,No,54.0,70.0
Female,20.0,73.0,28.0,6.0,2.5,0,5.0,Good,Medium,Postgraduate,Medium,No,96.0,70.0
Male,20.0,92.0,22.0,8.0,2.5,2,5.0,Good,Medium,High School,Medium,No,65.0,71.0
Male,20.0,68.0,17.0,6.0,2.5,4,5.0,Good,High,College,Low,No,87.0,64.0
Male,20.0,82.0,14.0,6.0,2.5,4,5.0,Good,Low,Postgraduate,Medium,No,94.0,71.0
Male,20.0,67.0,18.0,7.0,2.5,2,5.0,Good,High,High School,Low,No,62.0,63.0
Male,20.0,74.0,14.0,6.0,2.5,4,5.0,Good,Low,College,Low,No,96.0,68.0
Male,20.0,97.0,20.0,7.0,2.5,3,5.0,Good,Medium,College,Medium,No,81.0,71.0
Male,20.0,66.0,17.0,8.0,2.5,5,5.0,Good,Medium,High School,Medium,No,83.0,65.0
Male,20.0,85.0,11.0,7.0,2.5,3,5.0,Good,Medium,High School,Low,No,96.0,66.0
Male,20.0,84.0,28.0,9.0,2.5,3,5.0,Good,High,High School,High,No,76.0,72.0
Male,20.0,65.0,17.0,8.0,2.5,4,5.0,Good,Low,College,Low,No,72.0,65.0
Male,20.0,73.0,12.0,7.0,2.5,3,5.0,Good,Medium,High School,Low,No,82.0,60.0
Male,20.0,83.0,19.0,7.0,2.5,4,5.0,Good,High,Postgraduate,Low,No,78.0,67.0
Male,20.0,67.0,20.0,10.0,2.5,2,5.0,Good,High,Postgraduate,Low,No,53.0,65.0
Female,20.0,92.0,10.0,6.0,2.5,2,5.0,Good,High,High School,Low,No,59.0,64.0
Male,20.0,99.0,22.0,7.0,2.5,4,5.0,Good,Medium,High School,High,No,51.0,72.0
Male,20.0,69.0,14.0,6.0,2.5,2,5.0,Good,Medium,High School,Low,No,55.0,62.0
Female,20.0,67.0,30.0,8.0,2.5,4,5.0,Good,Medium,High School,Low,No,86.0,67.0
Female,20.0,78.0,23.0,10.0,2.5,3,5.0,Good,Medium,Postgraduate,Medium,No,50.0,67.0
Female,20.0,90.0,18.0,7.0,2.5,3,5.0,Good,Low,College,Medium,No,65.0,69.0
Female,20.0,71.0,16.0,7.0,2.5,4,5.0,Good,Low,College,Medium,No,72.0,65.0
Male,20.0,61.0,19.0,7.0,2.5,3,5.0,Good,Low,College,Medium,No,97.0,62.0
Male,20.0,82.0,24.0,5.0,2.5,3,5.0,Good,Medium,Postgraduate,Medium,No,66.0,69.0
Female,20.0,98.0,20.0,7.0,2.5,3,5.0,Good,Medium,College,High,No,89.0,72.0
Female,20.0,76.0,19.0,10.0,2.5,3,5.0,Good,Low,College,Low,No,70.0,63.0
Female,20.0,77.0,20.0,8.0,2.5,3,5.0,Good,Low,College,Medium,No,55.0,64.0
Female,20.0,99.0,16.0,9.0,2.5,3,5.0,Good,Medium,College,High,No,55.0,67.0
Male,20.0,88.0,18.0,9.0,2.5,4,5.0,Good,High,Postgraduate,High,No,72.0,70.0
Male,20.0,89.0,7.0,6.0,2.5,2,5.0,Good,Medium,High School,Low,No,53.0,64.0
Female,20.0,83.0,26.0,10.0,2.5,2,5.0,Good,Medium,High School,High,No,79.0,69.0
Female,20.0,99.0,22.0,4.0,2.5,4,5.0,Good,Low,High School,Medium,No,75.0,72.0
Female,20.0,88.0,15.0,7.0,2.5,2,5.0,Good,Medium,Postgraduate,Medium,No,85.0,69.0
Female,20.0,96.0,31.0,4.0,2.5,5,5.0,Good,Medium,High School,Low,No,59.0,75.0
Male,20.0,88.0,21.0,4.0,2.5,2,5.0,Good,Low,Postgraduate,Medium,No,80.0,67.0
Male,20.0,89.0,14.0,8.0,2.5,3,5.0,Good,High,College,Low,No,59.0,67.0
Female,20.0,72.0,25.0,6.0,2.5,2,5.0,Good,High,High School,Medium,No,86.0,66.0
Male,20.0,72.0,22.0,9.0,2.5,3,5.0,Good,High,High School,Medium,No,65.0,64.0
Male,20.0,91.0,22.0,4.0,2.5,3,5.0,Good,Medium,High School,Low,No,81.0,68.0
Male,20.0,72.0,17.0,7.0,2.5,5,5.0,Good,High,High School,Low,No,94.0,66.0
Male,20.0,83.0,23.0,5.0,2.5,2,5.0,Good,Medium,Postgraduate,Low,No,74.0,69.0
Male,20.0,70.0,18.0,7.0,2.5,3,5.0,Good,Medium,College,Medium,No,60.0,65.0
Female,20.0,93.0,23.0,9.0,2.5,3,5.0,Good,High,High School,Medium,No,94.0,70.0
Male,20.0,64.0,9.0,10.0,2.5,3,5.0,Good,Low,High School,Medium,No,68.0,57.0
Male,20.0,93.0,17.0,8.0,2.5,3,5.0,Good,Low,College,High,No,87.0,69.0
Female,20.0,84.0,30.0,5.0,2.5,2,5.0,Good,Low,Postgraduate,Medium,No,66.0,70.0
Male,20.0,67.0,15.0,5.0,2.5,2,5.0,Good,Medium,College,Medium,No,65.0,63.0
Female,20.0,82.0,16.0,7.0,2.5,3,5.0,Good,Medium,Postgraduate,Medium,No,82.0,66.0
Male,20.0,71.0,17.0,6.0,2.5,3,5.0,Good,Medium,High School,Medium,No,58.0,64.0
Female,20.0,73.0,13.0,8.0,2.5,3,5.0,Good,Medium,Postgraduate,High,No,93.0,65.0
Male,20.0,74.0,7.0,10.0,2.5,4,5.0,Good,High,High School,High,No,69.0,64.0
Male,20.0,63.0,19.0,6.0,2.5,4,5.0,Good,High,High School,Medium,No,51.0,62.0
Female,20.0,99.0,21.0,6.0,2.5,2,5.0,Good,Low,College,Medium,No,65.0,71.0
Female,20.0,61.0,20.0,5.0,2.5,2,5.0,Good,Medium,Postgraduate,Medium,No,89.0,64.0
Male,20.0,86.0,19.0,7.0,2.5,2,5.0,Good,High,High School,Medium,No,93.0,72.0
Female,20.0,75.0,20.0,7.0,2.5,2,5.0,Good,Medium,College,Low,No,78.0,64.0
Male,20.0,86.0,26.0,7.0,2.5,4,5.0,Good,Medium,Postgraduate,High,No,65.0,71.0
Female,20.0,74.0,19.0,8.0,2.5,4,5.0,Good,High,College,Medium,No,76.0,68.0
Male,20.0,87.0,17.0,8.0,2.5,2,5.0,Good,Medium,College,High,No,92.0,68.0
Male,20.0,89.0,18.0,7.0,2.5,3,5.0,Good,Medium,College,Medium,No,66.0,68.0
Male,20.0,88.0,23.0,7.0,2.5,3,5.0,Good,Medium,High School,Low,No,69.0,69.0
Male,20.0,65.0,28.0,7.0,2.5,3,5.0,Good,High,College,Low,No,77.0,67.0
Male,20.0,86.0,16.0,7.0,2.5,4,5.0,Good,Low,High School,Low,No,94.0,66.0
Male,20.0,71.0,21.0,6.0,2.5,4,5.0,Good,Medium,Postgraduate,Low,No,79.0,65.0
Male,20.0,61.0,22.0,5.0,2.5,2,5.0,Good,High,High School,High,No,60.0,63.0
Male,20.0,77.0,14.0,7.0,2.5,2,5.0,Good,Medium,High School,Medium,No,54.0,62.0
Male,20.0,77.0,20.0,6.0,2.5,1,5.0,Good,Medium,College,High,No,55.0,67.0
Female,20.0,79.0,11.0,8.0,2.5,4,5.0,Good,Medium,High School,Low,No,98.0,65.0
Female,20.0,88.0,9.0,7.0,2.5,3,5.0,Good,Medium,College,Low,No,91.0,66.0
Female,20.0,72.0,22.0,7.0,2.5,4,5.0,Good,Medium,High School,Medium,No,88.0,66.0
Female,20.0,73.0,18.0,8.0,2.5,1,5.0,Good,Medium,College,High,No,75.0,64.0
Female,20.0,62.0,21.0,5.0,2.5,4,5.0,Good,Medium,High School,Low,No,84.0,67.0
Female,20.0,87.0,20.0,10.0,2.5,2,5.0,Good,Medium,College,Medium,No,56.0,67.0
Male,20.0,83.0,14.0,4.0,2.5,4,5.0,Good,Low,High School,Low,No,81.0,61.0
Male,20.0,74.0,20.0,9.0,2.5,5,5.0,Good,Medium,High School,Low,No,91.0,66.0
Male,20.0,88.0,13.0,7.0,2.5,4,5.0,Good,Medium,College,Medium,No,53.0,66.0
Male,20.0,81.0,28.0,6.0,2.5,2,5.0,Good,Medium,High School,Low,No,65.0,67.0
Female,20.0,79.0,12.0,5.0,2.5,5,5.0,Good,High,High School,Low,No,56.0,64.0
Male,20.0,80.0,19.0,6.0,2.5,3,5.0,Good,Low,High School,Low,No,63.0,64.0
Male,20.0,85.0,14.0,7.0,2.5,2,5.0,Good,Medium,College,Medium,No,89.0,67.0
Female,20.0,86.0,23.0,7.0,2.5,3,5.0,Good,Low,College,Medium,No,67.0,68.0
Male,20.0,72.0,18.0,9.0,2.5,4,5.0,Good,Medium,High School,Medium,No,84.0,64.0
Male,20.0,66.0,17.0,7.0,2.5,3,5.0,Good,Medium,College,Medium,No,89.0,63.0
Male,20.0,66.0,25.0,7.0,2.5,3,5.0,Good,Medium,College,Low,No,91.0,68.0
Female,20.0,86.0,20.0,8.0,2.5,2,5.0,Good,Low,High School,Low,No,94.0,64.0
Female,20.0,95.0,23.0,7.0,2.5,4,5.0,Good,High,High School,Low,No,80.0,70.0
Male,20.0,76.0,14.0,7.0,2.5,3,5.0,Good,Medium,College,Medium,No,64.0,64.0
Male,20.0,67.0,12.0,7.0,2.5,2,5.0,Good,Medium,High School,High,No,58.0,59.0
Male,20.0,90.0,21.0,8.0,2.5,2,5.0,Good,Medium,High School,Low,No,75.0,71.0
Male,20.0,93.0,18.0,6.0,2.5,5,5.0,Good,Medium,High School,Low,No,55.0,67.0
Female,20.0,95.0,24.0,6.0,2.5,3,5.0,Good,High,Postgraduate,Low,No,96.0,73.0
Male,20.0,84.0,20.0,8.0,2.5,3,5.0,Good,Medium,High School,High,No,72.0,66.0
Male,20.0,94.0,21.0,5.0,2.5,2,5.0,Good,Medium,College,Low,No,94.0,73.0
Female,20.0,61.0,10.0,7.0,2.5,4,5.0,Good,High,High School,Medium,No,85.0,62.0
Female,20.0,64.0,31.0,6.0,2.5,3,5.0,Good,Medium,High School,Low,No,93.0,69.0
Female,20.0,64.0,19.0,8.0,2.5,3,5.0,Good,Medium,Postgraduate,Medium,No,94.0,66.0
Male,20.0,89.0,24.0,9.0,2.5,3,5.0,Good,Medium,High School,Low,No,53.0,68.0
Male,20.0,63.0,15.0,6.0,2.5,5,5.0,Good,Low,High School,High,No,86.0,65.0
Male,20.0,80.0,22.0,8.0,2.5,2,5.0,Good,High,College,Low,No,61.0,67.0
Female,20.0,79.0,12.0,7.0,2.5,2,5.0,Good,Low,High School,Medium,No,99.0,64.0
Male,20.0,72.0,23.0,6.0,2.5,3,5.0,Good,Medium,High School,Medium,No,89.0,67.0
Female,20.0,95.0,18.0,7.0,2.5,3,5.0,Good,Low,High School,Medium,No,50.0,66.0
Female,20.0,67.0,20.0,9.0,2.5,3,5.0,Good,High,High School,High,No,96.0,68.0
Male,20.0,74.0,24.0,7.0,2.5,2,5.0,Good,Low,College,Medium,No,65.0,68.0
Male,20.0,91.0,13.0,9.0,2.5,2,5.0,Good,Low,College,Low,No,71.0,64.0
Female,20.0,61.0,16.0,7.0,2.5,1,5.0,Good,Low,High School,Medium,No,81.0,63.0
Female,20.0,87.0,23.0,5.0,2.5,3,5.0,Good,Medium,College,Medium,No,96.0,72.0
Female,20.0,93.0,33.0,7.0,2.5,1,5.0,Good,Medium,Postgraduate,Low,No,96.0,75.0
Male,20.0,97.0,19.0,5.0,2.5,3,5.0,Good,Low,High School,Low,No,78.0,71.0
Male,20.0,95.0,24.0,7.0,2.5,3,5.0,Good,Low,High School,High,No,66.0,71.0
Female,20.0,73.0,19.0,6.0,2.5,5,5.0,Good,Low,College,Medium,No,64.0,66.0
Female,20.0,83.0,32.0,10.0,2.5,4,5.0,Good,Medium,High School,Low,No,68.0,71.0
Male,20.0,63.0,10.0,9.0,2.5,5,5.0,Good,Low,Postgraduate,Medium,No,59.0,61.0
Male,20.0,70.0,21.0,7.0,2.5,3,5.0,Good,Medium,High School,Medium,No,83.0,65.0
Female,20.0,64.0,10.0,9.0,2.5,1,5.0,Good,Low,High School,Low,No,76.0,58.0
Male,20.0,73.0,5.0,6.0,2.5,2,5.0,Good,High,High School,Medium,No,89.0,62.0
Female,20.0,95.0,22.0,5.0,2.5,0,5.0,Good,Medium,College,High,No,55.0,69.0
Male,20.0,74.0,21.0,8.0,2.5,3,5.0,Good,Medium,Postgraduate,Medium,No,70.0,65.0
Female,20.0,82.0,18.0,8.0,2.5,4,5.0,Good,High,High School,Low,No,62.0,69.0
Female,20.0,77.0,19.0,6.0,2.5,3,5.0,Good,High,College,Low,No,77.0,68.0
Male,20.0,78.0,39.0,6.0,2.5,2,5.0,Good,Medium,College,Low,No,73.0,70.0
Female,20.0,99.0,18.0,8.0,2.5,4,5.0,Good,Medium,High School,Low,No,72.0,72.0
Female,20.0,72.0,23.0,4.0,2.5,4,5.0,Good,Low,Postgraduate,Low,No,66.0,66.0
Female,20.0,85.0,16.0,8.0,2.5,4,5.0,Good,Low,High School,High,No,86.0,68.0
Male,20.0,77.0,22.0,7.0,2.5,4,5.0,Good,High,College,Low,No,74.0,67.0
Female,20.0,62.0,19.0,8.0,2.5,2,5.0,Good,Medium,College,Low,No,60.0,61.0
Female,20.0,80.0,18.0,8.0,2.5,2,5.0,Good,Medium,College,Low,No,77.0,64.0
Male,20.0,93.0,31.0,6.0,2.5,2,5.0,Good,Medium,High School,Medium,No,80.0,74.0
Female,20.0,64.0,27.0,5.0,2.5,3,5.0,Good,High,High School,Low,No,51.0,64.0
Male,20.0,63.0,21.0,9.0,2.5,2,5.0,Good,Medium,Postgraduate,Medium,No,60.0,64.0
Male,20.0,66.0,6.0,7.0,2.5,4,5.0,Good,Low,Postgraduate,Low,No,62.0,61.0
Male,20.0,91.0,18.0,7.0,2.5,3,5.0,Good,Medium,High School,Low,No,62.0,71.0
Male,20.0,89.0,36.0,8.0,2.5,3,5.0,Good,Low,College,Low,No,62.0,72.0
Female,20.0,83.0,19.0,6.0,2.5,5,5.0,Good,Medium,Postgraduate,Medium,No,64.0,68.0
Female,20.0,79.0,27.0,8.0,2.5,5,5.0,Good,High,College,Low,No,63.0,69.0
Male,20.0,96.0,29.0,8.0,2.5,4,5.0,Good,High,High School,Low,No,94.0,74.0
Female,20.0,91.0,21.0,9.0,2.5,4,5.0,Good,Low,College,Low,No,66.0,70.0
Male,20.0,92.0,15.0,9.0,2.5,2,5.0,Good,Low,Postgraduate,High,No,67.0,69.0
Male,20.0,93.0,5.0,7.0,2.5,3,5.0,Good,Medium,Postgraduate,Medium,No,63.0,64.0
Male,20.0,86.0,24.0,8.0,2.5,5,5.0,Good,Medium,Postgraduate,High,No,98.0,71.0
Male,20.0,78.0,15.0,7.0,2.5,3,5.0,Good,Low,College,High,No,77.0,65.0
Male,20.0,95.0,21.0,7.0,2.5,3,5.0,Good,Medium,High School,Medium,No,81.0,71.0
Female,20.0,97.0,13.0,5.0,2.5,2,5.0,Good,Low,Postgraduate,Medium,No,87.0,71.0
Male,20.0,61.0,18.0,7.0,2.5,2,5.0,Good,Medium,Postgraduate,High,No,67.0,66.0
Male,20.0,62.0,20.0,4.0,2.5,4,5.0,Good,High,High School,High,No,98.0,64.0
Male,20.0,98.0,22.0,7.0,2.5,3,5.0,Good,Medium,High School,Medium,No,58.0,70.0
Male,20.0,71.0,13.0,9.0,2.5,3,5.0,Good,Low,High School,High,No,73.0,61.0
Female,20.0,95.0,27.0,8.0,2.5,3,5.0,Good,High,High School,Medium,No,57.0,71.0
Male,20.0,76.0,16.0,7.0,2.5,3,5.0,Good,Medium,Postgraduate,Low,No,90.0,65.0
Female,20.0,65.0,10.0,7.0,2.5,3,5.0,Good,Medium,High School,Low,No,55.0,59.0
Male,20.0,63.0,19.0,6.0,2.5,2,5.0,Good,Low,College,Medium,No,78.0,63.0
Female,20.0,66.0,20.0,6.0,2.5,3,5.0,Good,Low,Postgraduate,High,No,55.0,64.0
Male,20.0,70.0,21.0,8.0,2.5,4,5.0,Good,Low,College,High,No,73.0,63.0
Female,20.0,80.0,28.0,5.0,2.5,2,5.0,Good,Medium,Postgraduate,Low,No,64.0,70.0
Male,20.0,88.0,19.0,5.0,2.5,3,5.0,Good,Medium,High School,Medium,No,95.0,70.0
Male,20.0,99.0,19.0,8.0,2.5,4,5.0,Good,Medium,College,Medium,No,53.0,72.0
Female,20.0,78.0,13.0,7.0,2.5,2,5.0,Good,High,College,Low,No,82.0,65.0
Female,20.0,81.0,25.0,7.0,2.5,1,5.0,Good,High,Postgraduate,Medium,No,85.0,71.0
Male,20.0,81.0,21.0,7.0,2.5,1,5.0,Good,Medium,Postgraduate,Medium,No,94.0,70.0
Female,20.0,82.0,17.0,10.0,2.5,3,5.0,Good,Medium,High School,High,No,94.0,66.0
Female,20.0,81.0,9.0,7.0,2.5,3,5.0,Good,Medium,High School,Low,No,99.0,64.0
Male,20.0,60.0,29.0,7.0,2.5,4,5.0,Good,Medium,Postgraduate,Low,No,63.0,64.0
Male,20.0,60.0,13.0,10.0,2.5,4,5.0,Good,Low,College,Medium,No,64.0,59.0
Male,20.0,64.0,16.0,7.0,2.5,4,5.0,Good,Medium,High School,Low,No,70.0,65.0
Male,20.0,64.0,22.0,10.0,2.5,3,5.0,Good,Medium,High School,Low,No,77.0,66.0
Female,20.0,88.0,13.0,4.0,2.5,2,5.0,Good,High,High School,High,No,68.0,67.0
Male,20.0,68.0,11.0,5.0,2.5,4,5.0,Good,Medium,High School,Low,No,87.0,62.0
Male,20.0,96.0,7.0,6.0,2.5,3,5.0,Good,Medium,College,High,No,50.0,65.0
Female,20.0,97.0,24.0,8.0,2.5,2,5.0,Good,Medium,Postgraduate,Low,No,51.0,73.0
Male,20.0,99.0,17.0,10.0,2.5,2,5.0,Good,Low,College,Medium,No,86.0,70.0
Female,20.0,98.0,38.0,6.0,2.5,4,5.0,Good,Medium,Postgraduate,Low,No,94.0,75.0
Female,20.0,71.0,14.0,8.0,2.5,3,5.0,Good,Medium,Postgraduate,Medium,No,89.0,66.0
Female,20.0,80.0,14.0,10.0,2.5,3,5.0,Good,Low,Postgraduate,Low,No,56.0,65.0
Female,20.0,67.0,17.0,9.0,2.5,3,5.0,Good,Medium,Postgraduate,Medium,No,97.0,64.0
Male,20.0,92.0,21.0,6.0,2.5,5,5.0,Good,Low,College,Low,No,76.0,70.0
Male,20.0,96.0,17.0,8.0,2.5,5,5.0,Good,Medium,High School,Medium,No,87.0,71.0
Male,20.0,94.0,24.0,8.0,2.5,3,5.0,Good,Low,High School,Medium,No,60.0,68.0
Male,20.0,77.0,14.0,6.0,2.5,2,5.0,Good,Low,College,Low,No,77.0,64.0
Female,20.0,90.0,12.0,8.0,2.5,3,5.0,Good,Low,High School,Low,No,67.0,67.0
Male,20.0,64.0,9.0,6.0,2.5,6,5.0,Good,Medium,High School,Low,No,99.0,65.0
Female,20.0,62.0,7.0,7.0,2.5,3,5.0,Good,Medium,Postgraduate,Medium,No,74.0,62.0
Female,20.0,90.0,17.0,5.0,2.5,1,5.0,Good,Low,College,Medium,No,88.0,68.0
Male,20.0,77.0,18.0,4.0,2.5,2,5.0,Good,Medium,College,Medium,No,80.0,66.0
Male,20.0,100.0,16.0,7.0,2.5,2,5.0,Good,High,College,Low,No,55.0,69.0
Male,20.0,64.0,27.0,7.0,2.5,4,5.0,Good,High,High School,High,No,77.0,68.0
Female,20.0,94.0,27.0,5.0,2.5,2,5.0,Good,Medium,College,Medium,No,77.0,71.0
Female,20.0,79.0,18.0,8.0,2.5,4,5.0,Good,Medium,College,Low,No,86.0,68.0
Male,20.0,93.0,9.0,7.0,2.5,2,5.0,Good,Medium,College,Low,No,66.0,64.0
Male,20.0,93.0,17.0,8.0,2.5,3,5.0,Good,Low,College,Low,No,93.0,66.0
Male,20.0,97.0,16.0,8.0,2.5,2,5.0,Good,High,High School,High,No,81.0,70.0
Female,20.0,72.0,16.0,9.0,2.5,1,5.0,Good,Medium,College,Medium,No,52.0,60.0
Male,20.0,98.0,16.0,8.0,2.5,2,5.0,Good,Low,College,Low,No,85.0,69.0
Male,20.0,66.0,16.0,7.0,2.5,4,5.0,Good,Low,College,Medium,No,95.0,65.0
Female,20.0,63.0,18.0,7.0,2.5,2,5.0,Good,Medium,High School,Medium,No,84.0,66.0
Female,20.0,77.0,16.0,10.0,2.5,3,5.0,Good,Medium,High School,Medium,No,69.0,64.0
Female,20.0,93.0,21.0,8.0,2.5,1,5.0,Good,Medium,College,High,No,80.0,71.0
Male,20.0,79.0,22.0,7.0,2.5,3,5.0,Good,Medium,College,Medium,No,59.0,66.0
Female,20.0,93.0,15.0,7.0,2.5,3,5.0,Good,Low,High School,Low,No,80.0,66.0
Male,20.0,89.0,28.0,6.0,2.5,3,5.0,Good,Medium,High School,Low,No,75.0,68.0
Male,20.0,68.0,14.0,5.0,2.5,5,5.0,Good,High,High School,High,No,51.0,63.0
Female,20.0,98.0,10.0,10.0,2.5,2,5.0,Good,Low,College,Low,No,66.0,66.0
Male,20.0,62.0,22.0,8.0,2.5,2,5.0,Good,Low,College,Medium,No,60.0,61.0
Male,20.0,96.0,15.0,5.0,2.5,3,5.0,Good,High,College,Low,No,70.0,70.0
Female,20.0,72.0,22.0,7.0,2.5,2,5.0,Good,Low,College,High,No,62.0,68.0
Male,20.0,80.0,6.0,9.0,2.5,2,5.0,Good,Low,Postgraduate,Low,No,92.0,65.0
Female,20.0,77.0,28.0,6.0,2.5,1,5.0,Good,High,Postgraduate,Low,No,85.0,69.0
Male,20.0,67.0,24.0,6.0,2.5,4,5.0,Good,Low,College,Medium,No,87.0,67.0
Male,20.0,74.0,11.0,8.0,2.5,3,5.0,Good,Low,High School,Medium,No,68.0,62.0
Female,20.0,68.0,11.0,8.0,2.5,4,5.0,Good,Low,High School,Low,No,50.0,61.0
Female,20.0,68.0,30.0,6.0,2.5,3,5.0,Good,High,Postgraduate,Medium,No,61.0,70.0
Male,20.0,67.0,16.0,6.0,2.5,3,5.0,Good,Medium,College,High,No,88.0,65.0
Female,20.0,80.0,15.0,8.0,2.5,4,5.0,Good,Medium,High School,Low,No,80.0,65.0
Male,20.0,92.0,6.0,5.0,2.5,4,5.0,Good,Medium,High School,Low,No,77.0,66.0
Female,20.0,83.0,18.0,6.0,2.5,3,5.0,Good,Low,High School,Medium,No,64.0,66.0
Male,20.0,96.0,19.0,7.0,2.5,3,5.0,Good,High,College,Low,No,54.0,69.0
Female,20.0,85.0,24.0,8.0,2.5,3,5.0,Good,Medium,High School,Low,No,89.0,70.0
Male,20.0,88.0,12.0,6.0,2.5,1,5.0,Good,Low,High School,Medium,No,52.0,63.0
Female,20.0,87.0,11.0,8.0,2.5,3,5.0,Good,High,High School,Medium,No,53.0,64.0
Female,20.0,78.0,23.0,9.0,2.5,2,5.0,Good,High,College,Low,No,65.0,65.0
Male,20.0,88.0,26.0,6.0,2.5,4,5.0,Good,Medium,High School,Low,No,79.0,71.0
Female,20.0,63.0,11.0,10.0,2.5,3,5.0,Good,High,High School,Medium,No,100.0,61.0
Male,20.0,94.0,26.0,9.0,2.5,3,5.0,Good,Low,High School,High,No,55.0,69.0
Male,20.0,91.0,20.0,7.0,2.5,4,5.0,Good,Medium,High School,Medium,No,74.0,69.0
Female,20.0,70.0,27.0,7.0,2.5,3,5.0,Good,Low,High School,Low,No,80.0,66.0
Male,20.0,91.0,20.0,6.0,2.5,2,5.0,Good,Medium,High School,High,No,91.0,72.0
Male,20.0,61.0,5.0,9.0,2.5,3,5.0,Good,High,College,Medium,No,84.0,60.0
Male,20.0,69.0,19.0,7.0,2.5,1,5.0,Good,Medium,College,Low,No,90.0,62.0
Female,20.0,63.0,26.0,5.0,2.5,5,5.0,Good,Medium,High School,Medium,No,76.0,66.0
Male,20.0,91.0,15.0,4.0,2.5,2,5.0,Good,Low,High School,High,No,72.0,69.0
Male,20.0,90.0,18.0,7.0,2.5,3,5.0,Good,Medium,Postgraduate,Medium,No,81.0,69.0
Female,20.0,93.0,19.0,7.0,2.5,3,5.0,Good,Low,High School,Medium,No,95.0,71.0
Female,20.0,60.0,3.0,6.0,2.5,1,5.0,Good,Low,Postgraduate,Low,No,78.0,57.0
Female,20.0,80.0,30.0,5.0,2.5,4,5.0,Good,Medium,Postgraduate,Low,No,80.0,72.0
Female,20.0,88.0,15.0,4.0,2.5,4,5.0,Good,Medium,High School,Medium,No,67.0,66.0
Female,20.0,66.0,23.0,6.0,2.5,3,5.0,Good,Medium,College,Medium,No,80.0,66.0
Male,20.0,86.0,19.0,6.0,2.5,3,5.0,Good,Medium,College,Medium,No,81.0,70.0
Male,20.0,63.0,28.0,8.0,2.5,2,5.0,Good,Medium,High School,Low,No,88.0,67.0
Female,20.0,67.0,22.0,7.0,2.5,3,5.0,Good,Medium,College,Medium,No,79.0,65.0
Female,20.0,79.0,19.0,9.0,2.5,3,5.0,Good,Low,High School,Low,No,60.0,63.0
Female,20.0,86.0,15.0,8.0,2.5,3,5.0,Good,Medium,College,Low,No,79.0,68.0
Male,20.0,66.0,25.0,8.0,2.5,3,5.0,Good,Medium,High School,Medium,No,65.0,63.0
Male,20.0,67.0,9.0,8.0,2.5,5,5.0,Good,Medium,College,Medium,No,54.0,63.0
Female,20.0,68.0,24.0,5.0,2.5,4,5.0,Good,High,College,High,No,91.0,68.0
Female,20.0,70.0,13.0,6.0,2.5,0,5.0,Good,Medium,College,Low,No,53.0,60.0
Female,20.0,69.0,28.0,10.0,2.5,2,5.0,Good,High,High School,Medium,No,82.0,67.0
Male,20.0,76.0,21.0,4.0,2.5,3,5.0,Good,High,College,Low,No,99.0,65.0
Male,20.0,86.0,24.0,7.0,2.5,2,5.0,Good,Medium,College,Low,No,54.0,68.0
Female,20.0,78.0,20.0,8.0,2.5,2,5.0,Good,Medium,High School,Medium,No,61.0,62.0
Female,20.0,91.0,9.0,4.0,2.5,4,5.0,Good,Low,Postgraduate,Medium,No,88.0,65.0
Male,20.0,89.0,15.0,6.0,2.5,3,5.0,Good,High,High School,Low,No,55.0,66.0
Male,20.0,65.0,24.0,10.0,2.5,4,5.0,Good,Low,High School,Medium,No,92.0,67.0
Female,20.0,62.0,21.0,7.0,2.5,2,5.0,Good,Low,High School,High,No,50.0,60.0
Female,20.0,95.0,27.0,6.0,2.5,4,5.0,Good,High,Postgraduate,Medium,No,94.0,74.0
Male,20.0,63.0,22.0,7.0,2.5,4,5.0,Good,Medium,High School,High,No,53.0,62.0
Male,20.0,66.0,14.0,6.0,2.5,3,5.0,Good,Low,College,High,No,96.0,61.0
Male,20.0,61.0,15.0,10.0,2.5,4,5.0,Good,High,High School,Medium,No,93.0,63.0
Male,20.0,85.0,21.0,6.0,2.5,3,5.0,Good,Medium,College,Low,No,77.0,66.0
Female,20.0,83.0,6.0,6.0,2.5,4,5.0,Good,Medium,Postgraduate,Low,No,89.0,65.0
Male,20.0,99.0,30.0,5.0,2.5,3,5.0,Good,Medium,Postgraduate,Medium,No,54.0,72.0
Female,20.0,95.0,23.0,7.0,2.5,2,5.0,Good,Medium,High School,Low,No,57.0,70.0
Female,20.0,76.0,27.0,7.0,2.5,3,5.0,Good,Medium,Postgraduate,Medium,No,68.0,71.0
Male,20.0,75.0,11.0,9.0,2.5,2,5.0,Good,Medium,College,High,No,77.0,64.0
Male,20.0,72.0,27.0,5.0,2.5,2,5.0,Good,Low,College,High,No,93.0,70.0
Male,20.0,66.0,33.0,8.0,2.5,3,5.0,Good,Medium,High School,Medium,No,77.0,68.0
Male,20.0,66.0,12.0,7.0,2.5,3,5.0,Good,Medium,High School,Medium,No,83.0,61.0
Male,20.0,65.0,25.0,4.0,2.5,2,5.0,Good,High,High School,High,No,84.0,68.0
Female,20.0,65.0,20.0,6.0,2.5,2,5.0,Good,Medium,Postgraduate,Low,No,94.0,64.0
Female,20.0,70.0,11.0,6.0,2.5,4,5.0,Good,Low,High School,Medium,No,89.0,64.0
Female,20.0,72.0,23.0,10.0,2.5,4,5.0,Good,Medium,Postgraduate,Medium,No,99.0,71.0
Female,20.0,98.0,25.0,8.0,2.5,2,5.0,Good,Medium,College,Medium,No,51.0,72.0
Female,20.0,83.0,16.0,7.0,2.5,1,5.0,Good,Medium,College,High,No,60.0,66.0
Female,20.0,100.0,27.0,4.0,2.5,3,5.0,Good,Low,High School,Low,No,97.0,74.0
Male,20.0,75.0,10.0,4.0,2.5,3,5.0,Good,Medium,Postgraduate,Medium,No,90.0,65.0
Female,20.0,78.0,11.0,8.0,2.5,3,5.0,Good,Low,High School,Low,No,63.0,64.0
Male,20.0,73.0,21.0,8.0,2.5,4,5.0,Good,Medium,College,Medium,No,99.0,69.0
Male,20.0,67.0,20.0,6.0,2.5,3,5.0,Good,Low,College,Low,No,93.0,62.0
Male,20.0,66.0,16.0,7.0,2.5,2,5.0,Good,High,Postgraduate,Medium,No,53.0,62.0
Female,20.0,98.0,25.0,7.0,2.5,3,5.0,Good,Medium,Postgraduate,Low,No,91.0,72.0
Female,20.0,99.0,23.0,7.0,2.5,3,5.0,Good,High,High School,Medium,No,89.0,73.0
Female,20.0,62.0,25.0,6.0,2.5,4,5.0,Good,High,Postgraduate,Medium,No,61.0,64.0
Female,20.0,66.0,19.0,8.0,2.5,3,5.0,Good,Medium,High School,Medium,No,83.0,65.0
Male,20.0,77.0,24.0,9.0,2.5,1,5.0,Good,Medium,High School,Low,No,99.0,70.0
Female,20.0,67.0,17.0,6.0,2.5,3,5.0,Good,High,Postgraduate,High,No,84.0,66.0
Female,20.0,75.0,32.0,5.0,2.5,2,5.0,Good,Low,College,High,No,91.0,70.0
Female,20.0,65.0,15.0,6.0,2.5,3,5.0,Good,Low,High School,Medium,No,55.0,63.0
Male,20.0,78.0,33.0,7.0,2.5,4,5.0,Good,Medium,High School,Low,No,86.0,69.0
Male,20.0,71.0,20.0,8.0,2.5,2,5.0,Good,Low,High School,Medium,No,60.0,64.0
Female,20.0,74.0,12.0,8.0,2.5,5,5.0,Good,Medium,Postgraduate,Medium,No,54.0,63.0
Male,20.0,64.0,28.0,8.0,2.5,3,5.0,Good,Low,Postgraduate,Medium,No,78.0,66.0
Female,20.0,77.0,21.0,8.0,2.5,1,5.0,Good,Low,College,High,No,88.0,68.0
Male,20.0,99.0,25.0,7.0,2.5,3,5.0,Good,Medium,High School,High,No,77.0,97.0
Female,20.0,73.0,27.0,9.0,2.5,1,5.0,Good,Medium,High School,Medium,No,97.0,67.0
Male,20.0,95.0,22.0,7.0,2.5,4,5.0,Good,Medium,College,Medium,No,85.0,71.0
Female,20.0,94.0,16.0,8.0,2.5,2,5.0,Good,Low,College,Low,No,56.0,66.0
Male,20.0,98.0,26.0,7.0,2.5,2,5.0,Good,Medium,Postgraduate,Low,No,97.0,72.0
Female,20.0,92.0,20.0,7.0,2.5,4,5.0,Good,Low,Postgraduate,Low,No,58.0,70.0
Male,20.0,86.0,24.0,7.0,2.5,3,5.0,Good,Medium,High School,Low,No,88.0,69.0
Female,20.0,94.0,7.0,9.0,2.5,3,5.0,Good,High,Postgraduate,Medium,No,57.0,66.0
Female,20.0,63.0,23.0,7.0,2.5,3,5.0,Good,Low,Postgraduate,Medium,No,100.0,69.0
Male,20.0,79.0,16.0,6.0,2.5,3,5.0,Good,Low,College,Medium,No,67.0,65.0
Female,20.0,100.0,30.0,6.0,2.5,4,5.0,Good,Medium,College,Low,No,75.0,75.0
Male,20.0,91.0,24.0,8.0,2.5,2,5.0,Good,Medium,Postgraduate,Low,No,73.0,70.0
Male,20.0,98.0,21.0,6.0,2.5,3,5.0,Good,Low,High School,Medium,No,55.0,70.0
Male,20.0,91.0,23.0,7.0,2.5,2,5.0,Good,Low,High School,Low,No,75.0,69.0
Female,20.0,95.0,14.0,7.0,2.5,2,5.0,Good,Medium,College,Low,No,57.0,68.0
Male,20.0,88.0,30.0,6.0,2.5,2,5.0,Good,High,College,High,No,90.0,73.0
Male,20.0,90.0,32.0,5.0,2.5,3,5.0,Good,High,College,Medium,No,98.0,74.0
Female,20.0,81.0,22.0,5.0,2.5,2,5.0,Good,Medium,College,High,No,90.0,66.0
Female,20.0,97.0,30.0,6.0,2.5,2,5.0,Good,High,High School,Low,No,72.0,74.0
Male,20.0,93.0,17.0,5.0,2.5,2,5.0,Good,Low,High School,High,No,50.0,67.0
Female,20.0,94.0,15.0,8.0,2.5,2,5.0,Good,Low,College,Medium,No,52.0,67.0
Female,20.0,87.0,20.0,10.0,2.5,2,5.0,Good,Low,College,Medium,No,75.0,70.0
Male,20.0,72.0,23.0,6.0,2.5,2,5.0,Good,Medium,High School,High,No,84.0,67.0
Female,20.0,61.0,18.0,6.0,2.5,3,5.0,Good,High,College,Medium,No,91.0,80.0
Male,20.0,97.0,23.0,6.0,2.5,2,5.0,Good,Low,College,Low,No,80.0,70.0
Female,20.0,83.0,22.0,8.0,2.5,4,5.0,Good,Low,High School,High,No,99.0,71.0
Male,20.0,72.0,14.0,8.0,2.5,2,5.0,Good,High,College,High,No,75.0,64.0
Female,20.0,66.0,23.0,7.0,2.5,3,5.0,Good,Medium,College,Medium,No,80.0,68.0
Male,20.0,93.0,25.0,5.0,2.5,3,5.0,Good,Medium,High School,Low,No,62.0,68.0
Female,20.0,93.0,21.0,6.0,2.5,3,5.0,Good,Medium,High School,High,No,67.0,69.0
Male,20.0,93.0,27.0,7.0,2.5,2,5.0,Good,Low,Postgraduate,Medium,No,84.0,72.0
Male,20.0,86.0,13.0,7.0,2.5,5,5.0,Good,Medium,College,Low,No,80.0,65.0
Male,20.0,75.0,23.0,7.0,2.5,4,5.0,Good,Medium,High School,High,No,68.0,64.0
Female,20.0,72.0,13.0,8.0,2.5,4,5.0,Good,Low,Postgraduate,Low,No,56.0,64.0
Male,20.0,60.0,13.0,5.0,2.5,4,5.0,Good,High,High School,Low,No,67.0,58.0
Male,20.0,93.0,16.0,7.0,2.5,3,5.0,Good,Low,High School,Medium,No,52.0,69.0
Male,20.0,63.0,14.0,7.0,2.5,3,5.0,Good,Medium,High School,Low,No,79.0,61.0
Female,20.0,85.0,17.0,6.0,2.5,2,5.0,Good,Medium,College,Medium,No,66.0,68.0
Male,20.0,80.0,19.0,6.0,2.5,4,5.0,Good,Low,College,Low,No,69.0,66.0
Female,20.0,81.0,25.0,8.0,2.5,4,5.0,Good,Low,College,Medium,No,79.0,68.0
Male,20.0,97.0,18.0,5.0,2.5,3,5.0,Good,Low,College,Low,No,79.0,70.0
Male,20.0,61.0,10.0,10.0,2.5,2,5.0,Good,Medium,College,High,No,79.0,62.0
Male,20.0,91.0,27.0,8.0,2.5,3,5.0,Good,Low,High School,Medium,No,75.0,71.0
Female,20.0,62.0,15.0,7.0,2.5,3,5.0,Good,High,Postgraduate,Low,No,74.0,61.0
Male,20.0,62.0,20.0,7.0,2.5,3,5.0,Good,Low,College,Medium,No,91.0,64.0
Male,20.0,77.0,23.0,8.0,2.5,2,5.0,Good,Medium,College,Low,No,73.0,65.0
Male,20.0,63.0,21.0,6.0,2.5,1,5.0,Good,Low,High School,Medium,No,77.0,63.0
Female,20.0,92.0,27.0,6.0,2.5,3,5.0,Good,Low,High School,Low,No,99.0,74.0
Male,20.0,81.0,23.0,9.0,2.5,2,5.0,Good,Low,College,Medium,No,59.0,68.0
Female,20.0,61.0,15.0,6.0,2.5,3,5.0,Good,High,High School,High,No,86.0,65.0
Male,20.0,62.0,33.0,7.0,2.5,2,5.0,Good,Low,College,Medium,No,74.0,66.0
Male,20.0,85.0,21.0,6.0,2.5,2,5.0,Good,Medium,High School,Medium,No,92.0,69.0
Male,20.0,92.0,19.0,7.0,2.5,2,5.0,Good,Low,College,High,No,70.0,69.0
Female,20.0,78.0,26.0,8.0,2.5,3,5.0,Good,Medium,College,Medium,No,65.0,70.0
Female,20.0,82.0,21.0,10.0,2.5,4,5.0,Good,High,High School,High,No,60.0,70.0
Male,20.0,92.0,22.0,6.0,2.5,3,5.0,Good,Medium,High School,Medium,No,94.0,71.0
Female,20.0,84.0,35.0,5.0,2.5,3,5.0,Good,Medium,High School,Medium,No,86.0,72.0
Male,20.0,69.0,18.0,7.0,2.5,4,5.0,Good,Medium,High School,Low,No,54.0,61.0
Female,20.0,85.0,18.0,6.0,2.5,3,5.0,Good,High,High School,Medium,No,86.0,68.0
Male,20.0,85.0,21.0,7.0,2.5,3,5.0,Good,Medium,High School,Low,No,52.0,66.0
Male,20.0,89.0,26.0,8.0,2.5,4,5.0,Good,Low,High School,Low,No,59.0,70.0
Female,20.0,85.0,11.0,10.0,2.5,3,5.0,Good,Low,College,Low,No,80.0,63.0
Female,20.0,99.0,8.0,6.0,2.5,3,5.0,Good,Medium,High School,Medium,No,73.0,68.0
Male,20.0,68.0,16.0,4.0,2.5,4,5.0,Good,Medium,College,Medium,No,92.0,62.0
Male,20.0,98.0,10.0,7.0,2.5,3,5.0,Good,Low,College,Medium,No,80.0,69.0
Male,20.0,82.0,17.0,8.0,2.5,4,5.0,Good,Medium,High School,Medium,No,98.0,69.0
Female,20.0,87.0,23.0,6.0,2.5,4,5.0,Good,Medium,Postgraduate,High,No,93.0,72.0
Male,20.0,64.0,15.0,7.0,2.5,3,5.0,Good,Medium,High School,Low,No,67.0,64.0
Female,20.0,75.0,11.0,7.0,2.5,4,5.0,Good,Medium,College,Low,No,92.0,63.0
Male,20.0,91.0,20.0,7.0,2.5,3,5.0,Good,High,Postgraduate,Low,No,93.0,70.0
Male,20.0,88.0,25.0,8.0,2.5,4,5.0,Good,Low,Postgraduate,Low,No,98.0,69.0
Male,20.0,62.0,10.0,7.0,2.5,2,5.0,Good,Medium,High School,Medium,No,51.0,61.0
Male,20.0,82.0,25.0,8.0,2.5,3,5.0,Good,Low,High School,Low,No,94.0,70.0
Male,20.0,64.0,25.0,4.0,2.5,2,5.0,Good,Low,College,Medium,No,53.0,64.0
Male,20.0,100.0,26.0,6.0,2.5,4,5.0,Good,High,Postgraduate,Medium,No,76.0,76.0
Female,20.0,96.0,27.0,6.0,2.5,2,5.0,Good,Medium,College,Medium,No,71.0,73.0
Male,20.0,61.0,33.0,5.0,2.5,3,5.0,Good,Medium,High School,Medium,No,96.0,67.0
Female,20.0,94.0,18.0,7.0,2.5,3,5.0,Good,Medium,College,Medium,No,70.0,69.0
Male,20.0,97.0,21.0,6.0,2.5,4,5.0,Good,Low,College,Medium,No,80.0,72.0
Female,20.0,74.0,18.0,6.0,2.5,3,5.0,Good,Medium,College,Medium,No,85.0,66.0
Female,20.0,89.0,20.0,8.0,2.5,3,5.0,Good,Medium,Postgraduate,Medium,No,51.0,70.0
Female,20.0,78.0,29.0,7.0,2.5,4,5.0,Good,Medium,Postgraduate,Medium,No,80.0,73.0
Female,20.0,86.0,12.0,5.0,2.5,3,5.0,Good,Low,Postgraduate,High,No,76.0,68.0
Male,20.0,74.0,15.0,6.0,2.5,3,5.0,Good,Medium,Postgraduate,High,No,80.0,66.0
Female,20.0,73.0,28.0,8.0,2.5,1,5.0,Good,Medium,High School,Medium,No,54.0,67.0
Female,20.0,77.0,26.0,7.0,2.5,3,5.0,Good,High,High School,Medium,No,53.0,67.0
Male,20.0,66.0,18.0,9.0,2.5,3,5.0,Good,Medium,High School,Low,No,59.0,62.0
Male,20.0,93.0,25.0,8.0,2.5,3,5.0,Good,Medium,College,Medium,No,93.0,72.0
Male,20.0,74.0,22.0,6.0,2.5,4,5.0,Good,Medium,High School,Medium,No,68.0,65.0
Male,20.0,76.0,29.0,9.0,2.5,3,5.0,Good,Medium,High School,High,No,72.0,69.0
Male,20.0,96.0,20.0,9.0,2.5,2,5.0,Good,Medium,High School,Low,No,70.0,69.0
Male,20.0,80.0,26.0,4.0,2.5,4,5.0,Good,Medium,College,Low,No,86.0,69.0
Male,20.0,82.0,36.0,7.0,2.5,3,5.0,Good,Medium,High School,Medium,No,63.0,69.0
Female,20.0,98.0,24.0,6.0,2.5,2,5.0,Good,Medium,High School,Medium,No,53.0,69.0
Male,20.0,95.0,20.0,7.0,2.5,3,5.0,Good,Low,High School,Medium,No,69.0,70.0
Female,20.0,67.0,24.0,6.0,2.5,3,5.0,Good,Medium,Postgraduate,Low,No,86.0,67.0
Male,20.0,79.0,18.0,6.0,2.5,3,5.0,Good,Medium,Postgraduate,Medium,No,96.0,69.0
Male,20.0,99.0,34.0,8.0,2.5,5,5.0,Good,Medium,College,Medium,No,53.0,75.0
Male,20.0,75.0,21.0,5.0,2.5,3,5.0,Good,Medium,High School,Low,No,91.0,66.0
Male,20.0,75.0,18.0,7.0,2.5,2,5.0,Good,Medium,High School,High,No,53.0,63.0
Male,20.0,68.0,15.0,5.0,2.5,4,5.0,Good,Medium,Postgraduate,Medium,No,67.0,64.0
Female,20.0,65.0,27.0,9.0,2.5,2,5.0,Good,Medium,Postgraduate,High,No,51.0,66.0
Male,20.0,90.0,25.0,7.0,2.5,4,5.0,Good,Medium,College,Medium,No,96.0,72.0
Female,20.0,91.0,17.0,8.0,2.5,4,5.0,Good,High,College,Medium,No,85.0,71.0
Male,20.0,99.0,23.0,7.0,2.5,2,5.0,Good,Medium,High School,High,No,68.0,70.0
Male,20.0,91.0,11.0,7.0,2.5,2,5.0,Good,Medium,College,Low,No,69.0,67.0
Female,20.0,70.0,21.0,7.0,2.5,3,5.0,Good,High,High School,High,No,82.0,65.0
Male,20.0,62.0,23.0,9.0,2.5,4,5.0,Good,Low,High School,Low,No,54.0,65.0
Male,20.0,99.0,30.0,6.0,2.5,4,5.0,Good,Medium,Postgraduate,Low,No,57.0,73.0
Male,20.0,74.0,15.0,4.0,2.5,3,5.0,Good,Low,Postgraduate,Medium,No,92.0,66.0
Male,20.0,72.0,12.0,6.0,2.5,4,5.0,Good,High,Postgraduate,Low,No,60.0,62.0
Male,20.0,96.0,15.0,5.0,2.5,2,5.0,Good,Medium,High School,High,No,86.0,71.0
Male,20.0,83.0,12.0,8.0,2.5,5,5.0,Good,Medium,High School,High,No,61.0,66.0
Male,20.0,69.0,28.0,7.0,2.5,2,5.0,Good,Low,College,Low,No,54.0,65.0
Female,20.0,96.0,29.0,8.0,2.5,2,5.0,Good,Medium,High School,High,No,95.0,75.0
Male,20.0,100.0,22.0,7.0,2.5,4,5.0,Good,Medium,College,Low,No,95.0,74.0
Male,20.0,63.0,27.0,7.0,2.5,3,5.0,Good,High,High School,Medium,No,80.0,65.0
Female,20.0,94.0,21.0,7.0,2.5,3,5.0,Good,Low,Postgraduate,Low,No,73.0,71.0
Female,20.0,76.0,19.0,9.0,2.5,1,5.0,Good,Low,Postgraduate,Low,No,78.0,65.0
Male,20.0,81.0,18.0,7.0,2.5,2,5.0,Good,High,College,Low,No,70.0,65.0
Female,20.0,97.0,18.0,9.0,2.5,4,5.0,Good,Medium,High School,Low,No,88.0,67.0
Male,20.0,99.0,11.0,9.0,2.5,2,5.0,Good,Medium,High School,Low,No,88.0,67.0
Male,20.0,70.0,22.0,7.0,2.5,1,5.0,Good,Medium,High School,Medium,No,91.0,66.0
Female,20.0,69.0,20.0,7.0,2.5,3,5.0,Good,High,High School,Medium,No,76.0,67.0
Female,20.0,63.0,24.0,6.0,2.5,5,5.0,Good,Medium,Postgraduate,Low,No,90.0,66.0
Male,20.0,82.0,21.0,9.0,2.5,2,5.0,Good,Medium,High School,Medium,No,58.0,65.0
Female,20.0,61.0,19.0,6.0,2.5,3,5.0,Good,Low,High School,Low,No,52.0,59.0
Female,20.0,76.0,15.0,6.0,2.5,4,5.0,Good,Medium,High School,Low,No,82.0,69.0
Male,20.0,63.0,20.0,7.0,2.5,3,5.0,Good,High,High School,Low,No,55.0,63.0
Male,20.0,76.0,24.0,5.0,2.5,4,5.0,Good,High,High School,Medium,No,78.0,65.0
Male,20.0,62.0,13.0,6.0,2.5,4,5.0,Good,High,High School,Low,No,86.0,61.0
Female,20.0,93.0,21.0,9.0,2.5,1,5.0,Good,Medium,Postgraduate,Medium,No,70.0,68.0
Male,20.0,68.0,21.0,8.0,2.5,2,5.0,Good,Medium,College,Low,No,52.0,65.0
Female,20.0,73.0,16.0,6.0,2.5,2,5.0,Good,Medium,College,Low,No,94.0,61.0
Male,20.0,95.0,16.0,8.0,2.5,3,5.0,Good,Medium,Postgraduate,Low,No,52.0,69.0
Male,20.0,90.0,21.0,10.0,2.5,4,5.0,Good,High,College,High,No,95.0,72.0
Female,20.0,69.0,13.0,7.0,2.5,3,5.0,Good,High,High School,Medium,No,53.0,59.0
Female,20.0,63.0,22.0,9.0,2.5,2,5.0,Good,Low,College,High,No,87.0,63.0
Male,20.0,89.0,15.0,8.0,2.5,3,5.0,Good,High,High School,Low,No,96.0,69.0
Male,20.0,76.0,26.0,7.0,2.5,1,5.0,Good,High,Postgraduate,Low,No,95.0,67.0
Male,20.0,91.0,34.0,7.0,2.5,3,5.0,Good,Medium,College,Medium,No,95.0,70.0
Male,20.0,78.0,15.0,8.0,2.5,4,5.0,Good,High,Postgraduate,Low,No,94.0,67.0
Male,20.0,74.0,23.0,6.0,2.5,2,5.0,Good,Medium,College,Low,No,76.0,66.0
Female,20.0,78.0,16.0,4.0,2.5,3,5.0,Good,Medium,High School,High,No,78.0,68.0
Male,20.0,90.0,26.0,6.0,2.5,3,5.0,Good,Medium,Postgraduate,Low,No,81.0,71.0
Male,20.0,96.0,12.0,4.0,2.5,0,5.0,Good,Medium,High School,Medium,No,95.0,69.0
Male,20.0,62.0,23.0,6.0,2.5,2,5.0,Good,Low,High School,High,No,92.0,65.0
Female,20.0,81.0,15.0,4.0,2.5,3,5.0,Good,High,Postgraduate,Low,No,89.0,66.0
Male,20.0,61.0,19.0,8.0,2.5,4,5.0,Good,High,High School,Medium,No,84.0,66.0
Female,20.0,79.0,14.0,5.0,2.5,3,5.0,Good,High,High School,High,No,81.0,67.0
Male,20.0,95.0,25.0,8.0,2.5,4,5.0,Good,Low,Postgraduate,Medium,No,96.0,74.0
Male,20.0,74.0,15.0,8.0,2.5,5,5.0,Good,Low,High School,Low,No,60.0,66.0
Male,20.0,97.0,23.0,8.0,2.5,3,5.0,Good,Medium,College,Medium,No,60.0,72.0
Male,20.0,85.0,18.0,4.0,2.5,4,5.0,Good,High,College,Low,No,99.0,69.0
Female,20.0,97.0,19.0,9.0,2.5,4,5.0,Good,Medium,High School,Medium,No,78.0,68.0
Male,20.0,90.0,21.0,8.0,2.5,3,5.0,Good,Medium,High School,Low,No,74.0,71.0
Female,20.0,64.0,15.0,8.0,2.5,2,5.0,Good,Medium,High School,Low,No,93.0,61.0
Male,20.0,69.0,21.0,10.0,2.5,3,5.0,Good,Low,High School,Low,No,92.0,65.0
Male,20.0,76.0,29.0,8.0,2.5,2,5.0,Good,Medium,Postgraduate,Low,No,59.0,71.0
Male,20.0,67.0,15.0,5.0,2.5,3,5.0,Good,Low,High School,Low,No,59.0,59.0
Female,20.0,80.0,27.0,8.0,2.5,3,5.0,Good,Low,Postgraduate,Medium,No,90.0,71.0
Female,20.0,79.0,29.0,5.0,2.5,3,5.0,Good,Medium,Postgraduate,High,No,89.0,72.0
Female,20.0,98.0,15.0,7.0,2.5,3,5.0,Good,Medium,College,Low,No,61.0,71.0
Male,20.0,77.0,11.0,6.0,2.5,5,5.0,Good,Low,High School,Low,No,92.0,61.0
Female,20.0,91.0,22.0,7.0,2.5,2,5.0,Good,Medium,College,Medium,No,74.0,67.0
Male,20.0,98.0,17.0,5.0,2.5,2,5.0,Good,Low,College,Low,No,73.0,67.0
Female,20.0,95.0,31.0,5.0,2.5,4,5.0,Good,Medium,High School,Medium,No,99.0,74.0
Female,20.0,68.0,20.0,6.0,2.5,3,5.0,Good,Low,High School,Medium,No,76.0,66.0
Male,20.0,80.0,15.0,7.0,2.5,4,5.0,Good,Low,High School,Low,No,57.0,63.0
Male,20.0,74.0,13.0,6.0,2.5,3,5.0,Good,Low,High School,High,No,64.0,63.0
Female,20.0,76.0,27.0,9.0,2.5,4,5.0,Good,Medium,High School,Low,No,67.0,68.0
Female,20.0,74.0,17.0,8.0,2.5,3,5.0,Good,Low,High School,High,No,98.0,65.0
Male,20.0,93.0,20.0,8.0,2.5,3,5.0,Good,Medium,High School,Low,No,63.0,66.0
Female,20.0,78.0,26.0,6.0,2.5,3,5.0,Good,Medium,High School,Low,No,72.0,67.0
Female,20.0,81.0,17.0,5.0,2.5,2,5.0,Good,High,College,Low,No,87.0,67.0
Male,20.0,99.0,20.0,7.0,2.5,4,5.0,Good,High,High School,Medium,No,64.0,70.0
Male,20.0,62.0,20.0,10.0,2.5,4,5.0,Good,High,High School,Low,No,85.0,65.0
Female,20.0,80.0,24.0,7.0,2.5,3,5.0,Good,Medium,High School,High,No,60.0,68.0
Male,20.0,91.0,24.0,9.0,2.5,4,5.0,Good,Low,College,Low,No,62.0,70.0
Male,20.0,66.0,19.0,9.0,2.5,3,5.0,Good,Medium,College,Medium,No,99.0,66.0
Male,20.0,84.0,20.0,8.0,2.5,4,5.0,Good,Medium,Postgraduate,Low,No,68.0,69.0
Female,20.0,70.0,18.0,7.0,2.5,2,5.0,Good,Medium,High School,High,No,86.0,65.0
Female,20.0,95.0,11.0,6.0,2.5,3,5.0,Good,Medium,Postgraduate,Medium,No,92.0,68.0
Male,20.0,73.0,22.0,7.0,2.5,2,5.0,Good,Medium,High School,High,No,67.0,65.0
Female,20.0,73.0,31.0,6.0,2.5,3,5.0,Good,High,High School,Medium,No,68.0,70.0
Female,20.0,84.0,15.0,7.0,2.5,3,5.0,Good,High,High School,Low,No,89.0,65.0
Male,20.0,67.0,15.0,5.0,2.5,4,5.0,Good,High,College,Medium,No,80.0,67.0
Female,20.0,71.0,15.0,6.0,2.5,4,5.0,Good,Low,College,Low,No,68.0,64.0
Female,20.0,77.0,24.0,8.0,2.5,1,5.0,Good,High,Postgraduate,Low,No,87.0,68.0
Female,20.0,74.0,23.0,6.0,2.5,3,5.0,Good,Medium,High School,High,No,93.0,70.0
Female,20.0,81.0,19.0,6.0,2.5,3,5.0,Good,Medium,High School,Medium,No,62.0,64.0
Male,20.0,84.0,14.0,6.0,2.5,3,5.0,Good,Low,High School,High,No,51.0,67.0
Male,20.0,83.0,21.0,7.0,2.5,2,5.0,Good,Medium,High School,Medium,No,64.0,68.0
Male,20.0,86.0,11.0,4.0,2.5,4,5.0,Good,Medium,High School,Low,No,84.0,67.0
Female,20.0,72.0,21.0,6.0,2.5,2,5.0,Good,Low,College,High,No,96.0,66.0
Female,20.0,65.0,25.0,8.0,2.5,3,5.0,Good,Low,College,Medium,No,93.0,66.0
Male,20.0,90.0,12.0,7.0,2.5,2,5.0,Good,Medium,High School,Low,No,61.0,66.0
Male,20.0,94.0,11.0,8.0,2.5,2,5.0,Good,Medium,College,Low,No,94.0,67.0
Male,20.0,70.0,29.0,4.0,2.5,3,5.0,Good,Low,College,Low,No,91.0,69.0
Female,20.0,76.0,16.0,6.0,2.5,4,5.0,Good,Medium,College,Low,No,87.0,65.0
Male,20.0,80.0,27.0,7.0,2.5,3,5.0,Good,Low,College,Low,No,84.0,68.0
Female,20.0,81.0,19.0,8.0,2.5,3,5.0,Good,Medium,High School,Low,No,90.0,67.0
Male,20.0,86.0,19.0,9.0,2.5,3,5.0,Good,Low,College,Low,No,93.0,69.0
Male,20.0,62.0,23.0,8.0,2.5,3,5.0,Good,High,High School,High,No,91.0,64.0
Male,20.0,89.0,15.0,6.0,2.5,4,5.0,Good,Low,College,Medium,No,56.0,67.0
Female,20.0,62.0,21.0,6.0,2.5,4,5.0,Good,Medium,High School,Medium,No,86.0,67.0
Male,20.0,79.0,18.0,9.0,2.5,3,5.0,Good,Low,College,Low,No,92.0,67.0
Female,20.0,93.0,12.0,6.0,2.5,3,5.0,Good,Medium,High School,Low,No,59.0,67.0
Male,20.0,78.0,22.0,5.0,2.5,4,5.0,Good,Low,College,Low,No,61.0,68.0
Male,20.0,66.0,18.0,7.0,2.5,3,5.0,Good,High,High School,Low,No,89.0,65.0
Male,20.0,99.0,19.0,9.0,2.5,1,5.0,Good,Low,College,High,No,67.0,70.0
Female,20.0,96.0,13.0,6.0,2.5,3,5.0,Good,Medium,College,Low,No,70.0,68.0
Female,20.0,91.0,30.0,6.0,2.5,4,5.0,Good,Medium,High School,Medium,No,69.0,72.0
Male,20.0,76.0,25.0,6.0,2.5,3,5.0,Good,Medium,Postgraduate,Medium,No,61.0,67.0
Female,20.0,67.0,26.0,8.0,2.5,0,5.0,Good,Medium,High School,Medium,No,97.0,66.0
Male,20.0,98.0,18.0,7.0,2.5,1,5.0,Good,Low,High School,High,No,90.0,68.0
Male,20.0,81.0,10.0,8.0,2.5,2,5.0,Good,Medium,High School,Low,No,63.0,64.0
Male,20.0,94.0,32.0,9.0,2.5,2,5.0,Good,High,High School,Medium,No,55.0,75.0
Female,20.0,74.0,20.0,5.0,2.5,4,5.0,Good,High,College,Medium,No,69.0,66.0
Male,20.0,73.0,16.0,6.0,2.5,4,5.0,Good,Medium,Postgraduate,Low,No,71.0,67.0
Male,20.0,99.0,23.0,6.0,2.5,5,5.0,Good,Medium,High School,High,No,50.0,71.0
Male,20.0,81.0,27.0,7.0,2.5,4,5.0,Good,Low,College,Low,No,94.0,68.0
Male,20.0,66.0,20.0,8.0,2.5,3,5.0,Good,Medium,High School,Low,No,93.0,65.0
Male,20.0,69.0,28.0,6.0,2.5,3,5.0,Good,Low,College,High,No,93.0,67.0
Male,20.0,79.0,26.0,6.0,2.5,2,5.0,Good,Low,College,High,No,90.0,66.0
Male,20.0,62.0,14.0,8.0,2.5,1,5.0,Good,Medium,High School,Medium,No,87.0,60.0
Female,20.0,79.0,16.0,8.0,2.5,3,5.0,Good,Low,Postgraduate,Low,No,82.0,64.0
Male,20.0,77.0,26.0,7.0,2.5,1,5.0,Good,Low,Postgraduate,High,No,98.0,69.0
Male,20.0,91.0,4.0,4.0,2.5,4,5.0,Good,Low,College,Low,No,86.0,64.0
Male,20.0,74.0,19.0,9.0,2.5,3,5.0,Good,High,High School,Low,No,82.0,66.0
Male,20.0,99.0,11.0,7.0,2.5,3,5.0,Good,High,College,Low,No,89.0,72.0
Female,20.0,67.0,17.0,7.0,2.5,4,5.0,Good,Medium,High School,Low,No,62.0,60.0
Male,20.0,84.0,18.0,6.0,2.5,3,5.0,Good,Low,High School,Medium,No,98.0,69.0
Female,20.0,64.0,18.0,6.0,2.5,1,5.0,Good,Medium,High School,Low,No,51.0,62.0
Female,20.0,89.0,17.0,6.0,2.5,3,5.0,Good,Medium,College,Medium,No,82.0,70.0
Female,20.0,100.0,13.0,4.0,2.5,2,5.0,Good,Low,High School,Low,No,54.0,65.0
Male,20.0,93.0,34.0,6.0,2.5,4,5.0,Good,High,High School,Low,No,93.0,77.0
Male,20.0,82.0,31.0,5.0,2.5,3,5.0,Good,Medium,High School,Low,No,98.0,71.0
Female,20.0,79.0,13.0,7.0,2.5,3,5.0,Good,High,High School,Low,No,70.0,66.0
Female,20.0,93.0,29.0,5.0,2.5,3,5.0,Good,Medium,Postgraduate,Low,No,93.0,74.0
Male,20.0,97.0,18.0,8.0,2.5,3,5.0,Good,Medium,High School,Medium,No,67.0,70.0
Male,20.0,100.0,21.0,5.0,2.5,2,5.0,Good,Medium,High School,Medium,No,58.0,69.0
Male,20.0,76.0,20.0,9.0,2.5,2,5.0,Good,Low,College,Low,No,64.0,64.0
Female,20.0,100.0,16.0,8.0,2.5,2,5.0,Good,High,College,High,No,65.0,69.0
Female,20.0,66.0,26.0,5.0,2.5,3,5.0,Good,Medium,High School,Low,No,82.0,68.0
Male,20.0,70.0,21.0,7.0,2.5,4,5.0,Good,Medium,High School,Low,No,90.0,63.0
Male,20.0,64.0,17.0,6.0,2.5,2,5.0,Good,Medium,High School,Medium,No,60.0,61.0
Male,20.0,71.0,12.0,8.0,2.5,5,5.0,Good,Medium,College,Low,No,54.0,61.0
Male,20.0,91.0,15.0,10.0,2.5,4,5.0,Good,Medium,High School,Low,No,61.0,65.0
Female,20.0,94.0,10.0,9.0,2.5,2,5.0,Good,Medium,High School,Low,No,65.0,65.0
Female,20.0,91.0,20.0,6.0,2.5,3,5.0,Good,High,High School,High,No,64.0,69.0
Female,20.0,85.0,13.0,7.0,2.5,2,5.0,Good,High,High School,Medium,No,61.0,69.0
Male,20.0,81.0,18.0,9.0,2.5,2,5.0,Good,Medium,High School,High,No,73.0,65.0
Female,20.0,88.0,28.0,8.0,2.5,1,5.0,Good,Medium,Postgraduate,Low,No,93.0,72.0
Female,20.0,76.0,27.0,9.0,2.5,0,5.0,Good,Medium,High School,Low,No,55.0,69.0
Female,20.0,94.0,20.0,8.0,2.5,3,5.0,Good,Low,College,Medium,No,93.0,71.0
Female,20.0,87.0,19.0,7.0,2.5,3,5.0,Good,Medium,High School,Low,No,75.0,67.0
Male,20.0,88.0,31.0,7.0,2.5,2,5.0,Good,Medium,High School,Low,No,83.0,72.0
Female,20.0,81.0,23.0,5.0,2.5,3,5.0,Good,Low,High School,High,No,91.0,70.0
Female,20.0,95.0,18.0,6.0,2.5,3,5.0,Good,High,High School,Low,No,65.0,68.0
Female,20.0,70.0,11.0,6.0,2.5,4,5.0,Good,Medium,Postgraduate,High,No,98.0,66.0
Male,20.0,75.0,22.0,6.0,2.5,4,5.0,Good,Low,High School,Low,No,54.0,68.0
Female,20.0,91.0,25.0,7.0,2.5,3,5.0,Good,Low,College,Low,No,76.0,71.0
Male,20.0,80.0,16.0,7.0,2.5,3,5.0,Good,High,High School,Low,No,63.0,63.0
Male,20.0,96.0,22.0,7.0,2.5,4,5.0,Good,Medium,College,Medium,No,70.0,70.0
Male,20.0,74.0,18.0,8.0,2.5,2,5.0,Good,High,College,Low,No,72.0,65.0
Female,20.0,75.0,19.0,6.0,2.5,4,5.0,Good,Medium,High School,Medium,No,96.0,70.0
Male,20.0,96.0,5.0,8.0,2.5,5,5.0,Good,Low,High School,Medium,No,72.0,65.0
Male,20.0,79.0,19.0,9.0,2.5,2,5.0,Good,Medium,High School,Medium,No,85.0,68.0
Female,20.0,81.0,26.0,8.0,2.5,2,5.0,Good,Low,High School,Medium,No,98.0,69.0
Female,20.0,73.0,16.0,6.0,2.5,3,5.0,Good,High,High School,Medium,No,75.0,66.0
Female,20.0,71.0,20.0,8.0,2.5,3,5.0,Good,Medium,High School,Medium,No,70.0,62.0
Male,20.0,86.0,15.0,8.0,2.5,5,5.0,Good,High,High School,Medium,No,99.0,70.0
Female,20.0,65.0,22.0,8.0,2.5,2,5.0,Good,Medium,College,High,No,91.0,65.0
Male,20.0,95.0,19.0,9.0,2.5,2,5.0,Good,Low,Postgraduate,Medium,No,97.0,71.0
Male,20.0,91.0,14.0,8.0,2.5,0,5.0,Good,Medium,Postgraduate,Low,No,70.0,68.0
Male,20.0,68.0,28.0,9.0,2.5,3,5.0,Good,Medium,Postgraduate,Medium,No,85.0,65.0
Female,20.0,88.0,26.0,7.0,2.5,2,5.0,Good,High,High School,High,No,62.0,70.0
Male,20.0,84.0,16.0,6.0,2.5,3,5.0,Good,Medium,High School,High,No,93.0,69.0
Male,20.0,67.0,23.0,9.0,2.5,3,5.0,Good,Medium,College,Medium,No,97.0,66.0
Male,20.0,71.0,23.0,6.0,2.5,5,5.0,Good,Low,High School,Low,No,63.0,66.0
Male,20.0,76.0,24.0,10.0,2.5,4,5.0,Good,Low,High School,Low,No,55.0,67.0
Female,20.0,88.0,10.0,9.0,2.5,3,5.0,Good,Medium,High School,Low,No,60.0,63.0
Female,20.0,86.0,26.0,7.0,2.5,3,5.0,Good,Medium,High School,Low,No,82.0,70.0
Male,20.0,81.0,17.0,9.0,2.5,3,5.0,Good,Medium,High School,High,No,64.0,65.0
Male,20.0,91.0,18.0,8.0,2.5,2,5.0,Good,Medium,High School,Medium,No,82.0,70.0
Male,20.0,90.0,36.0,5.0,2.5,2,5.0,Good,Low,High School,Low,No,68.0,74.0
Female,20.0,85.0,22.0,6.0,2.5,3,5.0,Good,Medium,High School,Low,No,96.0,69.0
Male,20.0,91.0,18.0,7.0,2.5,4,5.0,Good,Low,College,Low,No,73.0,68.0
Male,20.0,73.0,7.0,7.0,2.5,3,5.0,Good,Medium,College,High,No,75.0,64.0
Male,20.0,95.0,28.0,9.0,2.5,3,5.0,Good,Low,High School,Medium,No,67.0,73.0
Male,20.0,85.0,12.0,7.0,2.5,3,5.0,Good,Medium,College,Low,No,54.0,66.0
Male,20.0,93.0,14.0,5.0,2.5,3,5.0,Good,Low,High School,Medium,No,75.0,65.0
Male,20.0,82.0,18.0,6.0,2.5,1,5.0,Good,High,College,Medium,No,89.0,66.0
Male,20.0,69.0,28.0,8.0,2.5,5,5.0,Good,Medium,High School,Medium,No,98.0,67.0
Male,20.0,82.0,25.0,4.0,2.5,3,5.0,Good,Medium,High School,Medium,No,54.0,67.0
Female,20.0,75.0,19.0,5.0,2.5,3,5.0,Good,High,Postgraduate,Medium,No,90.0,66.0
Male,20.0,88.0,22.0,6.0,2.5,3,5.0,Good,Low,Postgraduate,Low,No,63.0,69.0
Male,20.0,79.0,16.0,8.0,2.5,1,5.0,Good,Medium,Postgraduate,High,No,91.0,69.0
Female,20.0,93.0,21.0,7.0,2.5,3,5.0,Good,High,College,Low,No,67.0,68.0
Female,20.0,87.0,20.0,8.0,2.5,1,5.0,Good,Medium,College,High,No,56.0,64.0
Male,20.0,87.0,26.0,7.0,2.5,2,5.0,Good,Medium,High School,High,No,81.0,70.0
Female,20.0,69.0,26.0,7.0,2.5,4,5.0,Good,Medium,Postgraduate,Low,No,95.0,67.0
Male,20.0,99.0,23.0,6.0,2.5,3,5.0,Good,Medium,High School,Medium,No,59.0,68.0
Female,20.0,94.0,18.0,8.0,2.5,3,5.0,Good,Medium,College,High,No,51.0,67.0
Female,20.0,92.0,24.0,5.0,2.5,2,5.0,Good,Low,Postgraduate,Medium,No,94.0,73.0
Male,20.0,73.0,19.0,7.0,2.5,3,5.0,Good,Medium,High School,Medium,No,85.0,65.0
Male,20.0,81.0,14.0,9.0,2.5,3,5.0,Good,Medium,Postgraduate,High,No,90.0,69.0
Male,20.0,65.0,18.0,6.0,2.5,3,5.0,Good,Medium,Postgraduate,Medium,No,53.0,63.0
Female,20.0,82.0,21.0,5.0,2.5,4,5.0,Good,Medium,High School,Low,No,95.0,68.0
Female,20.0,66.0,25.0,4.0,2.5,3,5.0,Good,High,High School,Medium,No,71.0,64.0
Female,20.0,82.0,19.0,8.0,2.5,4,5.0,Good,Medium,Postgraduate,Low,No,95.0,68.0
Male,20.0,86.0,13.0,8.0,2.5,4,5.0,Good,Medium,High School,Low,No,53.0,66.0
Male,20.0,76.0,20.0,6.0,2.5,3,5.0,Good,Low,High School,Low,No,94.0,65.0
Female,20.0,80.0,21.0,5.0,2.5,2,5.0,Good,Low,Postgraduate,Low,No,84.0,69.0
Male,20.0,95.0,21.0,7.0,2.5,2,5.0,Good,High,High School,Low,No,78.0,69.0
Male,20.0,64.0,26.0,9.0,2.5,4,5.0,Good,Medium,College,Low,No,53.0,64.0
Male,20.0,92.0,26.0,5.0,2.5,2,5.0,Good,High,Postgraduate,Medium,No,84.0,74.0
Female,20.0,67.0,16.0,9.0,2.5,3,5.0,Good,Medium,High School,Low,No,80.0,64.0
Female,20.0,61.0,16.0,4.0,2.5,4,5.0,Good,Medium,High School,Medium,No,86.0,63.0
Female,20.0,67.0,14.0,5.0,2.5,4,5.0,Good,Medium,College,High,No,86.0,64.0
Male,20.0,91.0,24.0,7.0,2.5,3,5.0,Good,Medium,High School,Medium,No,72.0,71.0
Female,20.0,76.0,29.0,8.0,2.5,3,5.0,Good,Medium,High School,Medium,No,60.0,68.0
Female,20.0,95.0,18.0,9.0,2.5,4,5.0,Good,Low,College,Medium,No,96.0,72.0
Male,20.0,81.0,19.0,8.0,2.5,4,5.0,Good,High,Postgraduate,Low,No,96.0,67.0
Male,20.0,61.0,29.0,9.0,2.5,3,5.0,Good,Medium,High School,Low,No,61.0,64.0
Male,20.0,89.0,23.0,7.0,2.5,1,5.0,Good,Medium,College,High,No,82.0,70.0
Female,20.0,64.0,23.0,6.0,2.5,3,5.0,Good,Low,College,Medium,No,60.0,65.0
Male,20.0,92.0,13.0,9.0,2.5,2,5.0,Good,High,College,High,No,93.0,69.0
Male,20.0,67.0,24.0,9.0,2.5,2,5.0,Good,High,College,Low,No,55.0,65.0
Male,20.0,74.0,14.0,8.0,2.5,3,5.0,Good,Medium,College,Low,No,100.0,66.0
Female,20.0,90.0,13.0,8.0,2.5,3,5.0,Good,Medium,High School,Medium,No,81.0,67.0
Male,20.0,98.0,18.0,9.0,2.5,4,5.0,Good,Medium,College,High,No,51.0,68.0
Male,20.0,75.0,16.0,8.0,2.5,3,5.0,Good,Medium,High School,Medium,No,94.0,65.0
Male,20.0,93.0,19.0,7.0,2.5,2,5.0,Good,High,College,Medium,No,84.0,68.0
Male,20.0,68.0,11.0,8.0,2.5,2,5.0,Good,High,College,Medium,No,85.0,63.0
Male,20.0,92.0,26.0,8.0,2.5,5,5.0,Good,Medium,High School,Medium,No,64.0,71.0
Male,20.0,86.0,27.0,8.0,2.5,4,5.0,Good,Medium,College,Low,No,67.0,71.0
Female,20.0,68.0,8.0,7.0,2.5,3,5.0,Good,Medium,Postgraduate,Low,No,96.0,65.0
Female,20.0,72.0,26.0,8.0,2.5,2,5.0,Good,Medium,Postgraduate,Medium,No,82.0,65.0
Female,20.0,65.0,15.0,8.0,2.5,3,5.0,Good,Medium,High School,High,No,51.0,61.0
Male,20.0,75.0,25.0,7.0,2.5,4,5.0,Good,Low,High School,Low,No,66.0,68.0
Female,20.0,68.0,20.0,6.0,2.5,4,5.0,Good,Low,College,Low,No,80.0,65.0
Male,20.0,86.0,20.0,9.0,2.5,4,5.0,Good,Medium,High School,Medium,No,57.0,66.0
Male,20.0,100.0,19.0,5.0,2.5,4,5.0,Good,Low,High School,Low,No,55.0,69.0
Female,20.0,60.0,27.0,6.0,2.5,2,5.0,Good,Low,High School,Low,No,53.0,65.0
Female,20.0,82.0,13.0,7.0,2.5,3,5.0,Good,Medium,High School,Low,No,82.0,65.0
Male,20.0,83.0,24.0,4.0,2.5,4,5.0,Good,High,Postgraduate,Medium,No,66.0,70.0
Female,20.0,97.0,27.0,9.0,2.5,2,5.0,Good,Medium,High School,Low,No,69.0,70.0
Female,20.0,80.0,24.0,7.0,2.5,4,5.0,Good,Medium,High School,Low,No,53.0,67.0
Female,20.0,82.0,34.0,9.0,2.5,4,5.0,Good,High,High School,Low,No,87.0,75.0
Female,20.0,79.0,17.0,10.0,2.5,3,5.0,Good,Low,High School,Medium,No,88.0,65.0
Female,20.0,71.0,26.0,7.0,2.5,3,5.0,Good,Medium,High School,Low,No,91.0,66.0
Male,20.0,62.0,19.0,9.0,2.5,3,5.0,Good,High,College,Medium,No,83.0,67.0
Male,20.0,76.0,27.0,5.0,2.5,4,5.0,Good,Low,Postgraduate,Low,No,89.0,67.0
Female,20.0,62.0,20.0,8.0,2.5,1,5.0,Good,High,High School,Low,No,79.0,62.0
Male,20.0,82.0,18.0,6.0,2.5,4,5.0,Good,Medium,College,Low,No,75.0,66.0
Male,20.0,72.0,28.0,8.0,2.5,2,5.0,Good,Low,High School,Low,No,63.0,66.0
Male,20.0,81.0,17.0,8.0,2.5,2,5.0,Good,High,High School,Medium,No,53.0,64.0
Male,20.0,65.0,12.0,7.0,2.5,2,5.0,Good,Medium,High School,Medium,No,65.0,60.0
Female,20.0,97.0,17.0,8.0,2.5,3,5.0,Good,Medium,Postgraduate,Low,No,84.0,70.0
Female,20.0,96.0,24.0,8.0,2.5,3,5.0,Good,Medium,College,Low,No,96.0,72.0
Male,20.0,68.0,28.0,7.0,2.5,2,5.0,Good,Medium,College,Low,No,63.0,67.0
Female,20.0,74.0,21.0,10.0,2.5,3,5.0,Good,Low,High School,High,No,83.0,67.0
Female,20.0,85.0,28.0,7.0,2.5,3,5.0,Good,Medium,Postgraduate,Medium,No,74.0,72.0
Male,20.0,64.0,12.0,9.0,2.5,3,5.0,Good,Medium,High School,High,No,81.0,63.0
Female,20.0,74.0,17.0,9.0,2.5,2,5.0,Good,Medium,High School,Low,No,50.0,60.0
Male,20.0,70.0,18.0,4.0,2.5,4,5.0,Good,Medium,High School,High,No,56.0,65.0
Male,20.0,97.0,19.0,9.0,2.5,1,5.0,Good,High,Postgraduate,Medium,No,61.0,72.0
Male,20.0,94.0,21.0,9.0,2.5,3,5.0,Good,Low,High School,Medium,No,95.0,70.0
Female,20.0,83.0,24.0,7.0,2.5,4,5.0,Good,High,College,Medium,No,52.0,71.0
Male,20.0,81.0,17.0,8.0,2.5,4,5.0,Good,Low,College,Low,No,78.0,66.0
Female,20.0,97.0,21.0,8.0,2.5,4,5.0,Good,High,College,Low,No,96.0,72.0
Female,20.0,97.0,20.0,9.0,2.5,3,5.0,Good,High,Postgraduate,Medium,No,83.0,73.0
Male,20.0,99.0,14.0,6.0,2.5,3,5.0,Good,Medium,College,Medium,No,74.0,71.0
Male,20.0,65.0,19.0,9.0,2.5,2,5.0,Good,Medium,College,Low,No,69.0,64.0
Male,20.0,66.0,19.0,5.0,2.5,3,5.0,Good,Medium,College,High,No,81.0,66.0
Male,20.0,87.0,19.0,4.0,2.5,3,5.0,Good,High,College,High,No,74.0,69.0
Female,20.0,82.0,20.0,8.0,2.5,3,5.0,Good,Low,Postgraduate,Medium,No,85.0,66.0
Male,20.0,61.0,20.0,9.0,2.5,2,5.0,Good,Medium,High School,High,No,81.0,63.0
Male,20.0,62.0,17.0,7.0,2.5,3,5.0,Good,Medium,High School,Medium,No,78.0,62.0
Male,20.0,96.0,28.0,4.0,2.5,3,5.0,Good,High,High School,High,No,98.0,98.0
Female,20.0,95.0,13.0,5.0,2.5,2,5.0,Good,Low,College,Medium,No,92.0,71.0
Female,20.0,74.0,16.0,8.0,2.5,4,5.0,Good,Medium,Postgraduate,Low,No,80.0,66.0
Female,20.0,96.0,37.0,7.0,2.5,3,5.0,Good,Medium,High School,Medium,No,77.0,75.0
Female,20.0,84.0,14.0,9.0,2.5,4,5.0,Good,High,High School,Low,No,86.0,68.0
Male,20.0,92.0,12.0,7.0,2.5,5,5.0,Good,Medium,High School,Medium,No,90.0,69.0
Male,20.0,77.0,24.0,6.0,2.5,3,5.0,Good,High,High School,Medium,No,65.0,68.0
Female,20.0,65.0,8.0,7.0,2.5,4,5.0,Good,Low,High School,Medium,No,83.0,60.0
Female,20.0,77.0,19.0,9.0,2.5,3,5.0,Good,Low,High School,Medium,No,57.0,64.0
Male,20.0,78.0,33.0,9.0,2.5,3,5.0,Good,Medium,High School,Medium,No,72.0,71.0
Male,20.0,82.0,11.0,7.0,2.5,3,5.0,Good,Low,College,High,No,97.0,69.0
Male,20.0,64.0,8.0,7.0,2.5,3,5.0,Good,Medium,College,Low,No,66.0,60.0
Female,20.0,100.0,11.0,8.0,2.5,3,5.0,Good,High,College,Low,No,58.0,70.0
Male,20.0,70.0,25.0,6.0,2.5,3,5.0,Good,Medium,High School,Medium,No,57.0,66.0
Male,20.0,68.0,27.0,8.0,2.5,3,5.0,Good,High,Postgraduate,Medium,No,70.0,68.0
Female,20.0,81.0,17.0,7.0,2.5,2,5.0,Good,Medium,College,High,No,61.0,67.0
Male,20.0,81.0,24.0,7.0,2.5,3,5.0,Good,High,College,Medium,No,71.0,70.0
Male,20.0,78.0,28.0,7.0,2.5,2,5.0,Good,Low,College,Low,No,86.0,69.0
Male,20.0,91.0,31.0,7.0,2.5,3,5.0,Good,High,High School,High,No,94.0,75.0
Male,20.0,81.0,19.0,10.0,2.5,3,5.0,Good,Low,High School,Medium,No,56.0,65.0
Male,20.0,84.0,6.0,6.0,2.5,5,5.0,Good,Medium,Postgraduate,Low,No,88.0,65.0
Male,20.0,89.0,15.0,6.0,2.5,4,5.0,Good,Medium,Postgraduate,Medium,No,55.0,66.0
Male,20.0,61.0,17.0,9.0,2.5,3,5.0,Good,High,High School,Medium,No,69.0,64.0
Female,20.0,83.0,18.0,8.0,2.5,2,5.0,Good,Medium,High School,Low,No,100.0,66.0
Female,20.0,95.0,19.0,8.0,2.5,1,5.0,Good,Medium,High School,Low,No,53.0,70.0
Male,20.0,61.0,27.0,5.0,2.5,1,5.0,Good,High,College,Low,No,51.0,63.0
Male,20.0,76.0,28.0,7.0,2.5,4,5.0,Good,High,College,High,No,67.0,66.0
Female,20.0,97.0,19.0,8.0,2.5,3,5.0,Good,Low,College,Medium,No,98.0,71.0
Male,20.0,74.0,27.0,6.0,2.5,4,5.0,Good,High,High School,Medium,No,51.0,68.0
Male,20.0,78.0,22.0,8.0,2.5,5,5.0,Good,Medium,High School,High,No,61.0,68.0
Male,20.0,99.0,20.0,7.0,2.5,3,5.0,Good,High,Postgraduate,Medium,No,80.0,71.0
Female,20.0,68.0,25.0,6.0,2.5,4,5.0,Good,Low,College,Low,No,62.0,63.0
Male,20.0,63.0,20.0,9.0,2.5,4,5.0,Good,Low,High School,Medium,No,53.0,60.0
Female,20.0,94.0,32.0,9.0,2.5,3,5.0,Good,Medium,High School,Medium,No,53.0,73.0
Female,20.0,95.0,11.0,7.0,2.5,4,5.0,Good,Low,High School,Medium,No,78.0,68.0
Female,20.0,79.0,17.0,8.0,2.5,5,5.0,Good,Medium,High School,High,No,78.0,70.0
Male,20.0,81.0,19.0,9.0,2.5,1,5.0,Good,Medium,High School,Low,No,85.0,66.0
Female,20.0,93.0,23.0,6.0,2.5,2,5.0,Good,Medium,Postgraduate,High,No,57.0,72.0
Male,20.0,90.0,28.0,8.0,2.5,3,5.0,Good,Medium,High School,Low,No,75.0,70.0
Male,20.0,71.0,20.0,6.0,2.5,3,5.0,Good,Medium,High School,High,No,80.0,68.0
Male,20.0,61.0,11.0,5.0,2.5,0,5.0,Good,Medium,Postgraduate,Medium,No,61.0,60.0
Male,20.0,79.0,25.0,6.0,2.5,3,5.0,Good,Low,High School,Low,No,77.0,68.0
Female,20.0,94.0,25.0,5.0,2.5,2,5.0,Good,High,College,Medium,No,85.0,74.0
Male,20.0,96.0,8.0,8.0,2.5,4,5.0,Good,High,High School,High,No,100.0,68.0
Male,20.0,98.0,20.0,6.0,2.5,4,5.0,Good,Low,College,Medium,No,80.0,72.0
Male,20.0,95.0,10.0,5.0,2.5,3,5.0,Good,High,High School,Low,No,93.0,69.0
Female,20.0,83.0,16.0,8.0,2.5,4,5.0,Good,Low,Postgraduate,High,No,92.0,98.0
Male,20.0,78.0,15.0,8.0,2.5,4,5.0,Good,Medium,Postgraduate,Medium,No,97.0,68.0
Female,20.0,91.0,25.0,7.0,2.5,5,5.0,Good,Medium,High School,Medium,No,86.0,70.0
Female,20.0,90.0,21.0,8.0,2.5,4,5.0,Good,Medium,Postgraduate,High,No,61.0,69.0
Female,20.0,82.0,12.0,6.0,2.5,3,5.0,Good,Low,High School,Medium,No,65.0,64.0
Male,20.0,63.0,25.0,6.0,2.5,4,5.0,Good,High,High School,Medium,No,89.0,65.0
Female,20.0,97.0,11.0,8.0,2.5,2,5.0,Good,High,High School,Medium,No,76.0,69.0
Male,20.0,78.0,22.0,9.0,2.5,4,5.0,Good,High,High School,Medium,No,63.0,67.0
Female,20.0,75.0,15.0,6.0,2.5,2,5.0,Good,Low,High School,High,No,83.0,65.0
Female,20.0,85.0,18.0,6.0,2.5,4,5.0,Good,High,College,Low,No,95.0,70.0
Male,20.0,87.0,23.0,8.0,2.5,3,5.0,Good,Medium,College,High,No,68.0,68.0
Female,20.0,68.0,23.0,8.0,2.5,1,5.0,Good,Medium,High School,Medium,No,80.0,65.0
Male,20.0,93.0,28.0,7.0,2.5,4,5.0,Good,High,Postgraduate,Medium,No,79.0,74.0
Male,20.0,72.0,20.0,9.0,2.5,2,5.0,Good,Medium,High School,High,No,56.0,65.0
Male,20.0,67.0,22.0,10.0,2.5,2,5.0,Good,Medium,High School,Low,No,55.0,65.0
Female,20.0,76.0,17.0,8.0,2.5,4,5.0,Good,Medium,High School,Medium,No,94.0,68.0
Female,20.0,89.0,21.0,6.0,2.5,3,5.0,Good,Medium,Postgraduate,Low,No,97.0,68.0
Female,20.0,99.0,23.0,8.0,2.5,4,5.0,Good,High,High School,Medium,No,95.0,74.0
Female,20.0,92.0,19.0,6.0,2.5,3,5.0,Good,High,High School,Medium,No,70.0,71.0
Male,20.0,98.0,9.0,9.0,2.5,3,5.0,Good,Medium,High School,Low,No,64.0,67.0
Female,20.0,66.0,22.0,6.0,2.5,3,5.0,Good,Low,High School,High,No,97.0,64.0
Male,20.0,63.0,22.0,7.0,2.5,3,5.0,Good,Medium,High School,Medium,No,94.0,61.0
Female,20.0,82.0,16.0,6.0,2.5,3,5.0,Good,Medium,High School,Low,No,91.0,66.0
Female,20.0,72.0,12.0,7.0,2.5,2,5.0,Good,Low,High School,Low,No,67.0,61.0
Male,20.0,93.0,29.0,7.0,2.5,3,5.0,Good,Medium,High School,Low,No,82.0,73.0
Male,20.0,87.0,23.0,8.0,2.5,3,5.0,Good,High,High School,Medium,No,88.0,70.0
Male,20.0,99.0,19.0,7.0,2.5,2,5.0,Good,Medium,Postgraduate,Low,No,79.0,70.0
Female,20.0,70.0,13.0,7.0,2.5,4,5.0,Good,High,College,High,No,80.0,63.0
Male,20.0,79.0,15.0,6.0,2.5,3,5.0,Good,Medium,Postgraduate,High,No,88.0,69.0
Male,20.0,80.0,28.0,7.0,2.5,2,5.0,Good,Medium,High School,High,No,88.0,72.0
Female,20.0,70.0,21.0,5.0,2.5,2,5.0,Good,Medium,High School,Low,No,62.0,66.0
Male,20.0,84.0,17.0,9.0,2.5,4,5.0,Good,Medium,High School,High,No,70.0,68.0
Male,20.0,78.0,23.0,7.0,2.5,3,5.0,Good,Medium,High School,Medium,No,89.0,67.0
Female,20.0,78.0,15.0,9.0,2.5,3,5.0,Good,Medium,Postgraduate,Medium,No,63.0,65.0
Male,20.0,75.0,29.0,7.0,2.5,3,5.0,Good,Low,High School,Low,No,96.0,68.0
Female,20.0,61.0,28.0,4.0,2.5,4,5.0,Good,Low,College,Medium,No,92.0,68.0
Male,20.0,81.0,17.0,6.0,2.5,3,5.0,Good,High,High School,Medium,No,95.0,69.0
Male,20.0,73.0,16.0,7.0,2.5,4,5.0,Good,Low,College,Medium,No,65.0,66.0
Male,20.0,60.0,4.0,7.0,2.5,2,5.0,Good,Medium,Postgraduate,Low,No,55.0,58.0
Male,20.0,72.0,11.0,8.0,2.5,3,5.0,Good,High,College,Medium,No,55.0,60.0
Female,20.0,71.0,12.0,7.0,2.5,4,5.0,Good,High,College,Low,No,78.0,67.0
Female,20.0,76.0,21.0,6.0,2.5,2,5.0,Good,Low,High School,Low,No,65.0,65.0
Male,20.0,65.0,18.0,6.0,2.5,2,5.0,Good,High,High School,Low,No,63.0,62.0
Male,20.0,80.0,12.0,6.0,2.5,2,5.0,Good,Medium,High School,High,No,61.0,65.0
Male,20.0,88.0,18.0,8.0,2.5,2,5.0,Good,Medium,College,Medium,No,78.0,69.0
Male,20.0,85.0,23.0,8.0,2.5,4,5.0,Good,Medium,College,High,No,77.0,70.0
Male,20.0,92.0,23.0,6.0,2.5,2,5.0,Good,High,High School,Low,No,71.0,70.0
Female,20.0,78.0,9.0,9.0,2.5,5,5.0,Good,Low,High School,Low,No,57.0,63.0
Male,20.0,81.0,19.0,8.0,2.5,4,5.0,Good,High,Postgraduate,Medium,No,96.0,69.0
Male,20.0,92.0,12.0,6.0,2.5,4,5.0,Good,Low,High School,Medium,No,71.0,64.0
Male,20.0,77.0,25.0,7.0,2.5,3,5.0,Good,Medium,Postgraduate,Low,No,56.0,69.0
Male,20.0,88.0,25.0,8.0,2.5,2,5.0,Good,Low,High School,Medium,No,52.0,70.0
Female,20.0,77.0,15.0,5.0,2.5,3,5.0,Good,Medium,College,Low,No,58.0,64.0
Male,20.0,77.0,15.0,5.0,2.5,4,5.0,Good,Low,Postgraduate,Low,No,65.0,65.0
Male,20.0,90.0,17.0,8.0,2.5,4,5.0,Good,Medium,College,Medium,No,82.0,70.0
Male,20.0,67.0,6.0,6.0,2.5,2,5.0,Good,Low,College,Medium,No,99.0,60.0
Female,20.0,74.0,22.0,9.0,2.5,3,5.0,Good,High,High School,Medium,No,64.0,68.0
Male,20.0,69.0,18.0,10.0,2.5,1,5.0,Good,Low,High School,Low,No,89.0,61.0
Female,20.0,74.0,26.0,8.0,2.5,3,5.0,Good,Medium,High School,Medium,No,96.0,68.0
Male,20.0,69.0,13.0,8.0,2.5,3,5.0,Good,Medium,High School,High,No,70.0,61.0
Female,20.0,83.0,16.0,5.0,2.5,3,5.0,Good,Low,High School,High,No,63.0,64.0
Female,20.0,92.0,11.0,5.0,2.5,3,5.0,Good,Medium,High School,Medium,No,75.0,66.0
Male,20.0,91.0,14.0,7.0,2.5,2,5.0,Good,Medium,High School,High,No,95.0,70.0
Female,20.0,75.0,13.0,5.0,2.5,3,5.0,Good,Medium,High School,Medium,No,51.0,65.0
Female,20.0,100.0,26.0,7.0,2.5,2,5.0,Good,High,High School,Medium,No,74.0,74.0
Male,20.0,84.0,16.0,6.0,2.5,1,5.0,Good,Low,High School,Medium,No,88.0,66.0
Male,20.0,76.0,21.0,7.0,2.5,2,5.0,Good,High,College,Low,No,80.0,65.0
Female,20.0,93.0,18.0,7.0,2.5,1,5.0,Good,High,College,High,No,75.0,69.0
Female,20.0,89.0,12.0,8.0,2.5,5,5.0,Good,Low,Postgraduate,Low,No,78.0,69.0
Female,20.0,90.0,19.0,7.0,2.5,2,5.0,Good,Medium,High School,Medium,No,81.0,69.0
Female,20.0,68.0,24.0,6.0,2.5,4,5.0,Good,Medium,High School,Low,No,84.0,66.0
Female,20.0,79.0,13.0,5.0,2.5,3,5.0,Good,Medium,High School,High,No,68.0,63.0
Female,20.0,94.0,25.0,7.0,2.5,2,5.0,Good,Medium,High School,Low,No,76.0,69.0
Male,20.0,80.0,15.0,4.0,2.5,1,5.0,Good,Medium,High School,Medium,No,64.0,65.0
Male,20.0,87.0,17.0,9.0,2.5,3,5.0,Good,Medium,High School,Medium,No,99.0,67.0
Female,20.0,84.0,23.0,8.0,2.5,4,5.0,Good,Low,Postgraduate,Low,No,59.0,66.0
Male,20.0,94.0,16.0,8.0,2.5,3,5.0,Good,Medium,College,Low,No,58.0,67.0
Male,20.0,71.0,20.0,6.0,2.5,2,5.0,Good,High,College,Low,No,63.0,65.0
Female,20.0,83.0,18.0,8.0,2.5,4,5.0,Good,Low,Postgraduate,Medium,No,96.0,69.0
Male,20.0,65.0,21.0,6.0,2.5,5,5.0,Good,Medium,High School,Low,No,83.0,65.0
Male,20.0,88.0,6.0,7.0,2.5,3,5.0,Good,Medium,College,Low,No,73.0,67.0
Male,20.0,89.0,9.0,6.0,2.5,4,5.0,Good,Medium,High School,High,No,96.0,66.0
Female,20.0,62.0,24.0,7.0,2.5,3,5.0,Good,Medium,College,High,No,95.0,64.0
Female,20.0,87.0,26.0,5.0,2.5,2,5.0,Good,Low,High School,Low,No,70.0,70.0
Male,20.0,77.0,15.0,7.0,2.5,3,5.0,Good,Medium,High School,Low,No,78.0,65.0
Male,20.0,65.0,19.0,5.0,2.5,4,5.0,Good,Medium,College,Medium,No,95.0,65.0
Male,20.0,77.0,22.0,10.0,2.5,3,5.0,Good,Medium,College,Low,No,66.0,64.0
Male,20.0,68.0,24.0,7.0,2.5,3,5.0,Good,Low,College,Low,No,70.0,64.0
Male,20.0,77.0,8.0,7.0,2.5,0,5.0,Good,Low,High School,Medium,No,90.0,61.0
Male,20.0,75.0,15.0,8.0,2.5,3,5.0,Good,Medium,High School,Low,No,85.0,65.0
Male,20.0,90.0,18.0,5.0,2.5,3,5.0,Good,Low,High School,Medium,No,52.0,68.0
Male,20.0,91.0,24.0,6.0,2.5,2,5.0,Good,Medium,College,Low,No,56.0,70.0
Male,20.0,84.0,35.0,8.0,2.5,4,5.0,Good,High,High School,Low,No,92.0,74.0
Female,20.0,61.0,19.0,7.0,2.5,1,5.0,Good,Low,High School,Low,No,51.0,60.0
Female,20.0,97.0,12.0,6.0,2.5,2,5.0,Good,Medium,Postgraduate,Low,No,96.0,71.0
Female,20.0,87.0,22.0,8.0,2.5,3,5.0,Good,Medium,High School,Medium,No,64.0,70.0
Female,20.0,61.0,28.0,7.0,2.5,4,5.0,Good,Low,Postgraduate,Medium,No,80.0,67.0
Male,20.0,93.0,21.0,8.0,2.5,3,5.0,Good,Medium,High School,Low,No,78.0,68.0
Female,20.0,68.0,15.0,8.0,2.5,3,5.0,Good,Medium,High School,Medium,No,70.0,64.0
Male,20.0,83.0,26.0,6.0,2.5,3,5.0,Good,Medium,High School,Low,No,52.0,67.0
Female,20.0,79.0,24.0,7.0,2.5,3,5.0,Good,Low,Postgraduate,Low,No,60.0,65.0
Female,20.0,77.0,14.0,4.0,2.5,3,5.0,Good,Low,College,Medium,No,81.0,66.0
Female,20.0,96.0,22.0,6.0,2.5,4,5.0,Good,Low,College,High,No,72.0,72.0
Female,20.0,77.0,26.0,7.0,2.5,3,5.0,Good,High,High School,High,No,71.0,69.0
Female,20.0,63.0,27.0,8.0,2.5,3,5.0,Good,Low,Postgraduate,Medium,No,55.0,65.0
Female,20.0,98.0,20.0,8.0,2.5,3,5.0,Good,Medium,High School,High,No,67.0,71.0
Male,20.0,97.0,18.0,6.0,2.5,5,5.0,Good,Medium,High School,Medium,No,76.0,72.0
Female,20.0,87.0,27.0,6.0,2.5,2,5.0,Good,Medium,High School,Medium,No,54.0,70.0
Male,20.0,79.0,13.0,9.0,2.5,2,5.0,Good,Medium,College,Medium,No,53.0,63.0
Female,20.0,64.0,23.0,7.0,2.5,2,5.0,Good,Medium,High School,Medium,No,75.0,66.0
Male,20.0,92.0,12.0,7.0,2.5,2,5.0,Good,High,College,Medium,No,78.0,67.0
Male,20.0,63.0,26.0,8.0,2.5,3,5.0,Good,Low,Postgraduate,High,No,63.0,67.0
Female,20.0,63.0,18.0,7.0,2.5,2,5.0,Good,Low,College,Medium,No,66.0,62.0
Male,20.0,81.0,28.0,7.0,2.5,3,5.0,Good,High,High School,Medium,No,90.0,72.0
Female,20.0,66.0,23.0,7.0,2.5,1,5.0,Good,High,High School,High,No,93.0,69.0
Male,20.0,60.0,13.0,6.0,2.5,5,5.0,Good,Medium,College,Medium,No,66.0,61.0
Female,20.0,77.0,29.0,7.0,2.5,3,5.0,Good,High,High School,Medium,No,68.0,67.0
Female,20.0,65.0,29.0,4.0,2.5,4,5.0,Good,Medium,High School,Medium,No,92.0,66.0
Female,20.0,66.0,25.0,6.0,2.5,3,5.0,Good,Medium,College,Medium,No,99.0,68.0
Male,20.0,63.0,15.0,8.0,2.5,4,5.0,Good,High,College,Low,No,66.0,62.0
Male,20.0,68.0,18.0,8.0,2.5,3,5.0,Good,Medium,College,Medium,No,89.0,63.0
Female,20.0,89.0,21.0,9.0,2.5,4,5.0,Good,High,High School,Low,No,74.0,70.0
Male,20.0,92.0,16.0,8.0,2.5,4,5.0,Good,Medium,College,Low,No,63.0,68.0
Male,20.0,78.0,30.0,8.0,2.5,1,5.0,Good,Medium,College,High,No,84.0,71.0
Female,20.0,80.0,21.0,7.0,2.5,2,5.0,Good,Medium,High School,Medium,No,73.0,65.0
Male,20.0,61.0,4.0,6.0,2.5,3,5.0,Good,Medium,High School,Medium,No,63.0,59.0
Male,20.0,63.0,22.0,8.0,2.5,4,5.0,Good,Medium,High School,Medium,No,55.0,64.0
Male,20.0,70.0,18.0,7.0,2.5,3,5.0,Good,Medium,College,Medium,No,93.0,67.0
Male,20.0,82.0,20.0,6.0,2.5,2,5.0,Good,Medium,High School,Low,No,94.0,68.0
Female,20.0,90.0,18.0,6.0,2.5,3,5.0,Good,Low,High School,Medium,No,54.0,95.0
Male,20.0,84.0,25.0,7.0,2.5,3,5.0,Good,High,High School,Low,No,83.0,70.0
Female,20.0,76.0,27.0,9.0,2.5,3,5.0,Good,Medium,College,Medium,No,58.0,68.0
Male,20.0,65.0,22.0,7.0,2.5,4,5.0,Good,Medium,College,Medium,No,82.0,65.0
Male,20.0,91.0,18.0,7.0,2.5,2,5.0,Good,Medium,Postgraduate,Low,No,95.0,70.0
Male,20.0,75.0,20.0,8.0,2.5,3,5.0,Good,Medium,Postgraduate,Medium,No,63.0,67.0
Male,20.0,89.0,20.0,8.0,2.5,2,5.0,Good,Medium,College,Low,No,67.0,69.0
Female,20.0,81.0,15.0,7.0,2.5,2,5.0,Good,High,Postgraduate,Low,No,90.0,68.0
Female,20.0,90.0,23.0,7.0,2.5,2,5.0,Good,High,High School,Low,No,87.0,72.0
Male,20.0,96.0,23.0,6.0,2.5,2,5.0,Good,Medium,High School,Medium,No,70.0,71.0
Female,20.0,97.0,29.0,9.0,2.5,4,5.0,Good,Medium,High School,Low,No,92.0,75.0
Male,20.0,81.0,28.0,6.0,2.5,2,5.0,Good,Medium,High School,Medium,No,96.0,70.0
Male,20.0,80.0,16.0,9.0,2.5,4,5.0,Good,Medium,College,Medium,No,73.0,66.0
Male,20.0,71.0,25.0,7.0,2.5,3,5.0,Good,High,High School,Low,No,52.0,67.0
Female,20.0,97.0,14.0,7.0,2.5,4,5.0,Good,High,College,Medium,No,75.0,70.0
Male,20.0,78.0,24.0,8.0,2.5,3,5.0,Good,Medium,High School,Medium,No,87.0,71.0
Female,20.0,65.0,17.0,6.0,2.5,4,5.0,Good,Medium,High School,Low,No,61.0,64.0
Male,20.0,77.0,14.0,8.0,2.5,4,5.0,Good,High,High School,High,No,55.0,65.0
Male,20.0,65.0,22.0,7.0,2.5,2,5.0,Good,High,High School,Medium,No,64.0,64.0
Male,20.0,80.0,4.0,8.0,2.5,5,5.0,Good,Medium,High School,Medium,No,51.0,62.0
Female,20.0,82.0,9.0,6.0,2.5,2,5.0,Good,Medium,College,Low,No,86.0,64.0
Female,20.0,74.0,19.0,6.0,2.5,2,5.0,Good,High,High School,Medium,No,57.0,66.0
Male,20.0,63.0,20.0,4.0,2.5,3,5.0,Good,Low,College,High,No,86.0,64.0
Female,20.0,98.0,18.0,6.0,2.5,3,5.0,Good,Low,High School,Medium,No,62.0,71.0
Male,20.0,91.0,11.0,6.0,2.5,2,5.0,Good,Low,Postgraduate,Low,No,100.0,68.0
Female,20.0,94.0,15.0,6.0,2.5,4,5.0,Good,Low,College,High,No,77.0,70.0
Female,20.0,75.0,22.0,7.0,2.5,3,5.0,Good,High,College,Low,No,52.0,66.0
Female,20.0,90.0,23.0,7.0,2.5,4,5.0,Good,Low,College,High,No,89.0,71.0
Female,20.0,79.0,20.0,8.0,2.5,3,5.0,Good,Medium,College,Medium,No,71.0,68.0
Male,20.0,68.0,27.0,8.0,2.5,4,5.0,Good,High,High School,Medium,No,80.0,66.0
Female,20.0,65.0,22.0,8.0,2.5,3,5.0,Good,High,High School,Medium,No,98.0,66.0
Male,20.0,74.0,16.0,8.0,2.5,3,5.0,Good,Medium,College,Low,No,76.0,65.0
Male,20.0,66.0,18.0,7.0,2.5,4,5.0,Good,Medium,Postgraduate,Medium,No,90.0,64.0
Male,20.0,100.0,12.0,7.0,2.5,2,5.0,Good,Medium,High School,Low,No,65.0,67.0
Male,20.0,62.0,19.0,8.0,2.5,3,5.0,Good,Low,College,High,No,86.0,65.0
Male,20.0,78.0,27.0,8.0,2.5,2,5.0,Good,Low,Postgraduate,High,No,55.0,69.0
Male,20.0,78.0,24.0,5.0,2.5,2,5.0,Good,Low,College,Low,No,95.0,69.0
Male,20.0,72.0,28.0,7.0,2.5,3,5.0,Good,Medium,Postgraduate,High,No,60.0,69.0
Male,20.0,83.0,18.0,4.0,2.5,4,5.0,Good,Low,College,Low,No,65.0,68.0
Female,20.0,66.0,28.0,4.0,2.5,3,5.0,Good,Medium,High School,Medium,No,98.0,67.0
Male,20.0,91.0,19.0,6.0,2.5,3,5.0,Good,High,College,Low,No,58.0,68.0
Female,20.0,73.0,29.0,7.0,2.5,4,5.0,Good,Medium,Postgraduate,Low,No,63.0,65.0
Male,20.0,84.0,20.0,6.0,2.5,3,5.0,Good,Medium,College,Medium,No,79.0,69.0
Male,20.0,89.0,24.0,4.0,2.5,3,5.0,Good,High,Postgraduate,High,No,99.0,73.0
Male,20.0,96.0,29.0,8.0,2.5,3,5.0,Good,Low,Postgraduate,High,No,85.0,76.0
Male,20.0,93.0,19.0,6.0,2.5,3,5.0,Good,Medium,College,Low,No,56.0,69.0
Female,20.0,84.0,21.0,8.0,2.5,1,5.0,Good,Low,Postgraduate,High,No,87.0,69.0
Female,20.0,76.0,28.0,6.0,2.5,2,5.0,Good,Medium,High School,Low,No,71.0,68.0
Male,20.0,80.0,19.0,6.0,2.5,3,5.0,Good,Medium,High School,Medium,No,100.0,70.0
Male,20.0,91.0,12.0,8.0,2.5,4,5.0,Good,Low,High School,Low,No,81.0,64.0
Female,20.0,95.0,33.0,6.0,2.5,3,5.0,Good,Low,High School,High,No,77.0,73.0
Male,20.0,64.0,17.0,7.0,2.5,3,5.0,Good,High,High School,Medium,No,78.0,64.0
Male,20.0,75.0,21.0,7.0,2.5,4,5.0,Good,Medium,High School,Medium,No,82.0,65.0
Female,20.0,91.0,27.0,5.0,2.5,3,5.0,Good,Medium,High School,Medium,No,87.0,69.0
Male,20.0,77.0,16.0,8.0,2.5,3,5.0,Good,Medium,Postgraduate,Medium,No,54.0,62.0
Female,20.0,73.0,14.0,6.0,2.5,4,5.0,Good,High,High School,Medium,No,57.0,64.0
Female,20.0,76.0,22.0,5.0,2.5,3,5.0,Good,Low,High School,Medium,No,65.0,64.0
Male,20.0,84.0,9.0,6.0,2.5,2,5.0,Good,Medium,High School,High,No,74.0,67.0
Male,20.0,100.0,18.0,8.0,2.5,3,5.0,Good,High,College,Low,No,66.0,69.0
Male,20.0,80.0,21.0,5.0,2.5,3,5.0,Good,Medium,High School,High,No,61.0,67.0
Male,20.0,68.0,18.0,8.0,2.5,3,5.0,Good,Medium,High School,High,No,96.0,65.0
Female,20.0,67.0,11.0,8.0,2.5,3,5.0,Good,High,College,High,No,52.0,63.0
Female,20.0,62.0,30.0,7.0,2.5,5,5.0,Good,Medium,College,High,No,97.0,66.0
Male,20.0,82.0,21.0,7.0,2.5,3,5.0,Good,High,High School,High,No,95.0,70.0
Male,20.0,82.0,29.0,7.0,2.5,2,5.0,Good,Low,High School,Low,No,84.0,70.0
Male,20.0,68.0,18.0,8.0,2.5,3,5.0,Good,High,College,High,No,52.0,67.0
Male,20.0,88.0,15.0,6.0,2.5,4,5.0,Good,Medium,Postgraduate,High,No,61.0,65.0
Female,20.0,90.0,22.0,5.0,2.5,2,5.0,Good,Medium,College,Low,No,99.0,70.0
Female,20.0,70.0,19.0,7.0,2.5,3,5.0,Good,High,College,Medium,No,95.0,66.0
Male,20.0,74.0,13.0,8.0,2.5,2,5.0,Good,High,High School,High,No,98.0,66.0
Male,20.0,100.0,29.0,8.0,2.5,5,5.0,Good,Low,High School,Low,No,100.0,72.0
Female,20.0,75.0,16.0,10.0,2.5,4,5.0,Good,High,College,Low,No,53.0,64.0
Male,20.0,90.0,9.0,7.0,2.5,4,5.0,Good,Low,High School,High,No,79.0,70.0
Female,20.0,78.0,28.0,7.0,2.5,3,5.0,Good,Low,Postgraduate,Medium,No,92.0,71.0
Male,20.0,92.0,17.0,7.0,2.5,3,5.0,Good,Low,High School,Low,No,66.0,66.0
Female,20.0,91.0,16.0,6.0,2.5,2,5.0,Good,High,Postgraduate,High,No,72.0,70.0
Female,20.0,87.0,9.0,6.0,2.5,2,5.0,Good,Medium,High School,High,No,64.0,64.0
Female,20.0,94.0,30.0,5.0,2.5,2,5.0,Good,Low,Postgraduate,High,No,52.0,70.0
Female,20.0,98.0,12.0,4.0,2.5,3,5.0,Good,Medium,High School,Medium,No,54.0,67.0
Female,20.0,83.0,20.0,6.0,2.5,4,5.0,Good,Low,High School,Medium,No,51.0,65.0
Female,20.0,69.0,25.0,7.0,2.5,2,5.0,Good,Medium,High School,High,No,76.0,68.0
Female,20.0,76.0,23.0,8.0,2.5,2,5.0,Good,Medium,High School,Low,No,81.0,69.0
Female,20.0,90.0,20.0,6.0,2.5,2,5.0,Good,Low,Postgraduate,Low,No,65.0,68.0
Female,20.0,86.0,10.0,6.0,2.5,3,5.0,Good,High,High School,Low,No,91.0,68.0
Male,20.0,67.0,15.0,9.0,2.5,4,5.0,Good,Medium,Postgraduate,Medium,No,94.0,64.0
Female,23.0,85.0,0.0,8.0,1.2,6,8.0,Average,Medium,Master,Low,No,75.0,56.2
Female,20.0,97.3,6.9,4.6,2.8,6,8.0,Average,Medium,High School,Low,No,75.0,100.0
Male,21.0,94.8,1.4,8.0,3.1,1,1.0,Poor,Medium,High School,Low,No,75.0,34.3
Female,23.0,71.0,1.0,9.2,3.9,4,1.0,Good,Medium,Master,Low,No,75.0,26.8
Female,19.0,90.9,5.0,4.9,4.4,3,1.0,Good,Medium,Master,Low,No,75.0,66.4
Male,24.0,82.9,7.2,7.4,1.3,1,4.0,Average,Medium,Master,Low,No,75.0,100.0
Female,21.0,85.8,5.6,6.5,1.5,2,4.0,Poor,Medium,Master,Low,Yes,75.0,89.8
Female,21.0,77.7,4.3,4.6,1.0,0,8.0,Average,Medium,Bachelor,Low,Yes,75.0,72.6
Female,23.0,100.0,4.4,7.1,2.2,3,1.0,Good,Medium,Bachelor,Low,No,75.0,78.9
Female,18.0,95.4,4.8,7.5,3.1,5,10.0,Good,Medium,Bachelor,Low,No,75.0,100.0
Female,19.0,77.6,4.6,5.8,3.7,1,3.0,Good,Medium,High School,Low,No,75.0,63.3
Male,23.0,71.7,3.9,7.9,2.4,2,1.0,Average,Medium,Bachelor,Low,No,75.0,74.4
Female,19.0,81.1,3.7,4.5,2.1,1,9.0,Good,Medium,Bachelor,Low,Yes,75.0,76.9
Female,19.0,89.3,3.4,4.7,2.7,4,10.0,Good,Medium,Bachelor,Low,No,75.0,75.8
Male,24.0,87.4,2.4,6.7,1.5,6,9.0,Average,Medium,Bachelor,Low,No,75.0,78.9
Male,21.0,97.5,3.1,6.5,5.0,6,7.0,Average,Medium,High School,Low,No,75.0,74.0
Male,20.0,92.9,1.0,5.6,0.6,3,8.0,Poor,Medium,High School,Low,No,75.0,55.2
Female,24.0,94.7,3.4,7.5,2.7,0,1.0,Average,Medium,High School,Low,No,75.0,70.8
Other,24.0,88.3,2.0,7.1,4.9,2,5.0,Good,Medium,High School,Low,Yes,75.0,43.9
Male,19.0,71.1,1.8,7.5,2.5,1,2.0,Average,Medium,High School,Low,No,75.0,45.3
Female,22.0,83.0,3.8,6.4,2.3,3,1.0,Good,Medium,Master,Low,No,75.0,58.5
Male,21.0,95.6,5.6,7.2,2.1,1,3.0,Good,Medium,High School,Low,No,75.0,82.5
Other,18.0,84.5,4.9,6.0,2.3,3,7.0,Average,Medium,High School,Low,No,75.0,98.7
Female,24.0,90.0,1.1,9.0,4.1,6,1.0,Good,Medium,Bachelor,Low,Yes,75.0,43.7
Female,20.0,81.8,2.0,5.5,0.0,4,2.0,Average,Medium,Bachelor,Low,Yes,75.0,54.9
Male,22.0,74.7,4.9,9.0,4.3,1,2.0,Average,Medium,High School,Low,No,75.0,69.9
Male,22.0,83.8,2.0,6.5,0.8,4,4.0,Poor,Medium,Bachelor,Low,No,75.0,73.5
Male,18.0,88.1,3.2,4.8,2.2,5,3.0,Average,Medium,Bachelor,Low,Yes,75.0,71.1
Male,24.0,78.4,4.3,8.1,2.0,5,3.0,Poor,Medium,High School,Low,Yes,75.0,82.8
Female,20.0,82.6,2.0,6.7,3.2,6,10.0,Poor,Medium,High School,Low,Yes,75.0,75.7
Female,21.0,75.6,3.7,7.5,0.6,2,5.0,Average,Medium,Master,Low,No,75.0,70.6
Other,17.0,96.2,1.5,8.0,3.1,4,3.0,Average,Medium,Bachelor,Low,Yes,75.0,51.3
Other,20.0,82.1,2.6,6.9,4.9,3,7.0,Good,Medium,Bachelor,Low,No,75.0,52.1
Female,18.0,99.5,4.0,5.8,0.9,2,5.0,Average,Medium,High School,Low,No,75.0,70.7
Female,22.0,100.0,1.1,7.7,2.7,1,4.0,Good,Medium,High School,Low,No,75.0,51.2
Female,21.0,84.2,4.2,6.5,1.7,1,3.0,Average,Medium,Bachelor,Low,Yes,75.0,72.6
Female,20.0,74.9,3.5,7.3,3.0,3,4.0,Good,Medium,High School,Low,No,75.0,70.7
Male,17.0,64.1,4.3,3.9,2.5,0,2.0,Average,Medium,High School,Low,Yes,75.0,59.4
Male,17.0,70.3,3.8,7.0,1.7,0,1.0,Good,Medium,Bachelor,Low,No,75.0,58.1
Male,19.0,71.3,5.5,5.7,3.1,1,3.0,Average,Medium,High School,Low,No,75.0,82.3
Female,19.0,98.8,3.7,8.5,4.7,6,2.0,Good,Medium,Bachelor,Low,No,75.0,69.7
Female,23.0,86.2,2.9,7.2,2.3,6,1.0,Average,Medium,Bachelor,Low,No,75.0,66.0
Male,18.0,88.9,3.7,6.8,3.4,3,1.0,Poor,Medium,High School,Low,No,75.0,63.5
Female,24.0,62.8,4.3,7.1,0.9,0,2.0,Good,Medium,Bachelor,Low,No,75.0,65.7
Female,20.0,73.0,3.6,5.3,1.4,4,9.0,Poor,Medium,High School,Low,No,75.0,78.5
Male,20.0,93.9,3.6,8.4,3.1,1,5.0,Average,Medium,Bachelor,Low,No,75.0,75.1
Male,24.0,87.9,2.4,8.9,4.3,5,9.0,Average,Medium,High School,Low,No,75.0,71.0
Female,23.0,83.5,2.5,7.0,2.9,4,8.0,Good,Medium,High School,Low,No,75.0,59.7
Female,22.0,90.6,1.4,8.4,2.1,3,6.0,Good,Medium,Bachelor,Low,No,75.0,52.6
Female,22.0,100.0,6.1,5.8,2.5,5,1.0,Average,Medium,High School,Low,No,75.0,96.5
Female,23.0,82.8,1.6,5.5,1.0,4,10.0,Good,Medium,Master,Low,No,75.0,62.0
Female,22.0,85.7,2.5,6.5,3.2,0,5.0,Average,Medium,High School,Low,No,75.0,59.7
Female,19.0,86.9,2.4,7.0,3.6,6,1.0,Average,Medium,High School,Low,No,75.0,48.4
Female,20.0,100.0,4.8,6.0,2.0,0,7.0,Good,Medium,Bachelor,Low,No,75.0,70.6
Female,23.0,64.0,3.1,7.1,1.9,5,10.0,Good,Medium,High School,Low,Yes,75.0,68.1
Male,20.0,91.8,5.4,6.9,2.8,2,8.0,Good,Medium,High School,Low,No,75.0,87.2
Male,24.0,83.9,2.5,5.3,2.0,6,8.0,Average,Medium,Bachelor,Low,No,75.0,66.7
Male,17.0,90.7,3.9,7.1,2.4,1,7.0,Average,Medium,Bachelor,Low,No,75.0,75.2
Female,19.0,78.4,2.2,7.5,5.0,5,2.0,Average,Medium,Master,Low,No,75.0,46.4
Female,21.0,84.5,6.7,6.7,2.2,3,5.0,Average,Medium,Master,Low,No,75.0,97.1
Female,19.0,92.1,1.7,7.9,2.1,1,4.0,Average,Medium,High School,Low,Yes,75.0,61.2
Male,23.0,100.0,4.0,5.0,1.7,4,5.0,Good,Medium,Bachelor,Low,No,75.0,75.0
Male,21.0,93.1,4.5,7.1,3.4,6,10.0,Good,Medium,High School,Low,Yes,75.0,94.7
Male,17.0,76.5,4.1,5.1,2.3,3,9.0,Average,Medium,Bachelor,Low,Yes,75.0,77.6
Male,23.0,80.8,3.2,5.2,1.7,3,4.0,Poor,Medium,High School,Low,No,75.0,68.6
Female,18.0,80.5,3.3,5.7,4.1,0,8.0,Good,Medium,Master,Low,No,75.0,69.6
Male,20.0,67.0,3.6,5.4,4.2,4,8.0,Average,Medium,Bachelor,Low,No,75.0,66.5
Male,17.0,81.7,3.3,5.8,1.8,0,2.0,Good,Medium,Master,Low,No,75.0,62.2
Female,20.0,92.3,4.9,6.2,0.3,0,6.0,Poor,Medium,Bachelor,Low,Yes,75.0,82.1
Male,22.0,72.3,6.8,7.5,3.7,6,5.0,Average,Medium,Master,Low,No,75.0,100.0
Female,18.0,95.5,2.7,6.1,1.7,2,2.0,Good,Medium,Bachelor,Low,No,75.0,59.7
Female,18.0,89.9,1.4,4.6,3.4,0,10.0,Poor,Medium,High School,Low,No,75.0,55.1
Male,17.0,77.7,3.4,7.9,0.1,1,4.0,Average,Medium,High School,Low,No,75.0,77.1
Female,18.0,83.6,7.4,5.5,3.6,3,7.0,Average,Medium,High School,Low,No,75.0,97.7
Female,21.0,100.0,2.3,6.4,1.0,6,1.0,Good,Medium,High School,Low,No,75.0,66.9
Female,18.0,92.3,6.0,7.0,3.4,0,9.0,Good,Medium,Bachelor,Low,Yes,75.0,99.9
Male,20.0,85.1,6.0,6.7,2.5,5,10.0,Average,Medium,Bachelor,Low,No,75.0,100.0
Female,20.0,82.6,2.7,7.8,1.4,1,1.0,Poor,Medium,Bachelor,Low,No,75.0,57.2
Female,23.0,85.8,4.4,7.1,2.0,4,5.0,Good,Medium,Master,Low,Yes,75.0,77.3
Male,20.0,79.9,5.9,5.5,3.3,3,7.0,Average,Medium,Master,Low,Yes,75.0,91.6
Male,23.0,64.0,2.9,9.1,2.6,6,8.0,Good,Medium,High School,Low,No,75.0,70.7
Other,20.0,100.0,3.2,6.7,3.2,5,2.0,Poor,Medium,High School,Low,No,75.0,57.6
Female,21.0,86.6,2.6,6.3,4.9,6,4.0,Poor,Medium,High School,Low,Yes,75.0,60.2
Male,24.0,89.0,2.0,7.7,0.6,6,2.0,Good,Medium,High School,Low,No,75.0,50.5
Female,23.0,84.4,2.5,6.8,4.4,5,4.0,Average,Medium,Bachelor,Low,No,75.0,51.3
Male,19.0,77.6,1.7,7.0,2.6,4,6.0,Good,Medium,Bachelor,Low,No,75.0,53.5
Male,22.0,83.1,3.6,9.5,1.4,5,6.0,Poor,Medium,Bachelor,Low,No,75.0,79.2
Male,17.0,69.0,2.3,6.2,0.9,1,2.0,Average,Medium,Master,Low,No,75.0,47.2
Male,20.0,100.0,3.9,6.1,2.3,6,4.0,Good,Medium,Bachelor,Low,No,75.0,73.4
Male,18.0,72.7,1.2,6.6,3.6,4,4.0,Average,Medium,High School,Low,No,75.0,41.1
Male,24.0,74.7,4.0,7.8,2.3,6,1.0,Good,Medium,Bachelor,Low,No,75.0,77.8
Female,20.0,80.6,4.8,4.7,4.3,5,2.0,Average,Medium,High School,Low,No,75.0,63.4
Male,18.0,97.9,0.5,4.1,0.8,4,3.0,Good,Medium,High School,Low,Yes,75.0,43.9
Male,22.0,85.1,4.1,5.8,2.5,4,5.0,Good,Medium,High School,Low,No,75.0,70.2
Female,22.0,72.6,5.3,4.5,1.0,0,8.0,Average,Medium,High School,Low,No,75.0,81.3
Male,22.0,97.5,1.7,6.0,2.9,0,6.0,Good,Medium,High School,Low,No,75.0,50.2
Female,18.0,92.3,6.0,7.1,3.6,0,3.0,Good,Medium,High School,Low,No,75.0,87.9
Male,20.0,90.4,4.1,5.4,2.0,5,6.0,Average,Medium,Bachelor,Low,No,75.0,80.9
Male,22.0,92.2,2.4,4.8,0.0,3,7.0,Good,Medium,Bachelor,Low,No,75.0,63.9
Male,21.0,100.0,3.4,6.6,2.7,1,6.0,Good,Medium,High School,Low,No,75.0,65.6
Male,23.0,100.0,4.3,7.5,3.0,5,10.0,Average,Medium,High School,Low,No,75.0,93.2
Male,18.0,78.1,3.6,4.5,3.0,6,6.0,Average,Medium,Bachelor,Low,No,75.0,74.0
Male,18.0,100.0,4.3,7.5,4.0,0,1.0,Average,Medium,High School,Low,No,75.0,60.8
Male,20.0,88.8,2.1,7.5,1.2,4,3.0,Average,Medium,Master,Low,No,75.0,50.4
Male,18.0,90.0,3.8,7.6,3.3,5,7.0,Good,Medium,Bachelor,Low,No,75.0,74.3
Male,18.0,68.1,1.4,8.0,3.9,4,4.0,Average,Medium,High School,Low,Yes,75.0,32.8
Male,22.0,83.3,3.3,9.1,0.4,6,4.0,Good,Medium,High School,Low,No,75.0,82.3
Male,20.0,76.9,2.1,6.1,2.9,4,7.0,Average,Medium,High School,Low,No,75.0,60.4
Female,22.0,93.3,2.4,6.6,1.9,4,9.0,Average,Medium,High School,Low,No,75.0,60.0
Female,23.0,95.7,5.4,6.0,2.4,2,2.0,Good,Medium,High School,Low,No,75.0,77.5
Male,24.0,64.3,5.1,6.5,2.9,3,9.0,Average,Medium,Bachelor,Low,No,75.0,86.5
Female,23.0,84.8,4.4,8.3,1.9,1,3.0,Average,Medium,High School,Low,No,75.0,76.9
Female,24.0,96.2,1.9,4.9,1.7,1,6.0,Poor,Medium,Bachelor,Low,No,75.0,43.9
Male,22.0,83.1,3.0,5.5,2.5,0,4.0,Average,Medium,Bachelor,Low,No,75.0,51.3
Female,23.0,92.3,5.3,8.2,1.2,2,1.0,Average,Medium,High School,Low,No,75.0,83.3
Female,20.0,88.5,3.7,7.7,1.2,5,9.0,Good,Medium,High School,Low,No,75.0,82.7
Male,17.0,88.4,7.0,6.1,3.3,5,6.0,Average,Medium,High School,Low,No,75.0,94.8
Male,22.0,82.3,4.1,7.5,1.1,1,8.0,Good,Medium,High School,Low,No,75.0,80.8
Female,24.0,72.8,3.8,6.9,3.3,3,2.0,Good,Medium,Bachelor,Low,No,75.0,58.3
Female,21.0,73.8,3.0,8.3,3.1,4,7.0,Average,Medium,High School,Low,Yes,75.0,66.3
Male,24.0,92.1,3.7,6.6,0.4,6,6.0,Average,Medium,Bachelor,Low,No,75.0,87.9
Male,21.0,85.2,3.3,7.7,1.7,0,2.0,Good,Medium,High School,Low,No,75.0,60.5
Male,18.0,83.6,4.6,9.7,3.9,3,2.0,Good,Medium,High School,Low,No,75.0,84.8
Female,23.0,80.8,4.9,7.2,1.3,1,4.0,Average,Medium,Bachelor,Low,No,75.0,77.0
Female,21.0,81.9,2.3,6.6,1.9,2,4.0,Average,Medium,Bachelor,Low,No,75.0,61.7
Male,24.0,95.5,1.5,7.4,3.1,0,3.0,Average,Medium,High School,Low,No,75.0,44.0
Male,18.0,81.6,0.7,6.1,3.4,1,8.0,Poor,Medium,High School,Low,Yes,75.0,42.4
Female,17.0,71.6,4.3,9.4,2.2,5,7.0,Good,Medium,Bachelor,Low,No,75.0,88.0
Male,20.0,92.4,1.8,6.7,1.8,0,2.0,Good,Medium,High School,Low,No,75.0,48.7
Male,20.0,83.0,0.3,6.2,4.2,1,3.0,Average,Medium,High School,Low,No,75.0,26.8
Female,20.0,85.3,4.1,5.5,4.6,5,10.0,Good,Medium,Bachelor,Low,No,75.0,81.6
Female,21.0,100.0,7.2,7.8,3.7,6,9.0,Good,Medium,High School,Low,No,75.0,100.0
Female,17.0,84.8,3.5,7.5,2.6,5,5.0,Average,Medium,Bachelor,Low,Yes,75.0,74.0
Female,21.0,87.9,4.8,5.9,1.5,4,2.0,Poor,Medium,Bachelor,Low,No,75.0,78.4
Male,23.0,73.2,3.6,7.2,1.5,2,3.0,Good,Medium,Bachelor,Low,No,75.0,70.7
Male,21.0,82.8,3.4,4.7,3.1,4,8.0,Good,Medium,Bachelor,Low,No,75.0,74.3
Female,17.0,91.1,4.9,6.7,3.0,1,4.0,Good,Medium,Bachelor,Low,No,75.0,67.6
Male,17.0,69.4,3.1,7.0,4.2,6,2.0,Poor,Medium,Bachelor,Low,No,75.0,64.7
Male,23.0,87.0,3.9,8.5,3.3,3,2.0,Average,Medium,Master,Low,No,75.0,64.1
Male,17.0,86.0,4.0,5.6,0.7,6,6.0,Poor,Medium,High School,Low,No,75.0,83.5
Male,24.0,85.4,2.5,5.0,3.8,6,8.0,Good,Medium,High School,Low,No,75.0,63.4
Male,17.0,95.4,5.0,5.4,1.3,6,7.0,Good,Medium,Bachelor,Low,No,75.0,96.2
Male,20.0,88.3,3.2,4.9,2.0,4,4.0,Poor,Medium,Bachelor,Low,No,75.0,65.4
Male,24.0,99.8,2.4,8.1,2.8,3,2.0,Good,Medium,High School,Low,No,75.0,62.0
Male,24.0,75.1,4.3,8.4,4.9,5,9.0,Good,Medium,Master,Low,No,75.0,74.0
Female,23.0,86.4,2.2,6.9,6.2,1,4.0,Good,Medium,High School,Low,No,75.0,46.7
Female,19.0,85.8,3.5,8.0,3.2,2,9.0,Good,Medium,Bachelor,Low,No,75.0,75.5
Female,19.0,74.3,3.5,6.7,2.3,3,5.0,Poor,Medium,Bachelor,Low,No,75.0,78.1
Female,17.0,94.6,5.1,6.4,3.1,1,7.0,Good,Medium,Master,Low,No,75.0,85.2
Female,24.0,100.0,4.2,6.1,3.6,3,5.0,Poor,Medium,High School,Low,Yes,75.0,75.4
Male,19.0,84.8,3.5,6.1,2.1,4,2.0,Average,Medium,Bachelor,Low,Yes,75.0,64.2
Female,19.0,90.1,4.7,4.6,4.7,1,6.0,Good,Medium,High School,Low,No,75.0,69.7
Female,17.0,85.8,5.6,6.8,2.8,4,7.0,Good,Medium,High School,Low,No,75.0,90.3
Female,19.0,77.9,4.3,6.5,3.1,0,6.0,Average,Medium,High School,Low,No,75.0,81.4
Male,21.0,66.8,3.5,7.4,3.3,1,3.0,Good,Medium,Bachelor,Low,No,75.0,65.0
Male,18.0,77.9,1.5,6.6,3.0,3,10.0,Good,Medium,High School,Low,No,75.0,57.3
Male,23.0,71.1,1.9,6.3,3.5,0,8.0,Good,Medium,High School,Low,Yes,75.0,57.7
Male,18.0,100.0,3.0,5.5,1.8,4,3.0,Poor,Medium,Bachelor,Low,No,75.0,56.7
Female,17.0,83.8,2.6,6.6,1.8,4,5.0,Good,Medium,Bachelor,Low,No,75.0,62.3
Female,20.0,81.5,3.2,7.4,1.2,3,9.0,Average,Medium,Bachelor,Low,No,75.0,77.9
Male,23.0,93.9,3.6,5.1,3.0,0,5.0,Average,Medium,Master,Low,No,75.0,65.2
Other,17.0,73.8,4.3,6.6,3.4,6,7.0,Average,Medium,High School,Low,No,75.0,76.8
Female,24.0,77.3,3.4,6.8,3.0,5,7.0,Average,Medium,Master,Low,No,75.0,83.8
Male,20.0,85.7,4.2,5.6,4.5,2,5.0,Good,Medium,Master,Low,No,75.0,70.6
Male,18.0,95.3,3.6,5.8,2.5,3,2.0,Average,Medium,High School,Low,No,75.0,63.1
Male,17.0,90.0,0.5,6.8,3.3,4,5.0,Good,Medium,High School,Low,No,75.0,39.0
Male,24.0,87.5,2.1,5.1,1.2,1,7.0,Average,Medium,High School,Low,No,75.0,66.7
Male,23.0,85.8,3.3,6.9,2.0,0,7.0,Good,Medium,High School,Low,Yes,75.0,72.2
Male,23.0,89.0,1.7,5.4,3.3,5,4.0,Good,Medium,Bachelor,Low,No,75.0,50.1
Male,22.0,87.0,4.4,7.8,3.5,2,1.0,Good,Medium,Bachelor,Low,Yes,75.0,62.4
Male,24.0,74.7,5.8,9.3,2.1,1,6.0,Good,Medium,Bachelor,Low,No,75.0,96.6
Female,21.0,85.5,5.3,5.5,2.4,0,3.0,Good,Medium,Bachelor,Low,No,75.0,85.8
Male,19.0,74.3,3.2,7.1,0.7,5,5.0,Good,Medium,High School,Low,No,75.0,68.3
Female,20.0,85.8,5.7,5.6,2.1,3,4.0,Good,Medium,Master,Low,No,75.0,83.8
Male,24.0,80.2,3.7,7.7,3.6,5,2.0,Poor,Medium,High School,Low,Yes,75.0,69.3
Other,22.0,100.0,3.0,5.0,3.2,3,7.0,Good,Medium,Master,Low,No,75.0,65.3
Male,19.0,84.6,2.6,7.1,3.1,6,5.0,Average,Medium,High School,Low,No,75.0,77.5
Male,19.0,71.0,3.0,5.5,2.6,0,7.0,Average,Medium,Master,Low,No,75.0,55.0
Other,17.0,83.7,2.9,6.3,2.5,5,9.0,Good,Medium,High School,Low,Yes,75.0,65.2
Female,19.0,90.2,3.8,5.3,1.7,2,4.0,Average,Medium,High School,Low,No,75.0,58.1
Female,21.0,100.0,3.7,7.5,3.3,5,5.0,Good,Medium,High School,Low,Yes,75.0,69.2
Male,23.0,79.1,3.5,5.5,3.0,0,9.0,Average,Medium,Bachelor,Low,Yes,75.0,67.4
Male,22.0,69.2,4.2,7.2,3.1,1,10.0,Poor,Medium,Master,Low,No,75.0,79.9
Female,19.0,93.2,5.3,6.1,1.9,1,4.0,Average,Medium,High School,Low,No,75.0,85.7
Female,17.0,71.2,4.9,6.4,0.0,5,5.0,Poor,Medium,Master,Low,No,75.0,96.2
Female,21.0,80.6,1.3,6.7,3.8,5,5.0,Good,Medium,Bachelor,Low,Yes,75.0,40.4
Female,18.0,82.4,0.0,5.6,1.9,3,8.0,Average,Medium,Bachelor,Low,No,75.0,55.2
Male,23.0,84.3,4.9,6.8,1.5,0,4.0,Average,Medium,Bachelor,Low,No,75.0,73.8
Female,23.0,91.9,1.4,8.3,3.3,3,4.0,Poor,Medium,High School,Low,No,75.0,46.5
Male,22.0,78.2,3.2,5.6,2.0,2,7.0,Average,Medium,High School,Low,No,75.0,60.5
Male,23.0,82.3,1.7,7.9,3.8,6,5.0,Good,Medium,Master,Low,No,75.0,55.4
Male,19.0,84.9,0.8,8.3,3.2,1,6.0,Average,Medium,Master,Low,No,75.0,45.1
Female,17.0,86.5,4.3,5.5,3.3,4,6.0,Good,Medium,Master,Low,No,75.0,69.4
Male,23.0,86.0,4.6,4.8,0.9,4,6.0,Good,Medium,Master,Low,No,75.0,81.3
Male,23.0,89.4,2.6,6.9,4.0,0,10.0,Good,Medium,High School,Low,No,75.0,66.6
Female,18.0,93.4,0.0,5.8,2.8,0,5.0,Good,Medium,Bachelor,Low,No,75.0,26.7
Male,18.0,88.9,2.7,8.7,2.1,4,5.0,Poor,Medium,High School,Low,No,75.0,64.5
Female,20.0,89.5,4.1,6.5,2.7,0,9.0,Average,Medium,Master,Low,No,75.0,87.1
Male,21.0,69.2,1.3,5.5,0.4,1,8.0,Good,Medium,High School,Low,Yes,75.0,42.2
Female,19.0,85.5,3.8,5.1,3.0,2,4.0,Good,Medium,Bachelor,Low,No,75.0,61.6
Female,23.0,89.8,3.5,7.8,1.3,2,7.0,Good,Medium,Bachelor,Low,No,75.0,81.9
Male,24.0,92.3,4.4,5.8,0.9,3,8.0,Good,Medium,High School,Low,No,75.0,96.5
Male,23.0,78.1,3.7,6.6,0.7,1,9.0,Average,Medium,High School,Low,No,75.0,85.1
Male,17.0,78.4,2.0,7.6,3.8,6,5.0,Poor,Medium,Master,Low,No,75.0,58.5
Male,20.0,79.3,5.3,5.9,1.7,0,3.0,Good,Medium,Bachelor,Low,No,75.0,78.4
Other,21.0,90.4,3.3,6.4,4.3,0,4.0,Good,Medium,High School,Low,No,75.0,56.4
Male,24.0,95.3,3.5,6.5,1.9,6,10.0,Average,Medium,Bachelor,Low,No,75.0,92.6
Female,20.0,80.9,2.1,7.3,0.5,3,6.0,Good,Medium,Bachelor,Low,No,75.0,62.3
Male,22.0,94.1,2.8,7.2,1.2,3,10.0,Average,Medium,High School,Low,Yes,75.0,75.8
Female,21.0,86.2,2.2,6.2,4.0,0,5.0,Average,Medium,High School,Low,No,75.0,47.1
Female,23.0,83.8,3.2,6.6,2.3,0,9.0,Good,Medium,Master,Low,Yes,75.0,66.3
Female,23.0,82.9,6.1,6.1,1.8,6,3.0,Good,Medium,Bachelor,Low,No,75.0,98.3
Male,21.0,92.5,1.4,4.7,2.7,1,2.0,Average,Medium,Bachelor,Low,No,75.0,29.7
Male,23.0,88.3,1.1,6.8,3.1,6,6.0,Poor,Medium,Bachelor,Low,No,75.0,45.5
Male,19.0,100.0,5.7,8.8,3.8,3,7.0,Average,Medium,High School,Low,No,75.0,100.0
Female,21.0,76.5,3.2,5.4,4.2,6,5.0,Good,Medium,High School,Low,No,75.0,67.5
Female,20.0,90.2,2.5,5.6,2.1,6,1.0,Average,Medium,High School,Low,No,75.0,60.3
Other,21.0,79.7,5.1,5.5,0.9,6,3.0,Good,Medium,High School,Low,No,75.0,87.0
Male,24.0,76.3,2.6,7.4,2.0,1,3.0,Good,Medium,Bachelor,Low,No,75.0,48.5
Female,23.0,84.9,6.2,7.0,2.8,5,4.0,Good,Medium,Master,Low,No,75.0,100.0
Female,19.0,86.4,4.5,6.3,1.3,0,10.0,Average,Medium,High School,Low,No,75.0,82.1
Male,19.0,100.0,2.8,5.4,1.4,4,6.0,Good,Medium,High School,Low,No,75.0,63.7
Male,22.0,83.2,6.7,6.6,2.9,6,5.0,Average,Medium,Bachelor,Low,No,75.0,100.0
Female,20.0,73.7,2.6,4.6,2.4,4,1.0,Average,Medium,Master,Low,No,75.0,41.9
Female,18.0,87.7,4.6,6.7,2.5,5,6.0,Poor,Medium,Bachelor,Low,No,75.0,72.7
Female,18.0,64.3,3.9,7.5,1.6,0,9.0,Average,Medium,Master,Low,No,75.0,74.3
Male,21.0,84.1,5.5,5.0,2.2,3,1.0,Good,Medium,Bachelor,Low,Yes,75.0,88.7
Female,22.0,85.2,5.8,4.7,1.4,4,8.0,Average,Medium,Bachelor,Low,No,75.0,96.6
Male,17.0,92.9,3.5,8.4,3.6,3,8.0,Average,Medium,High School,Low,No,75.0,72.6
Male,21.0,94.7,2.4,5.8,3.7,4,3.0,Good,Medium,High School,Low,No,75.0,52.4
Male,22.0,80.0,4.2,7.9,0.3,3,9.0,Poor,Medium,High School,Low,No,75.0,100.0
Female,20.0,83.5,2.5,6.3,1.4,6,8.0,Good,Medium,Bachelor,Low,No,75.0,73.1
Female,20.0,77.3,6.5,6.3,0.7,4,3.0,Average,Medium,Master,Low,No,75.0,100.0
Female,20.0,73.7,3.7,7.0,1.7,3,10.0,Poor,Medium,Master,Low,No,75.0,80.8
Male,20.0,88.1,3.0,5.4,2.4,5,5.0,Good,Medium,High School,Low,No,75.0,62.9
Female,20.0,72.3,3.8,6.7,0.8,1,3.0,Poor,Medium,High School,Low,No,75.0,71.5
Male,22.0,80.9,1.5,6.0,1.4,3,5.0,Good,Medium,High School,Low,No,75.0,46.2
Female,22.0,75.0,2.0,4.9,1.3,1,9.0,Average,Medium,High School,Low,Yes,75.0,53.8
Male,19.0,90.5,5.3,6.9,2.7,1,4.0,Poor,Medium,Bachelor,Low,No,75.0,74.2
Male,24.0,100.0,2.5,6.2,2.6,0,6.0,Poor,Medium,Master,Low,No,75.0,52.5
Male,18.0,72.0,1.9,6.3,1.6,6,3.0,Poor,Medium,Master,Low,No,75.0,51.2
Male,23.0,66.5,4.3,5.0,2.7,5,3.0,Poor,Medium,Bachelor,Low,Yes,75.0,60.6
Female,20.0,83.8,5.3,8.4,1.8,1,5.0,Good,Medium,Bachelor,Low,No,75.0,91.5
Female,17.0,85.2,4.6,7.6,2.2,2,8.0,Average,Medium,Bachelor,Low,No,75.0,87.3
Male,23.0,87.2,5.0,7.7,4.5,6,8.0,Average,Medium,High School,Low,No,75.0,98.0
Female,22.0,80.5,2.4,6.1,4.1,1,3.0,Average,Medium,Bachelor,Low,No,75.0,47.9
Male,17.0,83.0,1.4,4.4,0.9,3,8.0,Good,Medium,Bachelor,Low,Yes,75.0,51.0
Female,17.0,88.7,5.8,8.8,3.5,1,8.0,Good,Medium,Bachelor,Low,No,75.0,90.0
Female,17.0,95.4,3.0,6.4,3.5,3,3.0,Good,Medium,High School,Low,No,75.0,54.1
Female,19.0,65.4,3.1,5.6,1.1,3,10.0,Good,Medium,High School,Low,No,75.0,58.4
Male,22.0,81.3,5.5,7.0,3.5,2,10.0,Average,Medium,High School,Low,Yes,75.0,100.0
Female,17.0,87.1,4.3,7.9,4.3,1,2.0,Average,Medium,Master,Low,No,75.0,65.2
Female,20.0,75.8,4.2,6.5,1.2,1,10.0,Good,Medium,High School,Low,No,75.0,85.3
Male,21.0,100.0,6.7,8.0,1.4,4,2.0,Good,Medium,Bachelor,Low,No,75.0,93.8
Male,17.0,78.6,2.5,7.8,3.7,6,9.0,Average,Medium,Bachelor,Low,Yes,75.0,78.8
Female,19.0,84.6,4.9,5.2,2.8,4,7.0,Average,Medium,High School,Low,No,75.0,85.0
Female,23.0,90.6,3.6,5.7,3.2,0,6.0,Good,Medium,Bachelor,Low,No,75.0,64.5
Female,22.0,79.1,3.9,7.6,2.9,3,7.0,Good,Medium,Master,Low,No,75.0,71.0
Female,24.0,66.5,5.8,3.2,3.0,2,8.0,Average,Medium,High School,Low,No,75.0,90.8
Female,19.0,80.7,4.3,6.3,0.9,4,1.0,Good,Medium,Master,Low,No,75.0,72.6
Male,17.0,95.3,4.3,4.8,3.8,1,8.0,Average,Medium,High School,Low,No,75.0,70.9
Male,22.0,81.6,5.1,5.9,3.9,0,3.0,Poor,Medium,High School,Low,Yes,75.0,65.1
Male,21.0,76.5,3.0,6.1,2.2,2,3.0,Average,Medium,Master,Low,No,75.0,49.1
Female,17.0,94.3,2.2,6.1,2.4,5,6.0,Average,Medium,Bachelor,Low,Yes,75.0,62.7
Male,19.0,81.7,1.9,5.8,0.7,1,4.0,Poor,Medium,Master,Low,No,75.0,51.5
Female,18.0,79.9,0.6,5.2,3.1,1,4.0,Good,Medium,Bachelor,Low,No,75.0,18.4
Female,20.0,86.5,6.6,9.3,3.2,5,4.0,Average,Medium,Master,Low,No,75.0,100.0
Female,24.0,92.7,1.8,8.7,2.4,3,10.0,Good,Medium,Bachelor,Low,Yes,75.0,53.3
Male,23.0,100.0,3.2,5.1,3.8,3,9.0,Poor,Medium,Bachelor,Low,No,75.0,76.1
Female,19.0,93.3,3.1,8.4,2.1,4,8.0,Average,Medium,Bachelor,Low,No,75.0,85.6
Male,22.0,96.6,4.0,6.0,3.2,4,3.0,Good,Medium,High School,Low,Yes,75.0,63.0
Female,24.0,79.9,4.7,6.7,1.3,1,1.0,Good,Medium,Master,Low,Yes,75.0,73.6
Male,24.0,74.7,4.8,6.4,2.5,6,1.0,Good,Medium,High School,Low,Yes,75.0,76.2
Male,24.0,85.6,2.6,5.7,2.3,1,1.0,Good,Medium,Bachelor,Low,No,75.0,45.5
Female,17.0,86.1,3.2,7.7,2.8,4,4.0,Average,Medium,High School,Low,No,75.0,58.6
Male,20.0,74.2,3.9,6.7,2.1,5,6.0,Average,Medium,Bachelor,Low,No,75.0,77.8
Male,17.0,83.2,3.1,5.9,2.3,4,4.0,Good,Medium,High School,Low,Yes,75.0,61.5
Female,22.0,89.0,5.9,4.9,3.5,1,3.0,Good,Medium,High School,Low,No,75.0,71.4
Female,17.0,88.6,4.2,5.4,2.0,2,8.0,Good,Medium,Master,Low,No,75.0,93.9
Female,18.0,90.0,4.6,4.5,0.6,1,8.0,Good,Medium,High School,Low,No,75.0,85.9
Female,20.0,87.9,4.5,6.5,4.6,2,6.0,Good,Medium,Bachelor,Low,No,75.0,73.8
Female,20.0,79.9,5.3,5.1,4.2,2,9.0,Average,Medium,High School,Low,Yes,75.0,83.3
Male,22.0,79.9,3.8,6.2,0.9,1,10.0,Good,Medium,High School,Low,Yes,75.0,79.7
Male,23.0,73.0,1.6,8.1,3.3,6,1.0,Good,Medium,High School,Low,Yes,75.0,47.1
Male,18.0,100.0,4.1,7.9,1.9,6,8.0,Good,Medium,Bachelor,Low,No,75.0,91.9
Female,19.0,85.1,2.5,6.5,2.8,0,6.0,Poor,Medium,High School,Low,Yes,75.0,60.6
Female,17.0,82.8,2.7,6.4,2.9,4,1.0,Average,Medium,Master,Low,No,75.0,46.6
Male,21.0,75.7,4.4,8.8,2.2,6,4.0,Poor,Medium,High School,Low,No,75.0,84.2
Male,17.0,100.0,5.4,7.1,1.6,3,5.0,Average,Medium,High School,Low,No,75.0,95.5
Female,24.0,74.3,3.5,6.1,1.7,1,7.0,Good,Medium,High School,Low,No,75.0,73.5
Male,17.0,80.7,4.0,4.8,1.4,2,8.0,Poor,Medium,High School,Low,No,75.0,75.9
Female,19.0,89.2,6.1,7.0,1.5,1,9.0,Average,Medium,Bachelor,Low,No,75.0,100.0
Female,17.0,91.0,3.9,7.5,2.4,4,6.0,Average,Medium,Master,Low,Yes,75.0,74.2
Female,18.0,94.6,7.4,5.7,1.6,5,10.0,Good,Medium,Bachelor,Low,No,75.0,100.0
Male,18.0,100.0,4.3,6.8,3.3,6,9.0,Average,Medium,High School,Low,No,75.0,94.9
Female,20.0,90.1,0.9,6.1,4.3,6,4.0,Average,Medium,High School,Low,No,75.0,27.6
Female,22.0,74.4,4.6,6.3,1.8,6,8.0,Average,Medium,High School,Low,No,75.0,86.2
Female,23.0,82.4,4.1,3.5,2.8,2,3.0,Average,Medium,Master,Low,No,75.0,60.1
Female,21.0,88.1,5.4,6.2,3.1,3,4.0,Average,Medium,High School,Low,No,75.0,91.3
Female,24.0,100.0,4.5,7.7,3.1,3,10.0,Average,Medium,Bachelor,Low,No,75.0,93.8
Female,17.0,71.0,3.3,5.7,2.6,6,4.0,Good,Medium,High School,Low,No,75.0,61.6
Male,17.0,97.0,1.7,6.6,3.4,3,6.0,Average,Medium,High School,Low,Yes,75.0,41.7
Female,19.0,86.8,3.2,5.6,3.1,5,9.0,Poor,Medium,High School,Low,No,75.0,74.5
Female,22.0,93.4,2.2,6.9,1.0,6,6.0,Good,Medium,High School,Low,No,75.0,63.7
Male,18.0,84.0,2.6,6.2,3.5,0,1.0,Average,Medium,Bachelor,Low,No,75.0,39.6
Female,21.0,76.6,4.4,5.4,3.6,2,5.0,Good,Medium,High School,Low,No,75.0,87.5
Female,20.0,92.5,6.0,8.1,1.6,5,9.0,Average,Medium,Bachelor,Low,No,75.0,100.0
Female,18.0,91.5,4.1,7.6,2.5,2,5.0,Good,Medium,High School,Low,Yes,75.0,75.4
Male,24.0,94.7,1.7,5.8,3.3,6,6.0,Good,Medium,Master,Low,No,75.0,61.5
Male,22.0,84.9,4.2,7.1,2.2,5,3.0,Good,Medium,High School,Low,No,75.0,73.3
Other,24.0,79.0,5.3,7.1,3.8,6,8.0,Average,Medium,Master,Low,No,75.0,96.3
Female,23.0,69.4,2.6,7.3,5.3,5,10.0,Average,Medium,Bachelor,Low,Yes,75.0,67.0
Male,20.0,93.2,3.3,4.5,1.6,6,4.0,Average,Medium,Master,Low,No,75.0,70.1
Female,23.0,89.2,3.5,7.7,0.8,0,4.0,Good,Medium,High School,Low,No,75.0,84.2
Female,19.0,75.3,2.3,5.8,2.9,2,5.0,Good,Medium,Bachelor,Low,No,75.0,48.9
Female,24.0,79.6,4.5,6.1,3.4,5,10.0,Poor,Medium,High School,Low,No,75.0,98.8
Female,19.0,80.3,3.3,9.7,2.2,0,9.0,Poor,Medium,High School,Low,Yes,75.0,76.1
Male,17.0,70.2,4.1,6.9,4.2,1,8.0,Average,Medium,High School,Low,No,75.0,80.4
Male,23.0,76.8,2.2,6.0,0.9,6,7.0,Poor,Medium,High School,Low,No,75.0,64.1
Male,22.0,73.7,2.8,3.9,3.3,4,5.0,Average,Medium,Master,Low,No,75.0,59.4
Female,24.0,80.9,4.6,8.2,1.8,5,9.0,Poor,Medium,High School,Low,No,75.0,94.2
Male,21.0,77.6,2.9,4.9,4.6,3,9.0,Good,Medium,Bachelor,Low,Yes,75.0,67.8
Male,20.0,68.7,6.1,5.3,4.9,0,10.0,Good,Medium,Bachelor,Low,No,75.0,96.1
Male,18.0,100.0,2.9,6.1,1.6,0,10.0,Good,Medium,Bachelor,Low,No,75.0,70.2
Female,22.0,97.5,3.8,8.2,1.8,5,2.0,Average,Medium,Bachelor,Low,No,75.0,84.2
Female,22.0,77.2,4.9,7.4,3.5,0,4.0,Good,Medium,High School,Low,No,75.0,75.4
Male,19.0,87.7,1.4,6.3,2.0,1,8.0,Good,Medium,Bachelor,Low,No,75.0,41.7
Male,23.0,89.2,0.9,6.9,2.4,0,1.0,Poor,Medium,High School,Low,No,75.0,23.1
Female,24.0,96.9,1.2,5.8,2.5,4,5.0,Good,Medium,Master,Low,Yes,75.0,50.3
Male,24.0,76.8,5.4,6.7,0.2,4,8.0,Average,Medium,Bachelor,Low,No,75.0,100.0
Male,17.0,95.9,2.7,6.6,2.5,6,2.0,Average,Medium,Master,Low,No,75.0,52.2
Male,17.0,79.5,7.3,7.7,1.7,6,2.0,Average,Medium,High School,Low,No,75.0,100.0
Male,20.0,71.6,2.7,7.7,1.9,3,8.0,Poor,Medium,High School,Low,No,75.0,71.2
Male,19.0,92.2,3.8,7.1,4.2,1,10.0,Good,Medium,High School,Low,No,75.0,72.3
Female,22.0,97.9,5.8,6.1,1.0,4,9.0,Average,Medium,High School,Low,No,75.0,100.0
Male,24.0,100.0,6.5,7.4,3.5,5,7.0,Average,Medium,High School,Low,No,75.0,100.0
Female,21.0,73.0,6.6,6.4,2.2,2,8.0,Poor,Medium,Bachelor,Low,No,75.0,100.0
Male,19.0,92.0,5.3,5.2,2.2,2,5.0,Good,Medium,High School,Low,No,75.0,93.1
Female,20.0,80.9,5.0,6.0,3.4,2,1.0,Average,Medium,Bachelor,Low,Yes,75.0,67.7
Female,20.0,92.8,4.4,6.6,2.9,6,4.0,Good,Medium,Master,Low,No,75.0,77.9
Male,19.0,70.3,4.7,7.6,3.2,5,2.0,Good,Medium,Bachelor,Low,Yes,75.0,80.3
Female,20.0,72.4,2.7,6.3,3.7,0,3.0,Average,Medium,High School,Low,No,75.0,44.3
Male,19.0,77.2,2.3,5.0,2.1,5,3.0,Average,Medium,High School,Low,No,75.0,54.7
Other,18.0,85.8,3.5,6.6,1.8,0,9.0,Good,Medium,High School,Low,No,75.0,85.0
Male,19.0,78.6,3.2,6.6,1.2,2,10.0,Poor,Medium,High School,Low,No,75.0,81.7
Male,23.0,91.6,2.8,6.7,1.5,3,4.0,Poor,Medium,Bachelor,Low,No,75.0,71.6
Male,19.0,95.3,4.5,7.6,6.0,3,2.0,Good,Medium,High School,Low,Yes,75.0,73.7
Other,20.0,91.0,4.9,7.7,4.0,0,3.0,Average,Medium,Master,Low,No,75.0,77.0
Female,24.0,100.0,3.6,5.8,0.9,2,3.0,Average,Medium,Bachelor,Low,No,75.0,72.3
Female,23.0,89.2,5.7,5.8,0.9,5,7.0,Average,Medium,Bachelor,Low,No,75.0,100.0
Male,20.0,72.8,1.8,5.3,3.1,3,8.0,Average,Medium,High School,Low,No,75.0,54.0
Female,17.0,98.6,3.2,7.3,3.2,0,6.0,Good,Medium,High School,Low,No,75.0,70.4
Male,17.0,78.9,2.4,8.2,3.2,5,4.0,Good,Medium,Bachelor,Low,No,75.0,47.0
Female,24.0,94.1,0.7,6.1,2.2,2,6.0,Good,Medium,High School,Low,No,75.0,48.7
Male,24.0,100.0,3.4,6.2,2.3,1,1.0,Good,Medium,High School,Low,No,75.0,47.6
Male,23.0,89.6,3.3,8.3,2.9,2,10.0,Average,Medium,High School,Low,Yes,75.0,81.1
Male,18.0,70.0,5.8,7.1,2.6,6,8.0,Average,Medium,High School,Low,Yes,75.0,100.0
Male,24.0,75.8,4.4,7.0,0.0,2,1.0,Average,Medium,Bachelor,Low,No,75.0,81.9
Female,17.0,98.2,2.0,5.1,2.2,5,5.0,Average,Medium,High School,Low,No,75.0,56.3
Male,19.0,83.3,6.3,7.3,1.5,5,2.0,Good,Medium,Bachelor,Low,No,75.0,100.0
Female,20.0,85.8,5.3,5.4,2.7,4,6.0,Good,Medium,High School,Low,Yes,75.0,81.0
Male,17.0,92.6,4.4,5.1,6.1,4,9.0,Average,Medium,Bachelor,Low,No,75.0,84.9
Female,17.0,92.0,3.2,6.1,2.9,5,5.0,Poor,Medium,Master,Low,No,75.0,67.9
Male,18.0,87.8,2.1,5.8,2.1,5,4.0,Poor,Medium,Master,Low,No,75.0,56.9
Male,23.0,82.9,2.9,6.2,3.6,1,2.0,Average,Medium,High School,Low,No,75.0,45.9
Female,23.0,81.9,5.1,4.8,3.1,1,3.0,Poor,Medium,High School,Low,Yes,75.0,76.0
Male,22.0,93.6,6.3,7.7,3.0,2,6.0,Average,Medium,High School,Low,No,75.0,94.8
Male,18.0,90.5,5.8,7.9,3.2,6,8.0,Good,Medium,Bachelor,Low,No,75.0,99.3
Female,19.0,82.4,2.8,4.2,5.0,3,8.0,Good,Medium,Bachelor,Low,Yes,75.0,71.0
Female,23.0,95.8,1.8,7.7,1.1,6,5.0,Average,Medium,Bachelor,Low,Yes,75.0,70.9
Male,20.0,83.7,3.7,5.5,3.1,1,5.0,Average,Medium,High School,Low,Yes,75.0,59.8
Male,24.0,76.5,0.8,7.5,1.4,2,10.0,Average,Medium,Bachelor,Low,Yes,75.0,36.0
Female,18.0,77.4,4.0,6.4,3.2,6,3.0,Good,Medium,High School,Low,No,75.0,68.4
Male,24.0,75.2,3.3,6.5,1.4,0,7.0,Good,Medium,Bachelor,Low,No,75.0,72.9
Male,17.0,82.3,2.8,6.3,2.0,4,6.0,Good,Medium,High School,Low,Yes,75.0,57.3
Male,20.0,97.3,1.1,8.0,2.1,6,1.0,Average,Medium,Bachelor,Low,Yes,75.0,50.3
Female,20.0,76.9,4.3,5.0,3.7,3,4.0,Good,Medium,High School,Low,No,75.0,65.7
Female,17.0,86.9,2.7,7.2,3.6,2,6.0,Poor,Medium,High School,Low,No,75.0,67.9
Male,18.0,78.4,1.7,7.8,1.0,6,6.0,Good,Medium,Bachelor,Low,No,75.0,63.6
Male,17.0,82.4,0.0,7.4,2.6,5,3.0,Average,Medium,High School,Low,No,75.0,32.9
Male,24.0,69.9,3.5,9.3,1.6,0,6.0,Average,Medium,Bachelor,Low,No,75.0,67.7
Female,22.0,82.8,6.2,5.9,1.0,4,10.0,Good,Medium,Bachelor,Low,No,75.0,100.0
Male,20.0,83.1,6.0,7.6,2.2,0,6.0,Average,Medium,Bachelor,Low,Yes,75.0,96.8
Male,21.0,90.4,2.8,6.4,2.1,2,9.0,Poor,Medium,High School,Low,No,75.0,71.0
Female,21.0,87.2,2.6,8.0,5.4,1,9.0,Poor,Medium,High School,Low,No,75.0,59.8
Male,24.0,73.0,4.2,6.5,3.0,4,2.0,Poor,Medium,Bachelor,Low,No,75.0,64.2
Female,19.0,95.8,2.0,6.0,0.8,0,4.0,Poor,Medium,High School,Low,No,75.0,45.2
Male,23.0,87.1,4.0,8.1,1.8,1,9.0,Poor,Medium,Bachelor,Low,No,75.0,82.9
Male,17.0,87.0,4.6,5.9,3.7,3,4.0,Average,Medium,High School,Low,No,75.0,73.2
Male,17.0,84.9,5.3,4.8,5.0,2,8.0,Average,Medium,High School,Low,No,75.0,79.6
Female,19.0,79.8,3.3,5.9,0.6,2,10.0,Good,Medium,High School,Low,Yes,75.0,73.0
Female,19.0,87.2,3.2,7.2,0.2,4,3.0,Average,Medium,High School,Low,Yes,75.0,72.6
Female,24.0,89.8,2.2,8.2,4.7,0,3.0,Poor,Medium,High School,Low,No,75.0,45.2
Male,24.0,67.5,2.3,6.6,3.0,3,9.0,Average,Medium,Bachelor,Low,No,75.0,51.8
Female,19.0,79.6,3.2,8.1,1.5,5,10.0,Good,Medium,Bachelor,Low,No,75.0,92.0
Male,20.0,82.5,4.1,4.9,3.1,4,8.0,Good,Medium,High School,Low,No,75.0,77.8
Male,24.0,87.6,4.9,6.0,0.0,5,1.0,Average,Medium,Master,Low,Yes,75.0,97.2
Female,22.0,96.9,2.3,6.2,2.5,4,10.0,Good,Medium,Bachelor,Low,Yes,75.0,71.9
Male,24.0,77.3,5.7,6.4,2.9,0,2.0,Good,Medium,Master,Low,No,75.0,69.1
Male,17.0,80.0,3.1,6.6,3.6,3,3.0,Good,Medium,Bachelor,Low,No,75.0,59.6
Male,24.0,79.9,3.5,7.3,1.3,0,2.0,Good,Medium,Bachelor,Low,No,75.0,60.4
Male,20.0,77.0,2.4,6.0,2.6,2,3.0,Good,Medium,High School,Low,No,75.0,48.3
Male,19.0,81.5,0.0,6.7,1.4,5,8.0,Good,Medium,High School,Low,No,75.0,50.1
Female,17.0,92.7,4.8,6.4,2.8,1,6.0,Good,Medium,High School,Low,No,75.0,74.9
Male,24.0,74.5,4.6,5.4,1.4,6,7.0,Average,Medium,Bachelor,Low,Yes,75.0,85.6
Female,20.0,89.3,3.1,6.4,2.0,2,10.0,Good,Medium,High School,Low,No,75.0,65.4
Female,22.0,68.0,3.6,6.3,1.3,2,10.0,Good,Medium,Bachelor,Low,No,75.0,82.4
Male,24.0,79.4,4.3,6.3,3.3,5,6.0,Poor,Medium,High School,Low,No,75.0,67.3
Male,20.0,81.7,1.2,6.5,3.5,4,1.0,Good,Medium,Bachelor,Low,No,75.0,34.3
Male,22.0,100.0,2.7,6.6,2.2,2,3.0,Average,Medium,High School,Low,No,75.0,53.0
Female,19.0,82.3,4.7,6.0,2.5,6,1.0,Average,Medium,High School,Low,No,75.0,78.0
Male,24.0,63.0,1.6,8.0,0.8,3,10.0,Good,Medium,High School,Low,Yes,75.0,58.2
Female,22.0,65.0,3.9,5.1,2.1,2,9.0,Average,Medium,High School,Low,No,75.0,73.7
Male,17.0,85.3,1.5,5.6,2.4,3,9.0,Average,Medium,High School,Low,Yes,75.0,60.3
Female,19.0,91.1,4.2,9.8,5.6,0,5.0,Poor,Medium,Bachelor,Low,No,75.0,78.7
Male,17.0,88.8,3.4,5.3,1.2,4,4.0,Average,Medium,High School,Low,Yes,75.0,68.3
Male,21.0,86.7,1.1,4.9,4.3,3,9.0,Average,Medium,High School,Low,No,75.0,49.9
Female,18.0,96.6,5.2,7.4,3.7,2,9.0,Average,Medium,Bachelor,Low,No,75.0,100.0
Female,24.0,79.6,2.4,4.0,2.8,4,3.0,Average,Medium,High School,Low,No,75.0,54.7
Male,22.0,93.9,2.3,6.2,4.6,6,5.0,Good,Medium,Master,Low,No,75.0,58.7
Female,18.0,68.7,3.8,9.1,2.9,4,3.0,Good,Medium,Master,Low,Yes,75.0,70.8
Female,18.0,76.0,5.2,4.6,3.0,3,10.0,Poor,Medium,High School,Low,No,75.0,87.1
Female,22.0,66.9,2.0,4.1,2.4,3,2.0,Good,Medium,High School,Low,No,75.0,29.5
Female,19.0,82.3,3.6,4.7,4.0,1,1.0,Poor,Medium,High School,Low,No,75.0,53.2
Male,24.0,84.5,4.1,7.6,3.8,1,10.0,Poor,Medium,Bachelor,Low,Yes,75.0,73.0
Male,21.0,86.1,4.5,7.8,1.7,4,2.0,Poor,Medium,Bachelor,Low,No,75.0,71.1
Male,17.0,85.6,3.8,5.9,0.9,5,8.0,Good,Medium,Bachelor,Low,No,75.0,80.9
Female,20.0,75.7,2.9,7.3,2.3,5,8.0,Good,Medium,Bachelor,Low,Yes,75.0,75.1
Female,17.0,83.1,2.3,8.2,1.5,1,3.0,Average,Medium,High School,Low,No,75.0,52.4
Male,20.0,70.0,3.6,8.6,2.4,2,7.0,Average,Medium,Bachelor,Low,No,75.0,67.6
Male,17.0,98.6,1.9,6.2,4.0,0,7.0,Average,Medium,Bachelor,Low,No,75.0,35.7
Female,22.0,82.0,0.0,3.7,2.0,4,2.0,Average,Medium,Bachelor,Low,No,75.0,29.9
Other,21.0,80.1,4.2,5.5,2.4,0,9.0,Good,Medium,Master,Low,No,75.0,70.7
Female,24.0,100.0,4.9,6.0,2.6,1,3.0,Average,Medium,Bachelor,Low,No,75.0,89.3
Male,20.0,72.6,0.0,6.2,3.5,3,2.0,Good,Medium,High School,Low,No,75.0,26.2
Male,24.0,73.7,2.0,6.3,0.0,6,3.0,Average,Medium,High School,Low,No,75.0,58.3
Male,24.0,74.0,4.4,7.8,1.8,4,2.0,Good,Medium,High School,Low,No,75.0,78.4
Female,24.0,84.3,6.6,8.0,2.8,1,8.0,Good,Medium,High School,Low,No,75.0,100.0
Male,23.0,89.3,3.5,6.3,3.9,2,5.0,Average,Medium,Master,Low,No,75.0,66.8
Female,19.0,92.4,2.4,7.8,1.9,6,3.0,Good,Medium,High School,Low,No,75.0,63.8
Male,17.0,100.0,3.2,6.9,0.2,4,5.0,Good,Medium,Bachelor,Low,No,75.0,76.1
Female,24.0,62.5,5.6,6.6,3.2,4,8.0,Average,Medium,Bachelor,Low,No,75.0,82.7
Female,17.0,91.1,2.5,7.6,1.7,5,7.0,Average,Medium,High School,Low,No,75.0,65.0
Female,24.0,79.4,2.3,6.6,1.1,3,6.0,Good,Medium,Master,Low,Yes,75.0,66.8
Male,20.0,79.1,2.8,9.0,1.8,4,1.0,Average,Medium,Master,Low,No,75.0,64.9
Male,19.0,78.8,2.1,4.8,2.3,3,10.0,Poor,Medium,Bachelor,Low,No,75.0,63.1
Male,19.0,75.9,3.7,5.9,1.8,1,1.0,Average,Medium,High School,Low,Yes,75.0,56.3
Female,22.0,100.0,5.9,6.3,0.0,2,1.0,Good,Medium,High School,Low,No,75.0,93.6
Female,23.0,93.4,4.0,7.0,3.6,6,10.0,Good,Medium,High School,Low,No,75.0,91.9
Female,22.0,85.2,3.1,8.0,4.0,6,8.0,Good,Medium,High School,Low,No,75.0,74.0
Female,22.0,98.5,3.1,6.5,3.3,2,8.0,Average,Medium,Bachelor,Low,No,75.0,62.7
Female,22.0,69.9,1.2,4.8,1.1,4,7.0,Poor,Medium,Master,Low,No,75.0,58.6
Male,22.0,71.7,4.8,7.5,2.3,4,6.0,Good,Medium,Bachelor,Low,Yes,75.0,89.3
Female,22.0,63.2,3.4,7.4,2.5,1,4.0,Good,Medium,Master,Low,No,75.0,63.4
Male,21.0,78.0,3.2,4.2,3.2,5,1.0,Poor,Medium,Bachelor,Low,Yes,75.0,46.7
Male,19.0,86.6,8.3,6.5,3.3,5,9.0,Average,Medium,High School,Low,Yes,75.0,100.0
Female,22.0,86.0,3.9,4.6,1.6,5,1.0,Poor,Medium,Master,Low,Yes,75.0,68.7
Male,24.0,86.5,2.4,5.7,2.6,3,4.0,Good,Medium,High School,Low,No,75.0,58.9
Male,19.0,70.9,2.9,5.4,3.0,5,3.0,Good,Medium,Master,Low,No,75.0,59.0
Female,19.0,93.0,5.2,7.5,4.2,2,7.0,Good,Medium,High School,Low,Yes,75.0,77.9
Male,18.0,87.4,3.7,6.6,3.3,6,5.0,Good,Medium,High School,Low,Yes,75.0,72.3
Female,21.0,92.3,1.3,5.0,3.4,6,5.0,Poor,Medium,Master,Low,No,75.0,49.7
Male,22.0,66.1,4.9,7.6,2.6,3,4.0,Good,Medium,Bachelor,Low,Yes,75.0,80.9
Male,17.0,88.1,2.5,4.8,4.2,1,1.0,Good,Medium,Master,Low,Yes,75.0,44.5
Male,20.0,73.1,6.3,6.9,3.0,2,5.0,Average,Medium,Master,Low,Yes,75.0,85.3
Male,23.0,81.0,5.1,5.5,1.5,6,4.0,Good,Medium,High School,Low,No,75.0,83.2
Female,24.0,90.3,2.8,6.1,4.2,2,10.0,Average,Medium,Bachelor,Low,No,75.0,59.7
Male,17.0,85.9,5.4,7.1,3.3,6,8.0,Good,Medium,High School,Low,No,75.0,98.1
Female,21.0,76.5,3.6,7.1,2.0,0,2.0,Good,Medium,Bachelor,Low,No,75.0,66.8
Male,20.0,85.1,4.8,8.1,1.9,1,8.0,Good,Medium,Bachelor,Low,No,75.0,96.1
Female,21.0,69.7,4.2,6.4,2.9,1,1.0,Good,Medium,High School,Low,No,75.0,60.4
Female,24.0,96.5,2.2,6.9,3.1,0,4.0,Poor,Medium,Bachelor,Low,No,75.0,33.8
Female,19.0,82.9,2.5,6.0,2.7,3,3.0,Average,Medium,Bachelor,Low,No,75.0,56.1
Male,20.0,96.2,5.0,6.7,2.9,6,5.0,Average,Medium,High School,Low,No,75.0,80.6
Male,19.0,79.7,3.0,7.0,4.5,6,5.0,Good,Medium,Bachelor,Low,Yes,75.0,52.6
Male,24.0,79.8,2.9,6.4,3.8,6,5.0,Good,Medium,Bachelor,Low,No,75.0,52.1
Female,17.0,77.4,2.1,4.3,2.7,5,4.0,Good,Medium,Master,Low,No,75.0,39.9
Male,24.0,93.8,4.1,6.9,3.6,5,8.0,Poor,Medium,High School,Low,No,75.0,84.0
Female,17.0,77.9,6.6,6.9,1.3,5,3.0,Good,Medium,High School,Low,No,75.0,97.7
Female,20.0,91.4,1.9,5.7,3.0,5,4.0,Good,Medium,Bachelor,Low,No,75.0,43.3
Male,20.0,81.2,3.5,5.0,4.7,5,1.0,Good,Medium,High School,Low,Yes,75.0,55.9
Female,22.0,65.2,5.6,8.3,2.2,0,7.0,Poor,Medium,Master,Low,No,75.0,84.6
Male,21.0,79.3,3.4,7.1,1.5,1,1.0,Poor,Medium,High School,Low,No,75.0,67.0
Male,22.0,73.2,4.2,6.2,1.7,3,2.0,Poor,Medium,Bachelor,Low,No,75.0,76.0
Female,21.0,85.3,1.9,5.1,1.2,2,7.0,Good,Medium,Bachelor,Low,No,75.0,56.9
Female,22.0,73.1,4.1,5.5,1.6,5,1.0,Good,Medium,High School,Low,No,75.0,77.5
Female,19.0,94.3,3.2,8.1,2.1,0,3.0,Good,Medium,High School,Low,No,75.0,69.4
Male,20.0,84.1,5.0,6.7,0.8,6,6.0,Average,Medium,Bachelor,Low,No,75.0,94.6
Male,17.0,83.2,5.3,5.8,2.5,3,6.0,Average,Medium,Bachelor,Low,Yes,75.0,93.4
Female,21.0,91.6,7.4,7.1,3.6,3,6.0,Good,Medium,High School,Low,No,75.0,100.0
Female,24.0,94.6,4.4,5.5,1.4,3,2.0,Good,Medium,Master,Low,No,75.0,63.6
Female,21.0,84.8,4.0,8.3,4.3,0,2.0,Good,Medium,High School,Low,No,75.0,53.0
Male,17.0,77.3,3.8,8.1,3.1,2,6.0,Good,Medium,High School,Low,No,75.0,67.8
Female,22.0,67.3,3.0,5.9,3.7,5,10.0,Average,Medium,Bachelor,Low,No,75.0,73.9
Male,21.0,78.1,4.0,5.7,1.7,3,5.0,Good,Medium,High School,Low,No,75.0,66.5
Male,23.0,78.8,3.1,3.4,3.5,0,7.0,Good,Medium,Master,Low,No,75.0,49.9
Female,19.0,86.1,3.8,4.7,1.2,6,7.0,Average,Medium,High School,Low,No,75.0,73.9
Male,20.0,81.5,5.5,4.9,3.6,1,5.0,Average,Medium,High School,Low,No,75.0,80.3
Female,17.0,91.9,2.0,6.7,2.7,6,8.0,Average,Medium,High School,Low,No,75.0,71.7
Male,20.0,78.9,5.2,6.1,3.2,0,10.0,Poor,Medium,Bachelor,Low,Yes,75.0,83.3
Male,23.0,84.4,5.5,4.9,1.1,0,6.0,Good,Medium,Bachelor,Low,No,75.0,84.5
Female,21.0,96.8,3.3,6.2,1.4,0,5.0,Poor,Medium,Bachelor,Low,No,75.0,74.9
Female,21.0,88.4,0.3,7.1,3.2,3,4.0,Average,Medium,High School,Low,No,75.0,34.0
Female,24.0,84.4,2.6,7.1,1.4,0,7.0,Average,Medium,High School,Low,Yes,75.0,63.0
Female,23.0,79.0,5.4,4.2,3.1,1,4.0,Good,Medium,Bachelor,Low,No,75.0,77.9
Female,17.0,78.7,3.5,6.3,0.9,3,5.0,Average,Medium,High School,Low,No,75.0,72.9
Female,24.0,76.5,2.0,4.8,3.5,6,5.0,Good,Medium,Master,Low,No,75.0,53.2
Female,19.0,79.6,2.7,7.6,1.0,1,1.0,Poor,Medium,High School,Low,No,75.0,57.3
Male,24.0,92.6,4.8,7.4,3.2,4,1.0,Poor,Medium,Bachelor,Low,No,75.0,76.6
Female,18.0,82.8,4.3,5.4,3.3,6,3.0,Average,Medium,High School,Low,No,75.0,64.6
Male,17.0,71.5,3.1,5.6,1.7,0,3.0,Average,Medium,Bachelor,Low,Yes,75.0,51.1
Other,18.0,100.0,2.9,5.9,3.2,5,2.0,Average,Medium,High School,Low,No,75.0,63.0
Female,23.0,88.2,2.9,3.8,2.8,5,2.0,Poor,Medium,High School,Low,No,75.0,61.6
Male,22.0,70.9,2.1,6.9,1.9,3,6.0,Good,Medium,High School,Low,Yes,75.0,62.5
Female,18.0,80.6,5.9,6.2,1.3,5,1.0,Good,Medium,High School,Low,No,75.0,87.1
Female,19.0,86.1,3.0,7.7,0.1,6,6.0,Poor,Medium,High School,Low,No,75.0,82.5
Male,24.0,100.0,5.3,5.2,2.9,3,5.0,Poor,Medium,Bachelor,Low,No,75.0,80.9
Female,22.0,73.9,5.8,5.8,0.6,6,6.0,Good,Medium,Bachelor,Low,No,75.0,100.0
Female,24.0,94.8,5.0,4.7,2.6,0,5.0,Good,Medium,Bachelor,Low,No,75.0,79.6
Male,18.0,99.0,2.9,5.3,2.2,2,7.0,Average,Medium,Bachelor,Low,Yes,75.0,71.2
Female,24.0,78.7,4.1,5.1,3.3,2,1.0,Good,Medium,Bachelor,Low,Yes,75.0,62.7
Male,23.0,82.2,3.5,7.7,2.1,1,3.0,Good,Medium,High School,Low,No,75.0,64.2
Female,22.0,74.6,2.1,5.7,2.1,0,6.0,Good,Medium,High School,Low,No,75.0,44.1
Other,23.0,83.0,4.0,6.6,3.4,5,1.0,Average,Medium,High School,Low,No,75.0,61.7
Female,18.0,84.6,1.7,6.0,2.9,0,7.0,Average,Medium,Bachelor,Low,No,75.0,39.9
Male,23.0,91.6,5.3,5.0,2.9,4,4.0,Poor,Medium,High School,Low,No,75.0,84.1
Female,19.0,95.9,2.8,6.3,3.1,2,3.0,Good,Medium,High School,Low,No,75.0,40.7
Female,18.0,77.5,3.8,7.2,0.7,5,10.0,Good,Medium,Bachelor,Low,No,75.0,81.8
Male,18.0,65.3,3.9,5.1,3.4,6,9.0,Average,Medium,High School,Low,No,75.0,77.0
Female,18.0,84.8,3.1,7.5,3.2,6,1.0,Good,Medium,Master,Low,No,75.0,65.7
Male,17.0,87.9,4.4,5.5,1.3,2,8.0,Good,Medium,Master,Low,No,75.0,80.9
Female,24.0,87.5,2.8,5.9,2.2,0,1.0,Good,Medium,High School,Low,No,75.0,47.4
Male,17.0,81.7,4.8,7.1,2.5,5,5.0,Good,Medium,High School,Low,Yes,75.0,83.0
Male,17.0,86.2,1.5,5.7,2.3,1,10.0,Good,Medium,High School,Low,No,75.0,54.2
Male,19.0,100.0,3.7,6.5,2.9,6,8.0,Average,Medium,Bachelor,Low,No,75.0,82.5
Female,22.0,88.8,6.4,6.1,4.2,0,6.0,Good,Medium,High School,Low,Yes,75.0,85.0
Male,24.0,81.3,2.0,6.7,3.8,1,7.0,Good,Medium,Bachelor,Low,No,75.0,40.4
Female,23.0,80.0,2.5,3.6,0.9,5,8.0,Average,Medium,Bachelor,Low,Yes,75.0,58.9
Male,21.0,83.3,4.3,4.3,3.2,2,6.0,Poor,Medium,High School,Low,No,75.0,67.5
Male,18.0,100.0,3.8,7.2,4.1,4,6.0,Good,Medium,High School,Low,No,75.0,81.0
Female,23.0,83.2,4.0,7.7,3.0,3,6.0,Average,Medium,Bachelor,Low,No,75.0,74.7
Female,18.0,84.8,4.2,5.4,3.8,2,5.0,Good,Medium,High School,Low,Yes,75.0,67.4
Male,19.0,80.2,4.5,6.2,4.9,1,8.0,Poor,Medium,Bachelor,Low,No,75.0,72.2
Female,18.0,96.0,5.2,6.9,3.7,0,2.0,Poor,Medium,High School,Low,No,75.0,77.1
Female,17.0,100.0,4.1,7.3,2.8,6,7.0,Average,Medium,Bachelor,Low,No,75.0,87.9
Female,24.0,89.5,3.1,4.1,3.8,5,4.0,Average,Medium,Master,Low,No,75.0,54.1
Male,21.0,85.8,4.5,5.4,2.7,2,1.0,Good,Medium,Master,Low,Yes,75.0,62.9
Male,20.0,85.4,6.3,6.1,2.5,6,5.0,Good,Medium,High School,Low,No,75.0,95.6
Female,18.0,61.2,3.3,7.3,2.1,6,3.0,Poor,Medium,High School,Low,No,75.0,67.1
Male,23.0,92.5,2.0,9.5,4.4,4,4.0,Average,Medium,Bachelor,Low,No,75.0,51.5
Female,17.0,86.3,5.2,6.2,1.5,5,7.0,Average,Medium,High School,Low,Yes,75.0,97.9
Female,20.0,89.3,3.3,4.8,4.3,1,5.0,Average,Medium,High School,Low,Yes,75.0,67.0
Female,21.0,77.9,0.2,7.0,3.1,5,4.0,Good,Medium,Master,Low,Yes,75.0,31.5
Female,20.0,81.2,4.8,8.1,0.8,5,1.0,Average,Medium,High School,Low,No,75.0,88.0
Other,17.0,80.9,2.7,6.6,2.9,0,6.0,Poor,Medium,High School,Low,No,75.0,53.4
Male,24.0,95.2,3.4,5.4,0.0,3,10.0,Average,Medium,High School,Low,No,75.0,83.4
Female,24.0,81.2,4.0,7.6,3.3,6,6.0,Poor,Medium,Bachelor,Low,No,75.0,79.0
Male,22.0,100.0,3.8,7.3,3.6,1,7.0,Poor,Medium,Bachelor,Low,No,75.0,69.9
Male,24.0,89.3,4.6,5.3,1.8,0,1.0,Average,Medium,High School,Low,No,75.0,60.1
Female,22.0,72.2,2.8,7.0,2.6,6,4.0,Good,Medium,High School,Low,No,75.0,70.3
Female,20.0,83.7,4.3,7.7,4.8,3,9.0,Good,Medium,High School,Low,Yes,75.0,79.8
Other,19.0,78.5,3.1,7.9,1.9,0,10.0,Good,Medium,Bachelor,Low,No,75.0,66.6
Female,23.0,63.1,4.6,6.4,1.2,3,6.0,Average,Medium,High School,Low,No,75.0,91.7
Male,23.0,100.0,4.4,6.1,4.3,3,2.0,Average,Medium,Master,Low,Yes,75.0,70.1
Male,20.0,92.0,2.1,8.0,4.9,3,4.0,Average,Medium,High School,Low,No,75.0,61.5
Female,18.0,90.3,5.1,5.0,2.5,0,6.0,Good,Medium,Master,Low,No,75.0,79.3
Male,18.0,86.7,2.7,7.0,3.7,5,4.0,Good,Medium,High School,Low,No,75.0,63.9
Male,24.0,71.2,4.7,4.9,4.1,3,10.0,Poor,Medium,Bachelor,Low,No,75.0,93.1
Male,23.0,80.2,4.1,7.8,1.6,5,7.0,Poor,Medium,High School,Low,No,75.0,89.8
Male,23.0,93.4,6.3,6.2,1.9,6,3.0,Good,Medium,High School,Low,No,75.0,100.0
Male,22.0,74.5,3.2,8.0,4.0,6,6.0,Good,Medium,Master,Low,No,75.0,61.8
Male,19.0,59.7,3.0,7.1,4.5,1,4.0,Good,Medium,Master,Low,No,75.0,51.5
Male,17.0,82.7,3.5,5.0,3.2,4,3.0,Good,Medium,High School,Low,No,75.0,60.4
Male,18.0,83.6,3.0,8.2,1.4,5,3.0,Good,Medium,Bachelor,Low,No,75.0,67.2
Other,23.0,86.4,4.7,8.4,4.9,6,2.0,Average,Medium,Bachelor,Low,No,75.0,89.6
Male,22.0,92.3,1.1,7.6,1.9,4,3.0,Good,Medium,Master,Low,No,75.0,48.3
Male,21.0,91.4,1.9,5.6,2.1,3,10.0,Good,Medium,High School,Low,No,75.0,61.7
Female,22.0,87.6,1.9,6.1,2.9,4,1.0,Good,Medium,Bachelor,Low,Yes,75.0,44.4
Male,18.0,97.0,4.9,6.7,4.4,4,3.0,Average,Medium,High School,Low,Yes,75.0,77.2
Female,18.0,69.8,6.1,5.7,3.5,3,9.0,Average,Medium,High School,Low,Yes,75.0,100.0
Female,22.0,90.0,3.3,8.5,3.0,5,4.0,Average,Medium,Master,Low,No,75.0,73.0
Male,17.0,91.3,3.2,6.7,3.1,3,3.0,Average,Medium,High School,Low,No,75.0,68.5
Male,20.0,72.6,3.6,3.3,2.6,1,8.0,Good,Medium,High School,Low,No,75.0,61.0
Female,18.0,70.0,5.2,6.9,3.2,2,1.0,Poor,Medium,Bachelor,Low,No,75.0,70.5
Female,22.0,77.5,2.1,6.1,0.0,0,5.0,Average,Medium,Bachelor,Low,No,75.0,52.5
Male,23.0,78.4,3.9,6.4,2.1,3,1.0,Good,Medium,High School,Low,No,75.0,62.8
Female,22.0,92.5,5.0,6.1,2.8,3,7.0,Poor,Medium,High School,Low,Yes,75.0,83.5
Male,19.0,78.9,4.3,7.5,1.1,4,5.0,Average,Medium,Master,Low,No,75.0,71.4
Other,20.0,76.4,3.8,7.8,3.0,1,2.0,Average,Medium,High School,Low,No,75.0,61.5
Male,21.0,78.9,5.0,6.8,2.3,6,1.0,Good,Medium,Bachelor,Low,No,75.0,75.4
Female,17.0,96.2,0.0,6.1,4.6,6,7.0,Average,Medium,Bachelor,Low,No,75.0,42.0
Female,24.0,85.1,4.5,6.5,4.4,4,1.0,Good,Medium,High School,Low,No,75.0,64.0
Female,21.0,83.2,2.5,6.5,1.9,5,3.0,Average,Medium,Master,Low,Yes,75.0,60.1
Female,20.0,83.9,0.8,5.5,2.3,3,6.0,Good,Medium,Bachelor,Low,Yes,75.0,34.7
Male,20.0,97.9,4.3,7.2,2.4,3,6.0,Average,Medium,High School,Low,Yes,75.0,88.0
Male,20.0,77.5,5.6,7.1,2.0,4,7.0,Average,Medium,Bachelor,Low,No,75.0,100.0
Male,21.0,98.2,3.3,8.3,2.7,3,1.0,Poor,Medium,Bachelor,Low,No,75.0,66.1
Male,23.0,87.1,4.9,8.0,1.6,5,7.0,Poor,Medium,Bachelor,Low,No,75.0,95.5
Female,20.0,83.4,5.9,5.7,1.1,2,2.0,Average,Medium,Master,Low,Yes,75.0,86.4
Male,22.0,100.0,5.5,7.5,3.2,0,6.0,Poor,Medium,High School,Low,No,75.0,77.3
Male,21.0,74.4,6.0,5.4,3.3,0,8.0,Average,Medium,High School,Low,No,75.0,90.2
Other,24.0,81.5,4.6,7.3,1.5,0,5.0,Good,Medium,High School,Low,No,75.0,80.2
Female,20.0,72.7,3.6,5.9,3.6,2,10.0,Average,Medium,High School,Low,No,75.0,72.9
Female,22.0,94.5,1.1,5.3,1.7,3,3.0,Average,Medium,High School,Low,No,75.0,35.8
Other,23.0,100.0,3.1,6.8,2.8,4,8.0,Good,Medium,Master,Low,No,75.0,72.8
Male,19.0,100.0,2.2,3.3,3.5,6,8.0,Good,Medium,Bachelor,Low,No,75.0,67.6
Male,23.0,97.2,6.8,4.4,2.5,1,4.0,Poor,Medium,Bachelor,Low,No,75.0,93.1
Female,24.0,83.0,3.2,6.3,3.0,3,8.0,Average,Medium,Bachelor,Low,No,75.0,57.5
Female,20.0,81.3,3.7,6.6,1.9,2,5.0,Good,Medium,Bachelor,Low,No,75.0,61.1
Male,24.0,68.3,4.3,6.1,2.3,5,5.0,Poor,Medium,High School,Low,No,75.0,77.4
Female,21.0,100.0,3.6,4.6,2.3,2,3.0,Good,Medium,Master,Low,No,75.0,69.6
Male,18.0,89.7,6.0,5.5,1.6,6,7.0,Poor,Medium,High School,Low,No,75.0,100.0
Male,20.0,80.1,2.6,7.0,2.3,0,9.0,Good,Medium,Master,Low,No,75.0,69.3
Female,18.0,98.3,3.8,7.2,0.6,3,9.0,Average,Medium,Bachelor,Low,No,75.0,85.7
Female,22.0,75.3,2.4,6.5,1.9,6,1.0,Good,Medium,High School,Low,No,75.0,53.9
Female,19.0,89.1,1.5,7.9,2.2,0,1.0,Average,Medium,Bachelor,Low,No,75.0,43.7
Male,17.0,83.3,2.6,7.0,2.2,1,10.0,Good,Medium,Bachelor,Low,No,75.0,79.3
Female,24.0,91.4,3.4,5.6,2.2,5,5.0,Poor,Medium,High School,Low,No,75.0,71.3
Male,23.0,84.4,2.9,6.2,2.4,0,1.0,Average,Medium,Bachelor,Low,No,75.0,61.4
Male,19.0,70.5,2.5,4.8,3.1,1,4.0,Good,Medium,High School,Low,No,75.0,45.1
Female,20.0,85.8,1.4,6.4,3.5,2,1.0,Average,Medium,High School,Low,No,75.0,39.8
Female,18.0,95.5,3.4,7.8,1.7,0,2.0,Good,Medium,Master,Low,No,75.0,70.7
Female,23.0,84.7,1.2,7.3,1.1,0,2.0,Average,Medium,Bachelor,Low,No,75.0,35.6
Female,18.0,92.8,4.6,8.2,1.2,4,4.0,Good,Medium,Master,Low,No,75.0,93.0
Female,21.0,74.5,3.6,6.1,1.9,5,8.0,Average,Medium,Bachelor,Low,No,75.0,83.2
Female,18.0,84.7,1.3,8.1,2.1,5,2.0,Good,Medium,High School,Low,No,75.0,46.6
Male,21.0,78.8,3.0,6.3,1.6,6,9.0,Good,Medium,Bachelor,Low,No,75.0,70.8
Male,22.0,92.5,2.4,8.3,0.9,2,9.0,Average,Medium,Bachelor,Low,No,75.0,78.3
Male,23.0,85.3,4.0,6.5,2.0,4,2.0,Good,Medium,Master,Low,No,75.0,70.7
Male,23.0,91.9,5.5,7.3,2.7,6,1.0,Good,Medium,High School,Low,Yes,75.0,82.6
Female,17.0,95.9,0.7,8.3,3.2,1,10.0,Average,Medium,Master,Low,No,75.0,50.3
Female,20.0,91.9,3.7,6.3,1.8,6,10.0,Good,Medium,Master,Low,No,75.0,80.9
Male,21.0,87.7,3.3,6.8,2.0,1,9.0,Poor,Medium,Bachelor,Low,No,75.0,75.4
Male,17.0,75.0,4.5,8.0,1.4,2,2.0,Good,Medium,Master,Low,No,75.0,83.7
Female,18.0,85.0,3.8,6.3,2.5,5,8.0,Average,Medium,High School,Low,No,75.0,76.8
Male,18.0,79.7,2.4,4.9,1.5,1,3.0,Poor,Medium,Master,Low,No,75.0,45.8
Female,17.0,81.6,3.0,9.1,3.2,2,1.0,Average,Medium,Bachelor,Low,No,75.0,58.4
Female,23.0,81.3,2.3,5.9,0.4,6,1.0,Good,Medium,High School,Low,No,75.0,70.3
Female,18.0,75.2,5.1,6.7,2.1,1,10.0,Good,Medium,Master,Low,Yes,75.0,99.4
Female,24.0,65.4,3.5,7.9,2.9,3,2.0,Good,Medium,High School,Low,No,75.0,62.9
Female,22.0,78.3,6.4,5.8,2.7,0,7.0,Average,Medium,High School,Low,Yes,75.0,98.0
Male,22.0,86.9,3.4,5.3,5.7,6,6.0,Poor,Medium,Bachelor,Low,No,75.0,74.7
Female,24.0,71.5,2.4,6.8,2.9,5,2.0,Good,Medium,High School,Low,No,75.0,50.4
Female,17.0,85.2,1.2,4.3,1.3,6,4.0,Good,Medium,High School,Low,No,75.0,49.4
Male,24.0,100.0,0.8,6.2,2.4,3,2.0,Average,Medium,Bachelor,Low,No,75.0,35.3
Female,21.0,95.2,1.1,6.8,0.4,2,1.0,Average,Medium,High School,Low,Yes,75.0,46.3
Female,21.0,100.0,3.9,6.2,2.4,2,3.0,Average,Medium,High School,Low,No,75.0,68.4
Female,17.0,88.9,4.3,4.6,1.5,6,4.0,Average,Medium,High School,Low,No,75.0,84.2
Female,24.0,96.7,1.1,8.4,3.6,3,10.0,Good,Medium,High School,Low,No,75.0,54.6
Female,21.0,77.8,4.8,6.6,1.8,6,5.0,Average,Medium,Bachelor,Low,No,75.0,88.0
Female,23.0,78.6,2.8,8.2,2.4,0,5.0,Good,Medium,Bachelor,Low,No,75.0,61.5
Female,24.0,57.6,3.7,6.2,1.7,0,7.0,Average,Medium,Master,Low,Yes,75.0,75.7
Female,23.0,96.9,5.9,5.4,4.6,4,10.0,Average,Medium,Bachelor,Low,No,75.0,100.0
Female,21.0,100.0,4.8,6.8,2.1,1,8.0,Good,Medium,High School,Low,No,75.0,82.6
Female,22.0,79.5,3.1,6.2,4.7,4,9.0,Good,Medium,Master,Low,No,75.0,71.5
Female,21.0,82.5,2.2,5.1,3.5,0,7.0,Average,Medium,Bachelor,Low,No,75.0,57.6
Male,23.0,77.5,0.3,8.3,3.1,3,5.0,Good,Medium,Bachelor,Low,Yes,75.0,36.1
Female,19.0,88.8,2.4,5.8,2.9,1,9.0,Average,Medium,Bachelor,Low,No,75.0,67.4
Female,20.0,96.2,3.2,4.3,3.0,3,8.0,Good,Medium,Master,Low,Yes,75.0,74.8
Male,18.0,67.6,2.0,8.1,0.2,4,10.0,Average,Medium,Bachelor,Low,No,75.0,73.6
Female,24.0,89.1,3.3,5.9,2.2,2,9.0,Good,Medium,High School,Low,No,75.0,79.5
Male,19.0,82.2,3.6,5.8,3.5,3,10.0,Poor,Medium,Bachelor,Low,No,75.0,62.5
Male,21.0,86.1,3.2,4.4,2.4,4,8.0,Average,Medium,High School,Low,No,75.0,76.3
Female,22.0,89.6,2.5,8.6,0.8,4,6.0,Good,Medium,High School,Low,No,75.0,75.6
Male,17.0,83.1,3.8,5.0,2.4,4,4.0,Good,Medium,High School,Low,No,75.0,64.4
Female,21.0,84.0,4.2,6.6,4.5,2,9.0,Average,Medium,High School,Low,No,75.0,75.3
Female,22.0,82.9,1.9,7.6,4.0,2,9.0,Average,Medium,High School,Low,Yes,75.0,50.4
Female,20.0,94.7,5.6,7.0,2.4,6,10.0,Average,Medium,High School,Low,No,75.0,100.0
Male,21.0,89.2,3.4,6.4,3.6,2,10.0,Good,Medium,Bachelor,Low,No,75.0,76.4
Male,23.0,87.2,3.5,4.5,2.1,1,9.0,Good,Medium,Bachelor,Low,No,75.0,69.9
Female,17.0,72.3,4.6,5.5,0.5,2,10.0,Good,Medium,Master,Low,No,75.0,88.9
Other,22.0,81.2,3.8,6.7,1.4,2,3.0,Average,Medium,High School,Low,No,75.0,70.4
Female,22.0,94.0,4.9,5.6,4.4,2,3.0,Good,Medium,Bachelor,Low,No,75.0,69.4
Male,22.0,85.4,3.9,6.7,2.2,3,6.0,Average,Medium,Master,Low,No,75.0,84.9
Female,20.0,91.6,2.6,7.3,2.2,2,6.0,Poor,Medium,High School,Low,No,75.0,63.6
Female,21.0,100.0,4.0,7.7,2.1,1,6.0,Good,Medium,Bachelor,Low,No,75.0,82.2
Female,20.0,95.4,1.8,5.0,4.8,4,5.0,Good,Medium,Bachelor,Low,No,75.0,37.4
Male,24.0,85.9,3.7,9.1,4.5,3,5.0,Good,Medium,High School,Low,No,75.0,73.8
Female,18.0,79.9,3.5,7.4,5.2,0,2.0,Good,Medium,Master,Low,Yes,75.0,53.4
Female,18.0,59.5,3.2,6.5,2.3,2,7.0,Good,Medium,Bachelor,Low,No,75.0,64.2
Other,24.0,83.3,3.3,7.8,2.9,6,4.0,Good,Medium,High School,Low,No,75.0,70.4
Male,21.0,81.7,0.7,9.3,0.7,6,3.0,Average,Medium,High School,Low,No,75.0,51.5
Female,23.0,88.9,2.7,4.8,4.3,4,8.0,Average,Medium,High School,Low,No,75.0,53.4
Female,20.0,83.5,3.6,6.2,1.1,4,4.0,Good,Medium,High School,Low,Yes,75.0,77.2
Male,17.0,81.8,3.7,3.6,2.8,3,4.0,Good,Medium,Bachelor,Low,No,75.0,59.8
Female,22.0,67.2,2.0,6.7,1.2,6,8.0,Average,Medium,Bachelor,Low,No,75.0,55.4
Female,22.0,75.6,5.4,6.9,1.8,0,1.0,Average,Medium,High School,Low,Yes,75.0,69.9
Male,21.0,89.8,2.2,6.5,1.5,5,9.0,Average,Medium,Master,Low,Yes,75.0,71.6
Male,23.0,100.0,5.0,5.7,1.8,6,7.0,Poor,Medium,High School,Low,No,75.0,92.9
Female,18.0,84.0,4.1,4.0,1.9,6,2.0,Good,Medium,High School,Low,No,75.0,72.4
Male,18.0,88.3,2.5,6.9,1.8,1,6.0,Average,Medium,High School,Low,Yes,75.0,70.5
Female,22.0,94.5,6.2,8.2,3.5,5,8.0,Good,Medium,Bachelor,Low,No,75.0,100.0
Male,21.0,76.9,1.7,5.8,1.2,4,5.0,Average,Medium,High School,Low,No,75.0,37.4
Female,20.0,88.7,4.9,7.0,2.8,5,6.0,Average,Medium,High School,Low,No,75.0,88.7
Male,18.0,77.6,5.0,4.6,4.0,6,10.0,Poor,Medium,High School,Low,No,75.0,88.6
Female,20.0,93.6,2.5,7.0,1.9,4,8.0,Good,Medium,Bachelor,Low,No,75.0,68.5
Other,23.0,86.5,5.6,6.0,1.6,5,6.0,Good,Medium,Master,Low,No,75.0,100.0
Other,18.0,88.0,3.1,5.6,2.2,4,9.0,Good,Medium,High School,Low,No,75.0,66.9
Female,18.0,77.2,3.9,5.6,3.9,4,9.0,Poor,Medium,High School,Low,No,75.0,71.5
Male,19.0,92.1,3.9,6.0,2.7,3,9.0,Average,Medium,Bachelor,Low,No,75.0,77.8
Female,18.0,100.0,3.3,7.0,1.9,0,6.0,Poor,Medium,Bachelor,Low,No,75.0,67.7
Male,24.0,74.9,4.7,4.9,3.1,4,9.0,Average,Medium,High School,Low,No,75.0,96.4
Male,17.0,81.6,4.7,6.0,1.2,1,3.0,Good,Medium,Master,Low,No,75.0,83.1
Male,24.0,87.3,0.9,6.5,3.3,6,5.0,Good,Medium,Bachelor,Low,Yes,75.0,37.9
Female,21.0,92.9,5.5,5.2,3.0,6,2.0,Good,Medium,High School,Low,No,75.0,76.3
Female,21.0,79.4,1.0,8.7,2.1,1,8.0,Average,Medium,Bachelor,Low,No,75.0,52.6
Female,20.0,56.7,5.0,5.5,1.5,2,4.0,Average,Medium,Master,Low,No,75.0,83.6
Male,24.0,98.6,5.2,5.7,1.4,4,6.0,Average,Medium,Bachelor,Low,No,75.0,92.0
Male,24.0,92.6,1.9,5.3,3.1,4,6.0,Poor,Medium,High School,Low,No,75.0,53.2
Other,24.0,67.6,2.9,8.7,4.0,4,5.0,Good,Medium,High School,Low,No,75.0,56.4
Male,23.0,78.9,1.8,7.2,1.7,5,1.0,Good,Medium,High School,Low,No,75.0,58.1
Male,18.0,100.0,3.2,5.4,3.1,4,7.0,Average,Medium,High School,Low,No,75.0,70.9
Male,17.0,99.5,3.0,7.8,0.0,4,10.0,Average,Medium,Bachelor,Low,Yes,75.0,98.7
Female,20.0,94.4,4.7,6.7,1.8,1,8.0,Good,Medium,Bachelor,Low,Yes,75.0,83.3
Female,24.0,83.2,5.5,6.8,2.5,0,1.0,Good,Medium,Bachelor,Low,No,75.0,80.6
Male,24.0,85.8,5.6,6.1,1.4,0,10.0,Good,Medium,Master,Low,No,75.0,91.3
Male,19.0,83.7,2.7,5.6,1.4,2,7.0,Average,Medium,High School,Low,No,75.0,63.5
Female,20.0,96.3,3.2,6.9,1.7,1,4.0,Average,Medium,Master,Low,Yes,75.0,66.3
Female,24.0,76.2,1.0,5.8,2.9,4,6.0,Good,Medium,Bachelor,Low,No,75.0,49.9
Male,20.0,76.9,2.3,8.7,2.3,0,9.0,Good,Medium,High School,Low,Yes,75.0,68.9
Female,18.0,95.1,4.9,5.0,0.0,3,5.0,Average,Medium,Bachelor,Low,Yes,75.0,94.2
Male,19.0,84.6,5.9,8.3,0.0,3,8.0,Good,Medium,High School,Low,Yes,75.0,100.0
Male,20.0,98.8,1.6,6.4,1.8,3,5.0,Good,Medium,Bachelor,Low,No,75.0,58.6
Female,17.0,78.3,2.6,6.9,3.0,4,2.0,Average,Medium,Bachelor,Low,No,75.0,53.2
Male,17.0,84.5,3.5,7.5,0.0,4,4.0,Average,Medium,High School,Low,No,75.0,70.5
Female,21.0,75.8,3.9,5.7,1.9,2,2.0,Average,Medium,Bachelor,Low,No,75.0,64.0
Male,19.0,85.1,2.3,7.5,1.9,6,7.0,Poor,Medium,Bachelor,Low,Yes,75.0,77.4
Male,19.0,70.2,4.1,3.3,4.2,2,7.0,Good,Medium,High School,Low,No,75.0,57.4
Other,21.0,80.1,2.8,5.6,2.0,2,3.0,Average,Medium,High School,Low,No,75.0,59.9
Male,20.0,70.6,3.5,5.4,3.0,5,7.0,Good,Medium,High School,Low,No,75.0,66.7
Female,19.0,91.9,4.3,5.0,2.7,3,1.0,Good,Medium,Bachelor,Low,Yes,75.0,58.4
Male,17.0,92.2,3.5,6.2,0.0,4,1.0,Poor,Medium,Master,Low,No,75.0,63.6
Male,17.0,67.7,2.8,7.0,3.4,3,9.0,Average,Medium,Master,Low,No,75.0,62.6
Male,24.0,98.3,3.3,7.3,2.8,2,6.0,Good,Medium,Bachelor,Low,No,75.0,70.6
Female,18.0,100.0,3.4,6.8,3.1,4,5.0,Good,Medium,Bachelor,Low,No,75.0,75.2
Male,19.0,85.5,2.9,5.7,7.2,1,6.0,Good,Medium,High School,Low,Yes,75.0,50.1
Female,20.0,78.6,3.1,6.9,0.0,0,6.0,Average,Medium,Bachelor,Low,No,75.0,72.8
Male,21.0,100.0,5.9,6.6,4.6,0,1.0,Average,Medium,High School,Low,Yes,75.0,72.7
Other,21.0,71.8,4.3,7.6,2.2,2,5.0,Good,Medium,High School,Low,No,75.0,76.0
Male,20.0,85.2,3.1,7.4,2.8,6,9.0,Good,Medium,Bachelor,Low,No,75.0,74.1
Female,23.0,86.8,4.5,6.5,2.4,3,4.0,Average,Medium,High School,Low,Yes,75.0,79.0
Female,22.0,98.5,3.0,5.4,2.0,1,3.0,Good,Medium,Bachelor,Low,No,75.0,51.3
Female,18.0,88.6,5.3,5.7,1.8,4,1.0,Average,Medium,Bachelor,Low,No,75.0,71.0
Female,21.0,80.0,4.1,5.8,2.9,6,2.0,Good,Medium,High School,Low,Yes,75.0,76.4
Female,19.0,75.5,3.3,6.1,0.7,3,3.0,Good,Medium,High School,Low,No,75.0,52.6
Female,18.0,81.6,4.2,6.8,3.4,2,4.0,Average,Medium,Master,Low,No,75.0,74.0
Male,19.0,74.9,1.1,7.4,2.0,3,7.0,Good,Medium,Bachelor,Low,No,75.0,42.6
Male,23.0,85.5,1.8,6.4,1.1,2,6.0,Average,Medium,High School,Low,No,75.0,49.8
Female,17.0,79.4,1.7,6.5,2.0,5,8.0,Average,Medium,High School,Low,No,75.0,45.7
Female,18.0,70.1,3.7,6.7,4.0,0,9.0,Poor,Medium,Bachelor,Low,No,75.0,77.2
Female,24.0,97.6,6.1,5.9,1.9,6,6.0,Poor,Medium,Bachelor,Low,No,75.0,98.5
Female,21.0,80.0,6.8,5.4,2.9,0,7.0,Average,Medium,High School,Low,No,75.0,96.2
Male,18.0,72.3,4.5,4.4,1.6,3,4.0,Good,Medium,High School,Low,Yes,75.0,71.3
Male,18.0,83.3,4.3,5.7,3.4,1,2.0,Good,Medium,Master,Low,No,75.0,59.2
Female,18.0,85.7,0.8,7.1,3.3,4,9.0,Poor,Medium,Bachelor,Low,No,75.0,51.8
Male,22.0,67.5,2.7,5.7,4.7,2,9.0,Good,Medium,Master,Low,Yes,75.0,59.3
Male,18.0,88.3,2.3,6.2,2.3,4,4.0,Good,Medium,Bachelor,Low,No,75.0,58.5
Female,19.0,74.5,2.6,7.1,3.3,0,3.0,Good,Medium,Master,Low,No,75.0,44.5
Male,17.0,100.0,3.2,7.1,2.6,1,10.0,Good,Medium,High School,Low,No,75.0,75.4
Female,23.0,90.2,2.8,5.2,4.1,1,6.0,Average,Medium,Bachelor,Low,Yes,75.0,54.9
Male,20.0,81.0,0.5,7.7,1.6,4,3.0,Average,Medium,High School,Low,Yes,75.0,30.2
Female,18.0,77.5,4.6,7.9,3.4,0,1.0,Good,Medium,Bachelor,Low,No,75.0,71.8
Male,21.0,84.0,1.9,5.1,2.3,4,4.0,Poor,Medium,High School,Low,No,75.0,51.8
Male,18.0,91.1,3.9,5.5,2.4,3,1.0,Poor,Medium,High School,Low,Yes,75.0,59.5
Male,21.0,84.7,6.6,7.9,2.6,1,2.0,Poor,Medium,Master,Low,No,75.0,96.6
Male,19.0,82.8,2.1,6.3,2.8,1,3.0,Average,Medium,Master,Low,Yes,75.0,44.1
Male,21.0,85.6,0.0,3.8,2.4,3,8.0,Average,Medium,High School,Low,No,75.0,30.5
Male,24.0,79.0,3.1,4.8,2.8,0,10.0,Average,Medium,Bachelor,Low,No,75.0,63.7
Female,20.0,81.6,5.2,6.2,4.4,1,4.0,Poor,Medium,High School,Low,No,75.0,74.0
Male,17.0,64.1,6.4,5.1,3.7,6,4.0,Good,Medium,High School,Low,No,75.0,98.8
Female,21.0,94.7,1.7,6.0,3.5,5,10.0,Good,Medium,Bachelor,Low,No,75.0,53.0
Female,21.0,88.0,4.2,6.5,2.0,5,9.0,Average,Medium,High School,Low,No,75.0,84.6
Female,17.0,77.3,2.8,8.3,1.4,5,7.0,Poor,Medium,Master,Low,No,75.0,73.0
Male,20.0,100.0,3.3,6.2,3.6,2,2.0,Poor,Medium,High School,Low,No,75.0,57.1
Female,18.0,85.9,7.5,7.8,3.6,6,3.0,Average,Medium,Bachelor,Low,Yes,75.0,100.0
Male,21.0,74.6,1.2,8.2,4.3,2,4.0,Average,Medium,Bachelor,Low,No,75.0,36.2
Male,17.0,93.6,3.9,8.2,1.8,0,4.0,Average,Medium,High School,Low,No,75.0,65.6
Other,24.0,89.0,4.2,6.8,2.2,3,10.0,Good,Medium,High School,Low,Yes,75.0,87.5
Male,24.0,88.9,5.1,4.1,0.5,4,8.0,Average,Medium,Bachelor,Low,No,75.0,100.0
Female,19.0,80.7,3.6,7.1,2.0,6,10.0,Average,Medium,Bachelor,Low,Yes,75.0,85.6
Female,17.0,89.5,4.0,7.8,3.7,0,10.0,Average,Medium,High School,Low,No,75.0,89.4
Female,19.0,82.4,2.9,6.4,1.9,4,6.0,Good,Medium,Bachelor,Low,No,75.0,66.9
Female,24.0,90.6,3.9,8.6,3.3,0,3.0,Good,Medium,High School,Low,Yes,75.0,56.0
Male,20.0,66.0,3.0,7.5,2.3,2,9.0,Good,Medium,High School,Low,No,75.0,77.9
Male,18.0,80.7,4.4,7.2,2.9,5,10.0,Good,Medium,High School,Low,No,75.0,91.3
Female,17.0,100.0,2.9,7.8,1.1,3,8.0,Average,Medium,High School,Low,No,75.0,68.4
Male,23.0,77.3,4.1,6.9,2.6,2,9.0,Average,Medium,Bachelor,Low,No,75.0,85.3
Male,24.0,79.0,3.5,3.5,0.0,3,5.0,Good,Medium,Bachelor,Low,No,75.0,64.4
Male,24.0,80.5,5.2,5.9,2.3,6,3.0,Poor,Medium,Master,Low,No,75.0,82.8
Male,23.0,72.9,3.4,7.9,0.5,4,4.0,Good,Medium,Bachelor,Low,No,75.0,78.0
Male,22.0,62.9,0.8,5.5,3.9,0,5.0,Good,Medium,Master,Low,No,75.0,31.5
Male,24.0,82.7,5.4,6.2,3.4,1,9.0,Good,Medium,Bachelor,Low,No,75.0,92.3
Female,21.0,86.4,2.1,5.2,3.1,1,9.0,Poor,Medium,Bachelor,Low,No,75.0,50.1
Female,20.0,84.5,2.5,8.6,4.3,3,3.0,Good,Medium,Master,Low,No,75.0,49.4
Female,17.0,83.6,2.6,8.5,1.4,5,7.0,Average,Medium,Bachelor,Low,No,75.0,80.3
Male,23.0,85.4,5.6,5.4,4.6,5,6.0,Poor,Medium,High School,Low,No,75.0,89.7
Male,21.0,95.2,0.3,6.7,3.6,3,4.0,Average,Medium,Bachelor,Low,No,75.0,33.6
Male,23.0,83.1,8.2,5.7,2.2,2,5.0,Good,Medium,Master,Low,No,75.0,100.0
Female,17.0,79.3,5.1,7.2,3.9,1,10.0,Average,Medium,Bachelor,Low,No,75.0,90.6
Female,19.0,82.2,3.8,7.1,1.2,2,2.0,Average,Medium,Bachelor,Low,No,75.0,66.3
Male,17.0,90.8,3.4,7.5,1.5,4,7.0,Poor,Medium,Bachelor,Low,No,75.0,86.1
Female,22.0,99.1,3.9,6.9,1.8,1,4.0,Good,Medium,Master,Low,No,75.0,65.5
Male,17.0,78.7,4.3,10.0,1.9,4,2.0,Good,Medium,High School,Low,No,75.0,82.9
Female,17.0,86.0,4.5,5.3,1.2,0,6.0,Good,Medium,Bachelor,Low,No,75.0,76.3
Female,22.0,88.4,4.3,4.4,4.0,2,2.0,Average,Medium,High School,Low,Yes,75.0,59.0
Female,20.0,75.1,3.6,6.0,2.2,3,10.0,Average,Medium,Bachelor,Low,No,75.0,76.1
Female,24.0,85.2,3.2,4.6,2.9,1,2.0,Good,Medium,Bachelor,Low,No,75.0,40.3
Female,17.0,70.3,3.3,4.7,1.8,2,7.0,Average,Medium,High School,Low,No,75.0,65.2
Male,22.0,67.3,3.2,5.3,0.3,3,1.0,Good,Medium,High School,Low,Yes,75.0,43.9
Female,21.0,88.7,5.2,5.4,2.8,0,7.0,Good,Medium,Bachelor,Low,No,75.0,89.5
Male,19.0,81.2,4.4,5.4,0.2,1,10.0,Average,Medium,High School,Low,No,75.0,80.7
Female,19.0,87.0,0.0,7.1,2.4,4,5.0,Average,Medium,High School,Low,Yes,75.0,53.0
Female,17.0,84.8,4.5,5.9,0.9,0,1.0,Good,Medium,Bachelor,Low,No,75.0,70.6
Female,20.0,75.2,3.8,6.3,4.9,5,6.0,Average,Medium,High School,Low,No,75.0,65.5
Male,20.0,84.5,3.5,7.6,3.6,3,7.0,Average,Medium,High School,Low,No,75.0,75.1
Female,21.0,72.7,2.9,5.6,2.6,1,1.0,Good,Medium,Master,Low,No,75.0,43.5
Female,17.0,98.9,5.2,6.2,4.0,1,9.0,Average,Medium,High School,Low,No,75.0,80.6
Female,19.0,71.4,4.9,6.9,1.5,6,7.0,Good,Medium,High School,Low,No,75.0,88.2
Male,20.0,83.0,2.3,4.2,3.2,6,1.0,Poor,Medium,Bachelor,Low,No,75.0,48.5
Male,17.0,74.6,4.1,3.6,2.7,0,3.0,Good,Medium,Bachelor,Low,No,75.0,67.3
Male,23.0,90.7,2.0,6.9,2.8,1,5.0,Poor,Medium,Master,Low,No,75.0,50.7
Male,20.0,81.7,1.4,7.1,4.0,3,4.0,Poor,Medium,Master,Low,No,75.0,35.4
Female,22.0,79.8,2.6,9.0,3.4,0,2.0,Good,Medium,Bachelor,Low,No,75.0,49.1
Male,23.0,93.5,4.8,6.7,2.8,4,1.0,Good,Medium,High School,Low,No,75.0,85.4
Other,24.0,85.3,4.9,7.5,0.5,0,4.0,Average,Medium,High School,Low,No,75.0,83.9
Male,20.0,90.2,4.3,6.3,1.3,0,7.0,Average,Medium,High School,Low,Yes,75.0,90.4
Male,19.0,75.2,4.6,6.9,2.4,4,4.0,Good,Medium,High School,Low,No,75.0,87.8
Female,18.0,71.0,4.3,8.5,2.6,5,9.0,Average,Medium,Bachelor,Low,No,75.0,87.5
Female,23.0,86.1,2.5,4.0,1.1,6,8.0,Good,Medium,Bachelor,Low,No,75.0,58.2
Female,24.0,81.8,4.1,7.0,5.4,3,8.0,Good,Medium,High School,Low,No,75.0,73.2
Female,21.0,91.3,4.7,9.1,4.3,5,5.0,Good,Medium,Bachelor,Low,No,75.0,83.5
Female,21.0,84.2,4.6,6.8,3.2,5,1.0,Average,Medium,High School,Low,No,75.0,77.6
Male,19.0,87.1,5.3,8.5,2.6,5,9.0,Average,Medium,High School,Low,Yes,75.0,98.4
Other,20.0,68.8,4.6,5.7,2.2,6,2.0,Good,Medium,Bachelor,Low,No,75.0,78.5
Other,17.0,100.0,4.0,6.5,1.4,2,6.0,Poor,Medium,High School,Low,Yes,75.0,81.1
Female,20.0,83.4,5.1,6.5,2.6,6,10.0,Average,Medium,High School,Low,No,75.0,100.0
Male,19.0,92.0,3.5,3.8,2.8,5,5.0,Poor,Medium,High School,Low,No,75.0,58.7
Female,21.0,76.6,2.2,5.1,1.0,2,10.0,Poor,Medium,High School,Low,No,75.0,62.6
Male,20.0,88.1,3.3,5.2,2.9,4,8.0,Average,Medium,Bachelor,Low,No,75.0,60.3
Male,21.0,72.0,2.4,7.5,2.3,6,3.0,Average,Medium,Master,Low,No,75.0,63.9
Male,23.0,89.5,2.5,7.5,0.2,3,6.0,Good,Medium,High School,Low,Yes,75.0,80.0
Male,24.0,81.4,3.3,6.9,1.5,5,6.0,Average,Medium,High School,Low,Yes,75.0,62.6
Female,17.0,85.3,2.3,7.5,2.0,1,10.0,Average,Medium,Bachelor,Low,No,75.0,71.4
Female,23.0,92.0,3.0,6.3,4.8,4,3.0,Poor,Medium,Master,Low,Yes,75.0,60.6
Female,21.0,72.7,0.7,7.9,3.2,2,7.0,Good,Medium,High School,Low,Yes,75.0,47.2
Male,21.0,78.2,3.8,6.5,0.9,6,4.0,Average,Medium,High School,Low,No,75.0,78.1
Male,18.0,89.6,3.5,6.6,3.1,3,5.0,Good,Medium,Bachelor,Low,No,75.0,75.5
Male,18.0,100.0,2.3,6.2,0.6,0,9.0,Good,Medium,Bachelor,Low,No,75.0,73.5
Other,23.0,83.6,4.5,7.3,3.8,3,6.0,Poor,Medium,High School,Low,No,75.0,74.6
Male,22.0,90.9,4.9,6.0,1.9,3,10.0,Average,Medium,Bachelor,Low,No,75.0,98.7
Female,23.0,83.9,1.1,7.7,2.4,5,4.0,Average,Medium,High School,Low,No,75.0,49.2
Female,18.0,100.0,2.4,5.1,4.1,5,8.0,Good,Medium,Bachelor,Low,No,75.0,67.4
Male,21.0,67.5,2.3,5.2,1.0,6,9.0,Good,Medium,Bachelor,Low,No,75.0,72.5
Female,19.0,85.9,2.1,7.3,0.8,6,10.0,Good,Medium,Master,Low,No,75.0,68.4
Female,23.0,68.7,4.7,6.4,1.8,2,5.0,Average,Medium,High School,Low,No,75.0,70.0
Female,21.0,59.9,3.2,6.0,3.7,6,2.0,Good,Medium,High School,Low,No,75.0,56.1
Female,19.0,88.0,3.1,7.6,0.7,2,6.0,Poor,Medium,High School,Low,Yes,75.0,81.5
Male,19.0,86.4,0.5,5.8,0.0,5,8.0,Poor,Medium,Master,Low,Yes,75.0,45.0
Male,18.0,82.2,4.5,6.3,2.0,5,5.0,Good,Medium,High School,Low,Yes,75.0,84.4
Female,23.0,83.9,1.6,8.2,3.2,1,1.0,Good,Medium,High School,Low,No,75.0,36.8
Female,20.0,100.0,3.6,8.3,3.9,1,8.0,Poor,Medium,High School,Low,No,75.0,65.6
Male,17.0,82.4,3.9,8.4,1.9,4,9.0,Poor,Medium,Bachelor,Low,No,75.0,93.5
Female,18.0,90.1,5.5,6.2,2.0,5,1.0,Poor,Medium,High School,Low,No,75.0,93.7
Female,18.0,78.5,1.5,8.0,3.9,0,8.0,Poor,Medium,High School,Low,No,75.0,42.3
Female,20.0,88.0,0.0,5.4,0.3,1,10.0,Average,Medium,High School,Low,Yes,75.0,53.3
Male,17.0,82.6,3.8,5.4,2.0,2,2.0,Good,Medium,Master,Low,No,75.0,65.9
Female,21.0,80.9,6.2,3.7,2.7,3,4.0,Good,Medium,Bachelor,Low,No,75.0,87.9
Female,22.0,100.0,5.4,8.5,3.0,6,2.0,Good,Medium,Bachelor,Low,No,75.0,94.5
Male,23.0,96.8,3.8,5.5,1.9,6,2.0,Good,Medium,Master,Low,No,75.0,77.8
Male,22.0,86.4,2.8,6.3,2.5,4,10.0,Average,Medium,Master,Low,Yes,75.0,74.6
Other,21.0,62.0,4.7,5.4,0.0,1,3.0,Good,Medium,High School,Low,Yes,75.0,67.5
Male,24.0,81.4,2.0,7.3,1.7,3,8.0,Good,Medium,Master,Low,Yes,75.0,66.5
Female,18.0,100.0,4.2,6.0,3.0,3,4.0,Average,Medium,High School,Low,No,75.0,78.4
Female,17.0,82.7,4.3,4.9,1.3,1,7.0,Good,Medium,High School,Low,No,75.0,84.9
Male,18.0,96.0,5.1,7.0,2.6,0,10.0,Average,Medium,Master,Low,No,75.0,96.6
Female,19.0,99.4,7.6,4.8,3.0,0,3.0,Good,Medium,High School,Low,No,75.0,100.0
Male,18.0,87.2,4.1,5.5,2.1,4,10.0,Good,Medium,High School,Low,No,75.0,83.1
Female,18.0,76.6,2.7,4.0,2.7,0,3.0,Average,Medium,High School,Low,No,75.0,36.9
Male,21.0,60.6,3.5,4.8,1.3,4,2.0,Good,Medium,Bachelor,Low,Yes,75.0,60.0
Female,21.0,91.8,0.8,6.7,2.3,2,6.0,Poor,Medium,High School,Low,No,75.0,44.3
Male,21.0,76.9,2.5,4.1,3.2,1,6.0,Good,Medium,Bachelor,Low,No,75.0,41.6
Male,22.0,86.8,2.9,4.7,2.7,3,1.0,Average,Medium,Master,Low,Yes,75.0,45.5
Other,19.0,72.5,2.7,6.5,1.8,4,7.0,Poor,Medium,Bachelor,Low,No,75.0,68.2
Male,24.0,82.3,3.7,5.8,2.8,6,4.0,Average,Medium,High School,Low,No,75.0,75.5
Female,24.0,85.3,2.3,8.9,3.4,0,3.0,Good,Medium,Master,Low,No,75.0,40.9
Male,21.0,87.7,5.2,8.7,0.0,6,8.0,Poor,Medium,High School,Low,No,75.0,100.0
Female,17.0,73.9,3.5,5.5,3.9,4,2.0,Good,Medium,High School,Low,No,75.0,65.6
Male,22.0,97.0,3.5,7.2,2.1,5,9.0,Poor,Medium,High School,Low,No,75.0,75.9
Other,20.0,79.0,3.0,7.4,3.0,4,8.0,Good,Medium,Bachelor,Low,Yes,75.0,69.8
Male,17.0,68.3,3.7,5.8,3.9,0,8.0,Good,Medium,High School,Low,Yes,75.0,66.6
Male,23.0,83.9,4.7,4.7,0.9,5,3.0,Average,Medium,High School,Low,Yes,75.0,84.5
Male,23.0,85.3,2.2,6.5,1.6,5,4.0,Average,Medium,High School,Low,Yes,75.0,65.6
Male,17.0,86.6,2.5,6.3,2.2,0,2.0,Good,Medium,High School,Low,No,75.0,46.8
Female,21.0,98.6,3.0,6.0,1.6,5,2.0,Good,Medium,Bachelor,Low,No,75.0,67.7
Male,20.0,82.6,1.5,7.0,4.6,1,4.0,Good,Medium,Bachelor,Low,Yes,75.0,45.4
Female,20.0,83.8,2.3,5.6,1.5,3,6.0,Average,Medium,Bachelor,Low,No,75.0,57.0
Male,22.0,74.0,2.8,5.1,1.8,6,5.0,Average,Medium,High School,Low,Yes,75.0,58.4
Male,20.0,93.2,4.8,6.6,2.7,1,1.0,Good,Medium,High School,Low,No,75.0,70.8
Female,23.0,86.8,3.9,7.0,1.1,1,10.0,Average,Medium,Master,Low,No,75.0,75.7
Female,19.0,80.8,3.8,5.1,2.0,0,1.0,Average,Medium,High School,Low,No,75.0,55.7
Male,21.0,66.0,4.8,7.6,2.9,0,6.0,Average,Medium,Master,Low,No,75.0,82.1
Male,20.0,99.4,3.3,4.4,2.1,6,3.0,Good,Medium,High School,Low,No,75.0,71.4
Male,22.0,72.7,4.1,5.8,2.4,3,3.0,Good,Medium,Master,Low,No,75.0,66.7
Female,23.0,79.1,3.3,6.2,1.9,4,7.0,Average,Medium,High School,Low,No,75.0,70.9
Female,19.0,88.6,3.9,5.7,0.7,1,1.0,Poor,Medium,High School,Low,Yes,75.0,73.0
Male,18.0,73.0,2.6,5.8,2.9,5,1.0,Poor,Medium,Bachelor,Low,Yes,75.0,53.9
Female,18.0,70.1,0.0,8.7,4.6,3,10.0,Average,Medium,Bachelor,Low,Yes,75.0,43.4
Female,19.0,63.8,3.3,5.5,2.5,1,3.0,Average,Medium,High School,Low,No,75.0,55.4
Female,23.0,92.2,5.6,9.4,2.8,4,8.0,Good,Medium,Bachelor,Low,Yes,75.0,100.0
Female,22.0,79.5,4.9,7.0,3.3,5,1.0,Average,Medium,Bachelor,Low,No,75.0,71.8
Male,19.0,100.0,4.9,6.6,1.0,1,10.0,Average,Medium,High School,Low,No,75.0,89.2
Male,21.0,75.1,5.4,7.1,4.5,2,4.0,Good,Medium,High School,Low,No,75.0,83.9
Male,21.0,75.8,3.6,9.5,2.7,6,9.0,Average,Medium,High School,Low,No,75.0,89.1
Male,18.0,79.3,3.8,5.3,4.5,3,4.0,Good,Medium,High School,Low,Yes,75.0,53.5
Female,20.0,87.4,2.6,5.2,1.6,6,10.0,Poor,Medium,Bachelor,Low,Yes,75.0,72.9
Female,22.0,80.3,3.0,5.6,4.7,0,8.0,Average,Medium,High School,Low,No,75.0,61.0
Male,18.0,91.1,4.4,6.5,3.4,1,7.0,Good,Medium,High School,Low,No,75.0,69.1
Male,20.0,75.2,5.3,4.4,3.2,5,3.0,Good,Medium,High School,Low,No,75.0,77.2
Male,20.0,71.2,3.3,6.5,2.8,5,7.0,Average,Medium,Bachelor,Low,Yes,75.0,71.9
Female,24.0,67.0,2.8,8.5,2.2,3,7.0,Good,Medium,High School,Low,No,75.0,74.7
Male,21.0,62.8,3.5,6.7,3.9,3,10.0,Good,Medium,High School,Low,Yes,75.0,74.5
Female,23.0,79.8,4.4,6.1,2.7,6,3.0,Average,Medium,High School,Low,No,75.0,85.4
Male,17.0,82.0,1.3,5.8,0.1,5,2.0,Average,Medium,Master,Low,No,75.0,44.3
Male,23.0,78.7,0.1,7.6,1.2,5,9.0,Good,Medium,High School,Low,No,75.0,53.4
Other,17.0,97.4,2.7,5.5,2.3,5,1.0,Average,Medium,Bachelor,Low,Yes,75.0,57.4
Other,19.0,97.3,1.7,8.7,2.9,1,7.0,Good,Medium,High School,Low,Yes,75.0,53.6
Male,21.0,81.7,2.7,8.8,2.4,5,4.0,Good,Medium,High School,Low,No,75.0,58.8
Female,20.0,67.1,3.3,6.8,4.0,0,2.0,Good,Medium,Bachelor,Low,No,75.0,43.5
Female,22.0,79.3,2.8,6.5,0.2,5,2.0,Average,Medium,High School,Low,No,75.0,65.6
Female,17.0,79.0,5.7,7.7,2.7,0,8.0,Average,Medium,Master,Low,No,75.0,89.8
Male,23.0,78.4,4.0,7.8,0.3,1,7.0,Good,Medium,Master,Low,No,75.0,89.5
Female,20.0,78.0,4.0,5.5,3.4,3,7.0,Average,Medium,Bachelor,Low,Yes,75.0,68.8
Female,17.0,78.5,4.4,5.9,2.4,0,5.0,Average,Medium,Bachelor,Low,No,75.0,76.8
Female,17.0,81.1,1.8,4.9,3.0,1,10.0,Average,Medium,High School,Low,No,75.0,47.5
Male,24.0,78.6,5.1,7.0,1.5,5,8.0,Poor,Medium,High School,Low,No,75.0,89.3
Male,17.0,87.1,3.4,7.3,4.0,1,2.0,Good,Medium,Master,Low,Yes,75.0,62.0
Male,22.0,88.6,4.5,4.9,3.8,5,2.0,Average,Medium,Bachelor,Low,No,75.0,66.1
Female,21.0,75.9,1.9,6.0,3.2,6,5.0,Good,Medium,Bachelor,Low,No,75.0,41.7
Male,22.0,97.7,1.2,4.9,2.3,1,1.0,Poor,Medium,High School,Low,No,75.0,28.0
Female,18.0,75.2,4.7,5.4,3.2,3,6.0,Good,Medium,High School,Low,No,75.0,71.0
Other,20.0,68.8,4.1,7.2,1.7,0,4.0,Average,Medium,Master,Low,Yes,75.0,67.5
Male,21.0,88.8,2.1,5.6,3.5,6,6.0,Good,Medium,High School,Low,No,75.0,63.4
Female,24.0,76.8,2.2,6.1,4.5,3,7.0,Good,Medium,High School,Low,No,75.0,50.2
Male,21.0,88.2,5.2,4.5,3.8,2,3.0,Poor,Medium,High School,Low,No,75.0,72.0
Female,21.0,61.0,1.7,6.7,1.6,5,8.0,Good,Medium,Bachelor,Low,No,75.0,67.9
Male,23.0,98.9,6.0,6.4,2.9,0,7.0,Average,Medium,High School,Low,Yes,75.0,100.0
Female,21.0,91.7,2.1,5.6,0.9,3,1.0,Good,Medium,Bachelor,Low,No,75.0,55.0
Female,24.0,70.0,4.5,6.3,3.2,0,6.0,Good,Medium,High School,Low,Yes,75.0,59.9
Female,22.0,70.2,3.0,6.7,3.0,2,7.0,Good,Medium,Master,Low,No,75.0,63.2
Female,21.0,100.0,4.4,5.5,0.3,4,4.0,Good,Medium,Bachelor,Low,No,75.0,84.5
Female,19.0,77.6,2.7,4.7,1.1,5,2.0,Average,Medium,High School,Low,No,75.0,50.8
Female,20.0,76.7,3.3,8.7,2.2,5,10.0,Poor,Medium,Bachelor,Low,No,75.0,94.0
Female,21.0,62.3,3.6,5.7,2.1,1,9.0,Average,Medium,High School,Low,Yes,75.0,65.6
Female,20.0,81.5,2.0,6.4,1.0,5,7.0,Average,Medium,High School,Low,No,75.0,61.7
Male,19.0,82.7,4.6,7.7,3.0,5,1.0,Good,Medium,Master,Low,No,75.0,66.0
Female,19.0,92.2,2.7,10.0,2.8,3,8.0,Average,Medium,High School,Low,Yes,75.0,86.9
Female,20.0,71.0,3.2,5.0,2.3,6,3.0,Good,Medium,High School,Low,No,75.0,59.6
Female,17.0,69.8,2.0,7.0,1.6,5,4.0,Average,Medium,High School,Low,No,75.0,49.1
Male,18.0,89.5,0.0,5.7,3.8,5,5.0,Average,Medium,High School,Low,Yes,75.0,31.1
Female,23.0,95.1,3.2,5.9,4.5,2,1.0,Good,Medium,Master,Low,No,75.0,45.7
Male,17.0,69.3,7.1,5.6,1.9,6,6.0,Average,Medium,High School,Low,Yes,75.0,100.0
Female,17.0,95.8,4.7,5.1,1.8,2,10.0,Good,Medium,Master,Low,No,75.0,81.1
Male,22.0,85.4,3.5,6.5,3.1,0,6.0,Average,Medium,Master,Low,Yes,75.0,55.1
Female,23.0,95.9,3.1,4.7,2.1,0,2.0,Good,Medium,High School,Low,No,75.0,53.3
Other,23.0,84.3,3.5,7.6,2.3,5,10.0,Poor,Medium,High School,Low,No,75.0,89.1
Male,17.0,59.8,4.3,6.6,3.4,5,6.0,Average,Medium,Master,Low,No,75.0,77.3
Other,21.0,83.5,1.7,7.0,0.2,1,8.0,Good,Medium,High School,Low,No,75.0,56.4
Male,22.0,95.6,5.2,5.9,4.1,0,6.0,Good,Medium,High School,Low,No,75.0,76.1
Female,22.0,76.1,4.6,6.1,2.6,3,4.0,Average,Medium,High School,Low,No,75.0,74.6
Female,19.0,81.1,4.6,6.8,2.0,5,4.0,Average,Medium,Bachelor,Low,Yes,75.0,83.0
Female,24.0,83.2,4.2,5.1,2.4,3,9.0,Average,Medium,Bachelor,Low,No,75.0,85.9
Female,23.0,56.0,3.5,6.1,2.5,5,6.0,Average,Medium,High School,Low,No,75.0,64.5
Female,17.0,100.0,4.5,5.5,0.4,3,8.0,Good,Medium,High School,Low,No,75.0,91.9
Male,19.0,76.0,4.4,5.4,4.3,4,8.0,Good,Medium,Master,Low,No,75.0,74.6
Male,20.0,90.1,3.0,4.0,2.5,3,7.0,Poor,Medium,Bachelor,Low,No,75.0,70.9
Female,18.0,84.1,2.6,8.1,3.0,6,3.0,Average,Medium,Bachelor,Low,No,75.0,66.7
Female,24.0,97.6,3.7,5.7,3.6,0,10.0,Good,Medium,Bachelor,Low,No,75.0,77.4
Female,24.0,89.1,5.8,7.9,1.3,5,1.0,Average,Medium,High School,Low,Yes,75.0,99.0
Female,24.0,82.7,1.6,7.8,3.1,0,5.0,Good,Medium,Bachelor,Low,No,75.0,43.5
Male,22.0,76.1,1.3,5.0,2.2,6,10.0,Poor,Medium,High School,Low,No,75.0,53.4
Female,20.0,93.0,3.7,5.2,3.5,6,10.0,Good,Medium,High School,Low,No,75.0,81.0
Male,24.0,66.3,3.6,9.6,0.0,3,2.0,Average,Medium,Bachelor,Low,No,75.0,66.2
Female,20.0,91.5,3.8,8.6,2.4,2,10.0,Good,Medium,High School,Low,Yes,75.0,88.0
Male,21.0,74.0,3.9,6.5,1.8,2,2.0,Average,Medium,Master,Low,No,75.0,64.4
Male,24.0,97.5,3.2,6.8,3.0,6,7.0,Average,Medium,High School,Low,No,75.0,82.4
Male,18.0,86.6,5.7,5.7,3.1,2,3.0,Good,Medium,Master,Low,Yes,75.0,80.9
Male,20.0,91.4,1.1,7.0,1.7,5,8.0,Poor,Medium,Master,Low,No,75.0,59.6
Female,20.0,85.8,2.3,5.6,1.6,1,9.0,Average,Medium,High School,Low,Yes,75.0,56.2
Male,18.0,67.5,3.3,4.1,2.4,4,8.0,Average,Medium,Bachelor,Low,No,75.0,72.5
Male,24.0,76.4,1.0,4.9,1.4,3,6.0,Average,Medium,High School,Low,Yes,75.0,47.6
Male,18.0,91.7,3.2,6.5,3.5,1,5.0,Good,Medium,Master,Low,No,75.0,63.6
Male,20.0,86.7,6.0,5.1,2.1,2,3.0,Good,Medium,High School,Low,No,75.0,85.3
Male,18.0,96.8,3.5,6.4,0.0,3,3.0,Poor,Medium,Bachelor,Low,No,75.0,71.8
Male,20.0,89.0,3.8,5.2,2.1,1,7.0,Good,Medium,High School,Low,No,75.0,70.9
Female,20.0,75.3,1.6,5.6,1.3,0,5.0,Average,Medium,High School,Low,No,75.0,41.7
Female,21.0,77.0,2.6,7.5,0.5,2,6.0,Good,Medium,High School,Low,No,75.0,76.1
Female,17.0,86.0,2.9,6.8,1.0,1,6.0,Average,Medium,High School,Low,Yes,75.0,65.9
Male,20.0,61.9,3.0,6.5,2.6,5,9.0,Good,Medium,Bachelor,Low,No,75.0,64.4
Male,24.0,100.0,5.4,7.6,4.1,0,1.0,Average,Medium,Bachelor,Low,Yes,75.0,69.7
Female,19.0,89.4,4.3,7.1,2.9,2,8.0,Average,Medium,Bachelor,Low,No,75.0,74.9
